<?xml version="1.0" encoding="UTF-8"?>
<modeldata xmlns="simspec.core.simulation.kalypso.org" xmlns:xsi="http://www.w3.org/2001/XMLSchema-instance" typeID="KalypsoModel1D2D">
    <input id="DiscretisationModel" path="models/discretisation.gml" relativeToCalcCase="true"/>
<!--    <input id="OperationalModel" path="models/operational.gml" relativeToCalcCase="true"/>
    <input id="FlowResistanceModel" path="models/flowResistance.gml" relativeToCalcCase="true"/>
	<input id="FlowRelationshipModel" path="models/flowRelationship.gml" relativeToCalcCase="true"/> -->
	<input id="SimulationControlModel" path="control.gml" relativeToCalcCase="true"/>
	<input id="Roughness" path=".metadata/roughness.gml" relativeToCalcCase="false"/>
	

	<output id="SimulationResultModel" path="/results/simulationResult.gml" />
	<output id="RESULT_DIR_NAME" path="Ergebnisse" relativeToCalcCase="true"/>
</modeldata>

