<?xml version="1.0" encoding="UTF-8"?>
<modeldata xmlns="simspec.core.simulation.kalypso.org" xmlns:xsi="http://www.w3.org/2001/XMLSchema-instance" typeID="KalypsoModel1D2D">
    <input id="DiscretisationModel" path="models/discretisation.gml" relativeToCalcCase="true"/>
    <input id="OperationalModel" path="models/operational.gml" relativeToCalcCase="true"/>
	<input id="FlowRelationshipModel" path="models/flowrelations.gml" relativeToCalcCase="true"/>
	<input id="TerrainModel" path="models/terrain.gml" relativeToCalcCase="true"/>
	<input id="SimulationControlModel" path="models/control.gml" relativeToCalcCase="true"/>
	<input id="Roughness" path=".metadata/roughness.gml" relativeToCalcCase="false"/>

	<output id="NodeResultModel" path="results/nodeResult.gml" relativeToCalcCase="true"/>
	<output id="RESULT_DIR_NAME" path="results" relativeToCalcCase="true"/>
    <output id="RESULT_2d_ZIP" path="results/2dResults.zip" relativeToCalcCase="true"/>
</modeldata>

