<?xml version="1.0" encoding="UTF-8"?>
<modeldata xmlns="simspec.core.simulation.kalypso.org" xmlns:xsi="http://www.w3.org/2001/XMLSchema-instance" typeID="KalypsoModel1D2D">
    <input id="DiscretisationModel" path="models/discretisation.gml" relativeToCalcCase="true"/>
	<input id="FlowRelationshipModel" path="models/flowrelations.gml" relativeToCalcCase="true"/>
	<input id="TerrainModel" path="models/terrain.gml" relativeToCalcCase="true"/>
	<input id="SimulationControlModel" path="models/control.gml" relativeToCalcCase="true"/>
	<input id="Roughness" path=".metadata/roughness.gml" relativeToCalcCase="false"/>

    <input id="ResultTemplate" path=".metadata/result/generel.zip" relativeToCalcCase="false"/>
    <input id="ResultStepTemplate" path=".metadata/result/step.zip" relativeToCalcCase="false"/>

<output id="RESULT_DIR_NAME" path="results" relativeToCalcCase="true"/>
</modeldata>

