<?xml version="1.0" encoding="UTF-8" standalone="yes"?>
<!-- Replaced 'http://www.tu-harburg.de/wb/kalypso/kb/workflow/test#' by 'http___www.tu-harburg.de_wb_kalypso_kb_workflow_test__' in order to have valid ID's  -->
<Workflow URI="http___www.tu-harburg.de_wb_kalypso_kb_workflow_test__WF_Kalypso1D2D"
	xmlns="http://www.renew.de/workflow/base" xmlns:con="http://www.renew.de/workflow/contexts"
	xmlns:xsi="http://www.w3.org/2001/XMLSchema-instance">
	<Help>NONE</Help>
	<Name>Kalypso1D2D-Workflow</Name>
	<TaskGroup URI="http___www.tu-harburg.de_wb_kalypso_kb_workflow_test__Preprocessing">
		<Help>
			<![CDATA[Im Modellaufbau werden alle notwendigen Daten für die Berechnung mit Kalypso-1D-2D zusammengestellt und aufgebaut.
Es lässt sich zwischen den verschiedenen Arbeitsphasen für die unterschiedlichen Netzarten (1D oder 2D) unterscheiden. 
Wechseln Sie durch Aktivieren der entsprechenden Taskgruppe den Bearbeitungsmodus des gewünschten Datensatzes.]]>
		</Help>
		<Name>Preprocessing: Modellaufbau</Name>
		<TaskGroup URI="http___www.tu-harburg.de_wb_kalypso_kb_workflow_test__DataLoad">
			<Help>Daten aus dem Dateisystem in das Projekt laden</Help>
			<Name>Daten laden</Name>
			<Task context="ImportBaseMap" URI="http___www.tu-harburg.de_wb_kalypso_kb_workflow_test__MapLoad">
				<Help>Einladen von Hintergrundkarten</Help>
				<Name>Import von Hintergrundkarten</Name>
			</Task>
			<!-- 
				<Task context="ImportElevation" URI="http___www.tu-harburg.de_wb_kalypso_kb_workflow_test__ElevLoad">
				<Help>Einladen von Höhendaten</Help>
				<Name>Import von Höhendaten</Name>
				</Task>
			-->
			<Task context="FenetMap" URI="http___www.tu-harburg.de_wb_kalypso_kb_workflow_test__ElevLoad">
				<Help>Einladen von Höhendaten</Help>
				<Name>Import von Höhendaten</Name>
			</Task>
			<!--		
				<Task context="BaseMap" URI="http___www.tu-harburg.de_wb_kalypso_kb_workflow_test__RivNetLoad">
				<Help>Einladen von Gewässernetzwerkdaten mit Kilometrierung (SHP)</Help>
				<Name>Import eines Gewässernetzes</Name>
				</Task>
				<TaskGroup context="BaseMap" URI="http___www.tu-harburg.de_wb_kalypso_kb_workflow_test__ProfImpLoad">
				<Help>Einladen von 1D-Profildaten (WSPWIN/DA66)</Help>
				<Name>Import von 1D-Profilen</Name>
				</TaskGroup>
			-->
			<Task context="ImportRoughness" URI="http___www.tu-harburg.de_wb_kalypso_kb_workflow_test__RoughLoad">
				<Help>
					<![CDATA[Einladen von Polygonen zur Rauheitszonenabgrenzung]]>
				</Help>
				<Name>Import von Rauheitsshapes</Name>
			</Task>
			<Task context="ImportObservations" URI="http___www.tu-harburg.de_wb_kalypso_kb_workflow_test__TimeSerLoad">
				<Help>Einladen von Zeitreihendaten</Help>
				<Name>Import von Zeitreihen</Name>
			</Task>
			<!-- 
				<Task context="ImportShape" URI="http___www.tu-harburg.de_wb_kalypso_kb_workflow_test__ShapeImport">
				<Help>Einladen genereller Daten (SHP)</Help>
				<Name>Import von Shapedateien</Name>
				</Task>
			-->
			<Task context="FenetMap" URI="http___www.tu-harburg.de_wb_kalypso_kb_workflow_test__ProfileImport">
				<Help>
					<![CDATA[Einladen von ASCII-Profildaten (Station, Rechtswert, Hochwert, Höhe)]]>
				</Help>
				<Name>Import von Profildaten (Trippel)</Name>
			</Task>
		</TaskGroup>
		<TaskGroup URI="http___www.tu-harburg.de_wb_kalypso_kb_workflow_test__NetCstr">
			<Help>
				<![CDATA[Bereitstellung aller Bearbeitungsoptionen zum Aufbau eines gekoppelten 1D-2D-Netzes.]]>
			</Help>
			<Name>Netzaufbau</Name>
			<TaskGroup URI="http___www.tu-harburg.de_wb_kalypso_kb_workflow_test__Net1DRivGroup">
				<Help></Help>
				<Name>1D-Gewässernetz</Name>
				<TaskGroup URI="http___www.tu-harburg.de_wb_kalypso_kb_workflow_test__Net1DImport">
					<Help>
						<![CDATA[Importieren von 1D-Finite-Elementen von externen Datenquellen]]>
					</Help>
					<Name>Fremddaten importieren</Name>
					<!-- <Task context="ImportWSPM" URI="http___www.tu-harburg.de_wb_kalypso_kb_workflow_test__Net1DImportWspm"> 
						<Help>FE-1D-Netz aus stationärem Modell (WSPM) erzeugen</Help>
						<Name>WSPM Modell</Name>
						</Task>
					-->
					<Task context="Context1dElementTheme"
						URI="http___www.tu-harburg.de_wb_kalypso_kb_workflow_test__Net1DImportWspm">
						<Help>
							<![CDATA[FE-1D-Netz aus stationärem Modell (WSPM) erzeugen.]]>
						</Help>
						<Name>WSPM Modell</Name>
					</Task>
					<Task context="FenetMapWithProfileView"
						URI="http___www.tu-harburg.de_wb_kalypso_kb_workflow_test__AddProfileNetworkToMap">
						<Help>Zeigt Profile als Thema in der Karte an</Help>
						<Name>Profile in Karte anzeigen</Name>
					</Task>
				</TaskGroup>
				<Task type="ASYNCHRONOUS" context="Context1dElementTheme" URI="http___www.tu-harburg.de_wb_kalypso_kb_workflow_test__Edit1DNet">
					<Help>Bearbeitung von 1D-Elementen</Help>
					<Name>Netz bearbeiten</Name>
				</Task>
				<Task type="ASYNCHRONOUS" context="FlowRelationshipTheme"
					URI="http___www.tu-harburg.de_wb_kalypso_kb_workflow_test__Edit1DNetParameters">
					<Help>Bearbeitung von 1D Parametern</Help>
					<Name>Netzparameter bearbeiten</Name>
				</Task>
			</TaskGroup>
			<!--  What does the Kanalnetz mean?
				<TaskGroup context="FenetMap" URI="http___www.tu-harburg.de_wb_kalypso_kb_workflow_test__Net1DChanGroup">
				<Help></Help>
				<Name>1D-Kanalnetz</Name>
				</TaskGroup>
			-->
			<TaskGroup URI="http___www.tu-harburg.de_wb_kalypso_kb_workflow_test__Net2DGroup">
				<Help></Help>
				<Name>2D-Netz</Name>
				<Task context="Import2dNet" URI="http___www.tu-harburg.de_wb_kalypso_kb_workflow_test__Net2DImport">
					<Help>Importiert ein 2D-Netz (BCE 2D Format)</Help>
					<Name>2D-Netz importieren</Name>
				</Task>
				<Task type="ASYNCHRONOUS" context="Context2dElementTheme" URI="http___www.tu-harburg.de_wb_kalypso_kb_workflow_test__EditNet2D">
					<Help>Bearbeitung von 2D-Elementen</Help>
					<Name>Netz bearbeiten</Name>
				</Task>
				<Task type="ASYNCHRONOUS" context="FenetMap" URI="http___www.tu-harburg.de_wb_kalypso_kb_workflow_test__Chan2DGen">
					<Help>
						<![CDATA[Generiert Flussschlauchelemente aus Profilendaten. 
Vorraussetzung hierfür ist ein in der Karte vorhandenes Profillinienthema,
sowie ein Thema, welches die Uferbereiche definiert.]]>
					</Help>
					<Name>Flussschlauchgenerator</Name>
				</Task>
				<Task type="ASYNCHRONOUS" context="FenetMap" URI="http___www.tu-harburg.de_wb_kalypso_kb_workflow_test__BandGen">
					<Help>
						<![CDATA[Generiert ein regelmäßiges 2D-Elementenetz mittels Definition vier gegenüberliegender Linienzüge.]]>
					</Help>
					<Name>Bandgenerator</Name>
				</Task>

				<Task type="ASYNCHRONOUS" context="FenetMap" URI="http___www.tu-harburg.de_wb_kalypso_kb_workflow_test__AssignElevs">
					<Help>
						<![CDATA[Weist den FE-2D-Elementknoten mittels zuvor importierter Geländemodelle Höhen zu.]]>
					</Help>
					<Name>Höhen zuweisen</Name>
				</Task>
		<!--  		<Task context="Context2dElementTheme"
					URI="http___www.tu-harburg.de_wb_kalypso_kb_workflow_test__CalculationUnit">
					<Help>
						<![CDATA[Berechnungseinheiten modellieren]]>
					</Help>
					<Name>Berechnungseinheiten modellieren</Name>
				</Task> -->
				<!--
				<Task context="Context2dElementTheme"
					URI="http___www.tu-harburg.de_wb_kalypso_kb_workflow_test__CalculationProblemsUnit">
					<Help>
					<![CDATA[Berechnungseinheiten modellieren]]>
					</Help>
					<Name>Berechnungseinheiten modellieren-1</Name>
				</Task>
				-->
			</TaskGroup>
			<!--
				<TaskGroup context="FenetMap" URI="http___www.tu-harburg.de_wb_kalypso_kb_workflow_test__CntrStrcGroup">
				<Help></Help>
				<Name>Bauwerkselemente</Name>
				</TaskGroup>
			-->
			<TaskGroup URI="http___www.tu-harburg.de_wb_kalypso_kb_workflow_test__TransGroup">
				<Help></Help>
				<Name>Berechnungseinheiten und Randbedingungen</Name>
				<Task type="ASYNCHRONOUS" context="ContLineTheme" URI="http___www.tu-harburg.de_wb_kalypso_kb_workflow_test__ContilineGen">
					<Help>Definieren von Rand- und Übergangslinien von Modellierungseinheiten (keine Ausgabedefinition)</Help>
					<Name>Ränder und Übergänge definieren</Name>
				</Task>
				<Task type="ASYNCHRONOUS" context="BoundaryConditionTheme" 
					URI="http___www.tu-harburg.de_wb_kalypso_kb_workflow_test__BCDef">
					<Help>
						<![CDATA[Festlegung von Knoten- und Linienrandbedingungen für die Berechnung.]]>
					</Help>
					<Name>Randbedingungen</Name>
				</Task>		
				<Task type="ASYNCHRONOUS" context="FenetMap"
					URI="http___www.tu-harburg.de_wb_kalypso_kb_workflow_test__CalculationUnit">
					<Help>
						<![CDATA[Berechnungseinheiten modellieren]]>
					</Help>
					<Name>Berechnungseinheiten modellieren</Name>
				</Task>
				<Task context="JunctionContextTheme"
					URI="http___www.tu-harburg.de_wb_kalypso_kb_workflow_test__SetEltLineTrans">
					<Help>
						<![CDATA[Ermöglicht die Erstellung einer Kopplung von 1D zu 2D zwischen einem 1D-Element und einer 2D-Randlinie.]]>
					</Help>
					<Name>1D-2D-Linienkopplung</Name>
				</Task>
				<!--
				<Task context="JunctionContextTheme"
					URI="http___www.tu-harburg.de_wb_kalypso_kb_workflow_test__SetEltEltTrans">
					<Help>
						<![CDATA[Ermöglicht die Erstellung einer Kopplung von 1D zu 2D zwischen zwei Elementen.]]>
					</Help>
					<Name>1D-2D-Elementkopplung</Name>
				</Task>-->
			</TaskGroup>
		</TaskGroup>
		<TaskGroup URI="http___www.tu-harburg.de_wb_kalypso_kb_workflow_test__RoughMod">
			<Help>
				<![CDATA[Rauheitszonen definieren sowie Rauheitsklassen bearbeiten.]]>
			</Help>
			<Name>Rauheitsmodellierung</Name>
			<!-- 
				<Task context="RoughnessTheme"
				URI="http___www.tu-harburg.de_wb_kalypso_kb_workflow_test__ZoneDefGroup">
				<Help>
				<![CDATA[Ermöglicht die Definition von Rauheitszonen auf Basis von Polygonthemen.]]>
				</Help>
				<Name>Rauheitszonen definieren</Name>
				</Task>
			-->
			<Task type="ASYNCHRONOUS" context="RoughnessDatabase"
				URI="http___www.tu-harburg.de_wb_kalypso_kb_workflow_test__ClassDefGroup">
				<Help>
					<![CDATA[Ermöglicht die Bearbeitung der Rauheitswerte einer Rauheitszone in einer Rauheitsdatenbank.]]>
				</Help>
				<Name>Rauheitswerte bearbeiten</Name>
			</Task>
			<Task type="ASYNCHRONOUS" context="FenetMap"
				URI="http___www.tu-harburg.de_wb_kalypso_kb_workflow_test__RoughnessFENETColor">
				<Help>
					<![CDATA[Zeigt die den 2D-Elementen zugewiesenen Rauheitsklassen an.]]>
				</Help>
				<Name>Rauheitsklassen anzeigen</Name>
			</Task>
			<!--
			<Task type="ASYNCHRONOUS" context="FenetMap"
				URI="http___www.tu-harburg.de_wb_kalypso_kb_workflow_test__roughness_correction_modelling">
				<Help>
					<![CDATA[Rauheitskorrektur an Finit-Elemente modellieren.]]>
				</Help>
				<Name>Rauheitskorrektur modellieren</Name>
			</Task>-->
		</TaskGroup>
		<TaskGroup URI="http___www.tu-harburg.de_wb_kalypso_kb_workflow_test__DataExport">
			<Help>Daten aus dem Projekt in das Dateisystem exportieren</Help>
			<Name>Daten exportieren</Name>
			<Task context="Export2DNet" URI="http___www.tu-harburg.de_wb_kalypso_kb_workflow_test__NetExport">
				<Help>Exportieren von FE Netzen in 2D Datei</Help>
				<Name>Exportieren von FE Netzen</Name>
			</Task>
		</TaskGroup>
	<!-- 	
		<Task context="BoundaryConditionTheme" 
			URI="http___www.tu-harburg.de_wb_kalypso_kb_workflow_test__BCDef">
			<Help>
				<![CDATA[Festlegung von Knoten- und Linienrandbedingungen für die Berechnung.]]>
			</Help>
			<Name>Randbedingungen</Name>
			 
				<TaskGroup URI="http___www.tu-harburg.de_wb_kalypso_kb_workflow_test__StSolGroup">
				<Help>Für das erstmalige Anrechnen eines Modells benötigt man eine sog. Anfangslösung, &#xa;die den Modellzustand vor Beginn der Berechnung beschreibt.</Help>
				<Name>Anfangslösung</Name>
				<Task URI="http___www.tu-harburg.de_wb_kalypso_kb_workflow_test__DefManStSol">
				<Help>Definition von Anfangswerten für die Berechnung (z.B. Teich-Lösung)</Help>
				<Name>Anfangswerte angeben</Name>
				</Task>
				<Task URI="http___www.tu-harburg.de_wb_kalypso_kb_workflow_test__ChoseRestSol">
				<Help>Auswahl eines zuvor berechneten Ergebnisses, das als Anfangszustand &#xa;für eine neue Berechnung dienen soll.</Help>
				<Name>Restartlösung spezifizieren</Name>
				</Task>
				</TaskGroup>
			
		</Task> 
	-->	
	</TaskGroup>
	<TaskGroup URI="http___www.tu-harburg.de_wb_kalypso_kb_workflow_test__Processing">
		<Help>
			<![CDATA[Nach Aufbau des Strömungsmodells können Berechnungen mit dem Ziel der Kalibrierung und/oder Szenarienrechnung durchgeführt werden.]]>
		</Help>
		<Name>Processing: Kalibrieren und Rechnen</Name>
		<Task type="ASYNCHRONOUS" context="CalcParams" URI="http___www.tu-harburg.de_wb_kalypso_kb_workflow_test__CalcSet">
			<Help>Einstellung genereller Berechnungsparameter</Help>
			<Name>Berechnungseinstellungen</Name>
		</Task>
		
		<!--
		We don't need these activities any more, because it will be (re)calculated by fortran code 
		
		<TaskGroup URI="http___www.tu-harburg.de_wb_kalypso_kb_workflow_test__ResDef">
			<Help></Help>
			<Name>spezielle Ausgaben definieren</Name>
			<Task context="http___www.tu-harburg.de_wb_kalypso_kb_workflow_test__ResDef"
				URI="http___www.tu-harburg.de_wb_kalypso_kb_workflow_test__CalcLinesSet">
				<Help>
					<![CDATA[Definition von Messlinien, an denen während der Berechnung Daten über den Abfluss und Wasserstand gesammelt werden sollen.]]>
				</Help>
				<Name>Kontinuitätslinien bestimmen</Name>
			</Task>
			<Task context="http___www.tu-harburg.de_wb_kalypso_kb_workflow_test__ResDef"
				URI="http___www.tu-harburg.de_wb_kalypso_kb_workflow_test__NodeObserveSet">
				<Help>
					<![CDATA[Definition von Messpunkten, an denen während der Berechnung Daten über den Abfluss und Wasserstand gesammelt werden sollen.]]>
				</Help>
				<Name>Ausgabeknoten bestimmen</Name>
			</Task>
		</TaskGroup>
		 -->
		 
		<!-- TODO: there is no context with this ID -->
		<!-- 
		<Task context="http___www.tu-harburg.de_wb_kalypso_kb_workflow_test__Calc"
			URI="http___www.tu-harburg.de_wb_kalypso_kb_workflow_test__StartCalculation">
			<Help>
				<![CDATA[Startet die Berechnung unter Verwendung eines Kontrolldisplays]]>
			</Help>
			<Name>Berechnung durchführen</Name>
		</Task>
		 -->
		<Task type="ASYNCHRONOUS" context="FenetMap"
			URI="http___www.tu-harburg.de_wb_kalypso_kb_workflow_test__StartCalculationWithProblemsView">
			<Help>
				<![CDATA[Startet die Berechnung unter Verwendung eines Kontrolldisplays]]>
			</Help>
			<Name>Berechnung durchführen</Name>
		</Task>
	</TaskGroup>

	<TaskGroup URI="http___www.tu-harburg.de_wb_kalypso_kb_workflow_test__Postprocessing">
		<Help>
			<![CDATA[Nach der Druchführung der Strömungsberechungen können die Ergebnisse hier ausgewertet und visualisiert werden.]]>
		</Help>
		<Name>Postprocessing: Ergebnisauswertungen</Name>
		
		<TaskGroup URI="http___www.tu-harburg.de_wb_kalypso_kb_workflow_test__ResultMapGroup" context="ResultMap">
			<Help>
				<![CDATA[Hier werden die Ergebnisauswertungen zur Darstellung in einer Karte durchgeführt.]]>
			</Help>
			<Name>Kartenansicht</Name>
			<Task context="ConfigureResultMap" URI="http___www.tu-harburg.de_wb_kalypso_kb_workflow_test__ConfigureResultMap">
				<Help>
					<![CDATA[Die Ergebniskarte konfigurieren.]]>
				</Help>
				<Name>Ergebniskarte konfigurieren</Name>
			</Task>
			<!--
			<Task type="ASYNCHRONOUS" context="ResultMapHydrograph" URI="http___www.tu-harburg.de_wb_kalypso_kb_workflow_test__ResultMapAll">
				<Help>
					<![CDATA[Die Lage der Ganglinienauswertung festlegen.]]>
				</Help>
				<Name>Ganglinien definieren</Name>
			</Task>
			<Task context="ResultMap" URI="http___www.tu-harburg.de_wb_kalypso_kb_workflow_test__ResultProcessHydropgrahs">
				<Help>
					<![CDATA[Liest die zuvor definierten Ganglinien aus den Ergebnisdaten aus.]]>
				</Help>
				<Name>Ganglinien erzeugen</Name>
			</Task>-->
		</TaskGroup>
	</TaskGroup>
	<Perspectives>
		<con:PerspectiveContext id="Context1d2dModelling"
			perspectiveId="org.kalypso.kalypso1d2d.pjt.perspective.Perspective">
			<con:ViewContext id="FeatureView" partId="org.kalypso.ui.views.featuretemplateview"
				parent="Context1d2dModelling">
				<con:ExtensionContext id="RoughnessDatabase" parent="FeatureView"
					handlerFactoryId="kalypsoContextHandlerFactory">
					<con:Parameter name="type" value="featureViewInputContext" />
					<con:Parameter name="input" value="templates/roughness.gft" />
				</con:ExtensionContext>
				<con:ExtensionContext id="CalcParams" parent="FeatureView"
					handlerFactoryId="kalypsoContextHandlerFactory">
					<con:Parameter name="type" value="featureViewInputContext" />
					<con:Parameter name="input" value="templates/control.gft" />
				</con:ExtensionContext>
			</con:ViewContext>
			<!-- 
				<con:ViewContext id="CalculationUnitView"
				partId="org.kalypso.kalypsomodel1d2d.ui.CalculationUnitView.CalculationUnitPerformView"
				parent="Context1d2dModelling">
				<con:ExtensionContext id="CalculationPerform"
				parent="CalculationUnitView"
				handlerFactoryId="kalypsoContextHandlerFactory">
				<con:Parameter name="type"
				value="calculationUnitContext" />
				</con:ExtensionContext>
				</con:ViewContext>
			-->
			<con:WorkbenchSiteContext id="MapAndProfileViewContext" parent="Context1d2dModelling">
				<con:ViewContext id="ProfileViewWithMapView" partId="org.kalypso.model.wspm.ui.view.chart.ChartView" parent="MapAndProfileViewContext" />
				<con:ViewContext id="MapViewWithProfileView" partId="org.kalypso.ui.views.mapView" parent="MapAndProfileViewContext">
					<con:ExtensionContext id="FenetMapWithProfileView" parent="MapViewWithProfileView"
						handlerFactoryId="kalypsoContextHandlerFactory">
						<con:Parameter name="type" value="mapViewInputContext" />
						<con:Parameter name="input" value="maps/fenet.gmt" />
					</con:ExtensionContext>
				</con:ViewContext>
			</con:WorkbenchSiteContext>
			<con:WorkbenchSiteContext id="TimeSeriesContext" parent="Context1d2dModelling">
				<con:ViewContext id="TimeSeriesRepositoryView" partId="org.kalypso.ui.repository.view.RepositoryExplorerPart" parent="TimeSeriesContext" />
				<con:ViewContext id="TimeSeriesDiagramView" partId="org.kalypso.ogc.sensor.view.DiagramViewPart" parent="TimeSeriesContext" />
				<con:ViewContext id="TimeSeriesTableView" partId="org.kalypso.ogc.sensor.view.TableViewPart" parent="TimeSeriesContext" />
				<con:WizardContext id="ImportObservations"
					wizardId="org.kalypso.ui.wizards.imports.observation.ImportObservationWizard" wizardType="NEW_WIZARD"
					parent="TimeSeriesContext" />
			</con:WorkbenchSiteContext>
			<con:WorkbenchSiteContext id="MapContext" parent="Context1d2dModelling">
				<con:ViewContext id="MapOutlineView" partId="org.kalypso.ui.views.outline" parent="MapContext" />
				<con:ViewContext id="MapView" partId="org.kalypso.ui.views.mapView" parent="MapContext">
					<con:ExtensionContext id="BaseMap" parent="MapContext"
						handlerFactoryId="kalypsoContextHandlerFactory">
						<con:WizardContext id="ImportBaseMap"
							wizardId="org.kalypso.ui.wizards.imports.baseMap.ImportBaseMapWizard" wizardType="NEW_WIZARD" parent="BaseMap" />
						<!-- 
							<WizardContext id="ImportShape" wizardId="org.kalypso.ui.wizards.imports.lineShp.ImportLineShpWizard" wizardType="NEW_WIZARD" parent="BaseMap" />
						-->
						<con:Parameter name="type" value="mapViewInputContext" />
						<con:Parameter name="input" value="maps/base.gmt" />
					</con:ExtensionContext>
					<con:ExtensionContext id="RoughnessMap" parent="MapContext"
						handlerFactoryId="kalypsoContextHandlerFactory">
						<con:WizardContext id="ImportRoughness"
							wizardId="org.kalypso.ui.wizards.imports.roughness.ImportWizard" wizardType="NEW_WIZARD" parent="RoughnessMap" />
						<con:Parameter name="type" value="mapViewInputContext" />
						<con:Parameter name="input" value="maps/roughness.gmt" />
					</con:ExtensionContext>
					<con:ExtensionContext id="FenetMap" parent="MapContext"
						handlerFactoryId="kalypsoContextHandlerFactory">
						<con:ExtensionContext id="Context1dElementTheme" parent="FenetMap"
							handlerFactoryId="kalypsoContextHandlerFactory">
							<con:Parameter name="type" value="themeContext" />
							<con:Parameter name="input"
								value="{http://www.tu-harburg.de/wb/kalypso/schemata/1d2d}Element1D" />
						</con:ExtensionContext>
						<con:ExtensionContext id="FlowRelationshipTheme" parent="FenetMap"
							handlerFactoryId="kalypsoContextHandlerFactory">
							<con:Parameter name="type" value="themeContext" />
							<con:Parameter name="input"
								value="{http://www.tu-harburg.de/wb/kalypso/schemata/simulationbase}_FlowRelationship" />
						</con:ExtensionContext>
						<con:ExtensionContext id="Context2dElementTheme" parent="FenetMap"
							handlerFactoryId="kalypsoContextHandlerFactory">
							<con:WizardContext id="Import2dNet" wizardId="org.kalypso.wizards.import1d2d.ImportWizard"
								wizardType="NEW_WIZARD" parent="Context2dElementTheme" />
							<con:Parameter name="type" value="themeContext" />
							<con:Parameter name="input"
								value="{http://www.tu-harburg.de/wb/kalypso/schemata/1d2d}PolyElement" />
							<con:WizardContext id="Export2DNet" wizardId="org.kalypso.wizards.export2d.ExportWizard"
								wizardType="NEW_WIZARD" parent="Context2dElementTheme" />
							<con:Parameter name="type" value="themeContext" />
							<con:Parameter name="input"
								value="{http://www.tu-harburg.de/wb/kalypso/schemata/1d2d}PolyElement" />
						</con:ExtensionContext>

						<con:ExtensionContext id="JunctionContextTheme" parent="FenetMap"
							handlerFactoryId="kalypsoContextHandlerFactory">
							<con:Parameter name="type" value="themeContext" />
							<con:Parameter name="input"
								value="{http://www.tu-harburg.de/wb/kalypso/schemata/1d2d}JunctionContext1DToCLine" />
							<!--con:WizardContext id="Import2dNet"
								wizardId="org.kalypso.wizards.import1d2d.ImportWizard"
								wizardType="NEW_WIZARD" parent="Context2dElementTheme" / -->
						</con:ExtensionContext>

						<con:ExtensionContext id="ContLineTheme" parent="FenetMap"
							handlerFactoryId="kalypsoContextHandlerFactory">
							<con:Parameter name="type" value="themeContext" />
							<con:Parameter name="input"
								value="{http://www.tu-harburg.de/wb/kalypso/schemata/1d2d}ContinuityLine" />
						</con:ExtensionContext>
						<con:ExtensionContext id="RoughnessTheme" parent="FenetMap"
							handlerFactoryId="kalypsoContextHandlerFactory">
							<con:Parameter name="type" value="themeContext" />
							<con:Parameter name="input"
								value="{http://www.tu-harburg.de/wb/kalypso/schemata/1d2d}RoughnessPolygon" />
						</con:ExtensionContext>
						<con:ExtensionContext id="BoundaryConditionTheme" parent="FenetMap"
							handlerFactoryId="kalypsoContextHandlerFactory">
							<con:Parameter name="type" value="themeContext" />
							<con:Parameter name="input"
								value="{http://www.tu-harburg.de/wb/kalypso/schemata/operationalmodel}BoundaryCondition" />
						</con:ExtensionContext>
						<con:Parameter name="type" value="mapViewInputContext" />
						<con:Parameter name="input" value="maps/fenet.gmt" />
					</con:ExtensionContext>
					<con:ExtensionContext id="ResultMap" parent="MapContext"
						handlerFactoryId="kalypsoContextHandlerFactory">
						<con:ExtensionContext id="ResultMapHydrograph" parent="ResultMap"
							handlerFactoryId="kalypsoContextHandlerFactory">
							<con:Parameter name="type" value="themeContext" />
							<con:Parameter name="input"
								value="{http://www.tu-harburg.de/wb/kalypso/schemata/1d2dResults}Hydrograph" />
						</con:ExtensionContext>
						<con:WizardContext id="ConfigureResultMap"
							wizardId="org.kalypso.ui.wizards.results.ConfigureResultsWizard" wizardType="NEW_WIZARD"
							parent="ResultMap" />
						<con:Parameter name="type" value="mapViewInputContext" />
						<con:Parameter name="input" value="results/result.gmt" />
					</con:ExtensionContext>
				</con:ViewContext>
			</con:WorkbenchSiteContext>
			<con:ViewContext id="FeatureSelectionView" partId="org.kalypso.featureview.views.FeatureView"
				parent="Context1d2dModelling" />
		</con:PerspectiveContext>
	</Perspectives>
</Workflow>