<?xml version="1.0" encoding="UTF-8" standalone="yes"?>
<Workflow xmlns="http://www.kalypso.org/afgui/workflow" URI="http://www.tu-harburg.de/wb/kalypso/kb/workflow/test#WF_Kalypso1D2D">
	<Phase URI="http://www.tu-harburg.de/wb/kalypso/kb/workflow/test#Preprocessing">
		<Help>Im Modellaufbau werden alle notwendigen Daten für die Berechnung mit Kalypso-1D-2D zusammengestellt und aufgebaut. Es lässt sich zwischen den verschiedenen Arbeitsphasen für die unterschiedlichen Netzarten (1D oder 2D) unterscheiden. Wechseln Sie durch Aktivieren der entsprechenden Taskgruppe den Bearbeitungsmodus des gewünschten Datensatzes.</Help>
		<Name>Preprocessing: Modellaufbau</Name>
		<TaskGroup URI="http://www.tu-harburg.de/wb/kalypso/kb/workflow/test#DataLoad">
			<Help>Daten aus dem Dateisystem laden</Help>
			<Name>Daten laden</Name>
			<Task context="http://www.tu-harburg.de/wb/kalypso/kb/workflow/test#DataLoad" URI="http://www.tu-harburg.de/wb/kalypso/kb/workflow/test#MapLoad">
				<Help>Einladen einer Hintergrundkarte (TIFF/JPEG)</Help>
				<Name>Import einer Karte</Name>
			</Task>
			<Task context="http://www.tu-harburg.de/wb/kalypso/kb/workflow/test#DataLoad" URI="http://www.tu-harburg.de/wb/kalypso/kb/workflow/test#ElevLoad">
				<Help>Einladen von Höhendaten (TIN/GRID)</Help>
				<Name>Import von Höhendaten</Name>
			</Task>
			<Task context="http://www.tu-harburg.de/wb/kalypso/kb/workflow/test#DataLoad" URI="http://www.tu-harburg.de/wb/kalypso/kb/workflow/test#RivNetLoad">
				<Help>Einladen von Gewässernetzwerkdaten mit Kilometrierung (SHP)</Help>
				<Name>Import eines Gewässernetzes</Name>
			</Task>
			<TaskGroup context="http://www.tu-harburg.de/wb/kalypso/kb/workflow/test#DataLoad" URI="http://www.tu-harburg.de/wb/kalypso/kb/workflow/test#ProfImpLoad">
				<Help>Einladen von 1D-Profildaten (WSPWIN/DA66)</Help>
				<Name>Import von 1D-Profilen</Name>
				<Task context="http://www.tu-harburg.de/wb/kalypso/kb/workflow/test#ProfImpLoad" URI="http://www.tu-harburg.de/wb/kalypso/kb/workflow/test#AddProfileNetworkToMap">
					<Help>Zeigt Profile als Thema in Karte</Help>
					<Name>Profile in Karte anzeigen</Name>
				</Task>
			</TaskGroup>
			<Task context="http://www.tu-harburg.de/wb/kalypso/kb/workflow/test#DataLoad" URI="http://www.tu-harburg.de/wb/kalypso/kb/workflow/test#RoughLoad">
				<Help>Einladen von Polygonen zur Rauheitszonenabgrenzung (SHP)</Help>
				<Name>Rauheitsshapes laden</Name>
			</Task>
			<Task context="http://www.tu-harburg.de/wb/kalypso/kb/workflow/test#DataLoad" URI="http://www.tu-harburg.de/wb/kalypso/kb/workflow/test#TimeSerLoad">
				<Help>Einladen von Zeitreihendaten (WISKI)</Help>
				<Name>Import von Zeitreihen</Name>
			</Task>
		</TaskGroup>
		<TaskGroup URI="http://www.tu-harburg.de/wb/kalypso/kb/workflow/test#NetCstr">
			<Help>Hier sind alle Bearbeitungsoptionen zum Aufbau eines gekoppelten 1D-2D-Netzes enthalten</Help>
			<Name>Netzaufbau</Name>
			<TaskGroup context="http://www.tu-harburg.de/wb/kalypso/kb/workflow/test#NetCstr" URI="http://www.tu-harburg.de/wb/kalypso/kb/workflow/test#Net1DRivGroup">
				<Help></Help>
				<Name>1D-Gewässernetz</Name>
				<TaskGroup context="http://www.tu-harburg.de/wb/kalypso/kb/workflow/test#Net1DRivGroup" URI="http://www.tu-harburg.de/wb/kalypso/kb/workflow/test#Net1DImport">
					<Help>Importieren von 1D-Finite-Elemente aus externen Daten</Help>
					<Name>Fremddaten importieren</Name>
					<Task context="http://www.tu-harburg.de/wb/kalypso/kb/workflow/test#Net1DImport" URI="http://www.tu-harburg.de/wb/kalypso/kb/workflow/test#Net1DImportWspm">
						<Help>FE-1D-Netz aus stationärem Modell (WSPM) erzeugen</Help>
						<Name>WSPM Modell</Name>
					</Task>
				</TaskGroup>
				<Task context="http://www.tu-harburg.de/wb/kalypso/kb/workflow/test#Net1DRivGroup" URI="http://www.tu-harburg.de/wb/kalypso/kb/workflow/test#Edit1DNet">
					<Help>Bearbeitung von 1D-Elementen</Help>
					<Name>Netz bearbeiten</Name>
				</Task>
				<Task context="http://www.tu-harburg.de/wb/kalypso/kb/workflow/test#Net1DRivGroup" URI="http://www.tu-harburg.de/wb/kalypso/kb/workflow/test#GeneratePolynoms">
					<Help>Bearbeitung von 1D Parametern</Help>
					<Name>Netzparameter bearbeiten</Name>
				</Task>
			</TaskGroup>
			<!--  What does the Kanalnetz mean?
			<TaskGroup context="http://www.tu-harburg.de/wb/kalypso/kb/workflow/test#NetCstr" URI="http://www.tu-harburg.de/wb/kalypso/kb/workflow/test#Net1DChanGroup">
				<Help></Help>
				<Name>1D-Kanalnetz</Name>
			</TaskGroup>
			-->
			<TaskGroup context="http://www.tu-harburg.de/wb/kalypso/kb/workflow/test#NetCstr" URI="http://www.tu-harburg.de/wb/kalypso/kb/workflow/test#Net2DGroup">
				<Help></Help>
				<Name>2D-Netz</Name>
				<Task context="http://www.tu-harburg.de/wb/kalypso/kb/workflow/test#Net2DGroup" URI="http://www.tu-harburg.de/wb/kalypso/kb/workflow/test#Net2DImport">
					<Help>Importiert ein 2D-Netz (KALYPSO2D)</Help>
					<Name>2D-Netz laden</Name>
				</Task>
				<Task context="http://www.tu-harburg.de/wb/kalypso/kb/workflow/test#Net2DGroup" URI="http://www.tu-harburg.de/wb/kalypso/kb/workflow/test#Chan2DGen">
					<Help>Generiert Flussschlauchelemente aus Profilen</Help>
					<Name>Flussschlauchgenerator</Name>
				</Task>
				<Task context="http://www.tu-harburg.de/wb/kalypso/kb/workflow/test#Net2DGroup" URI="http://www.tu-harburg.de/wb/kalypso/kb/workflow/test#BandGen">
					<Help>Generiert ein regelmäßiges Elementnetz im spezifizierten Bereich</Help>
					<Name>Bandgenerator</Name>
				</Task>
				<Task context="http://www.tu-harburg.de/wb/kalypso/kb/workflow/test#Net2DGroup" URI="http://www.tu-harburg.de/wb/kalypso/kb/workflow/test#AssignElevs">
					<Help>Knoten werden mit Höhendaten versehen</Help>
					<Name>Höhen zuweisen</Name>
				</Task>
			</TaskGroup>
			<TaskGroup context="http://www.tu-harburg.de/wb/kalypso/kb/workflow/test#NetCstr" URI="http://www.tu-harburg.de/wb/kalypso/kb/workflow/test#CntrStrcGroup">
				<Help></Help>
				<Name>Bauwerkselemente</Name>
			</TaskGroup>
			<TaskGroup context="http://www.tu-harburg.de/wb/kalypso/kb/workflow/test#NetCstr" URI="http://www.tu-harburg.de/wb/kalypso/kb/workflow/test#TransGroup">
				<Help></Help>
				<Name>1D-2D-Kopplungen</Name>
				<Task context="http://www.tu-harburg.de/wb/kalypso/kb/workflow/test#TransGroup" URI="http://www.tu-harburg.de/wb/kalypso/kb/workflow/test#SetEltLineTrans">
					<Help>Erstellung einer Kopplung von 1D zu 2D zwischen einem 1D-Element und einer 2D-Randlinie</Help>
					<Name>1D-2D-Linienkopplung</Name>
				</Task>
				<Task context="http://www.tu-harburg.de/wb/kalypso/kb/workflow/test#TransGroup" URI="http://www.tu-harburg.de/wb/kalypso/kb/workflow/test#SetEltEltTrans">
					<Help>Erstellung einer Kopplung von 1D zu 2D zwischen zwei Elementen</Help>
					<Name>1D-2D-Elementkopplung</Name>
				</Task>
			</TaskGroup>
		</TaskGroup>
		<TaskGroup URI="http://www.tu-harburg.de/wb/kalypso/kb/workflow/test#RoughMod">
			<Help>Rauheitszonen definieren sowie Bearbeitung der Rauheitsklassen</Help>
			<Name>Rauheitsmodellierung</Name>
			<Task context="http://www.tu-harburg.de/wb/kalypso/kb/workflow/test#RoughMod" URI="http://www.tu-harburg.de/wb/kalypso/kb/workflow/test#ClassDefGroup">
				<Help>Ermöglicht die Bearbeitung der Einträge in der globalen Rauheitsdatenbank</Help>
				<Name>Rauheitsdatenbank bearbeiten</Name>
			</Task>
			<Task context="http://www.tu-harburg.de/wb/kalypso/kb/workflow/test#RoughMod" URI="http://www.tu-harburg.de/wb/kalypso/kb/workflow/test#ZoneDefGroup">
				<Help>Ermöglicht die polygonale Definition von Rauheitszonen</Help>
				<Name>Rauheitszonen definieren</Name>
			</Task>
		</TaskGroup>
		<TaskGroup URI="http://www.tu-harburg.de/wb/kalypso/kb/workflow/test#Cond">
			<Help>Anfangswerte und Randbedingungen festlegen</Help>
			<Name>Anfangswerte/Randbedingungen</Name>
			<TaskGroup context="http://www.tu-harburg.de/wb/kalypso/kb/workflow/test#Cond" URI="http://www.tu-harburg.de/wb/kalypso/kb/workflow/test#BCDefGroup">
				<Help></Help>
				<Name>Randbedingungen</Name>
				<Task context="http://www.tu-harburg.de/wb/kalypso/kb/workflow/test#BCDefGroup" URI="http://www.tu-harburg.de/wb/kalypso/kb/workflow/test#NodalBCDef">
					<Help>Definition von Randbedingungen, die nur auf einen Knoten angewendet werden sollen</Help>
					<Name>Knotenrandbedingungen spezifizieren</Name>
				</Task>
				<Task context="http://www.tu-harburg.de/wb/kalypso/kb/workflow/test#BCDefGroup" URI="http://www.tu-harburg.de/wb/kalypso/kb/workflow/test#LineBCDef">
					<Help>Definition von Randbedingungen, die auf eine Linie angewendet werden</Help>
					<Name>Linienrandbedingungen definieren</Name>
				</Task>
			</TaskGroup>
			<TaskGroup context="http://www.tu-harburg.de/wb/kalypso/kb/workflow/test#Cond" URI="http://www.tu-harburg.de/wb/kalypso/kb/workflow/test#StSolGroup">
				<Help></Help>
				<Name>Anfangslösung</Name>
				<Task context="http://www.tu-harburg.de/wb/kalypso/kb/workflow/test#StSolGroup" URI="http://www.tu-harburg.de/wb/kalypso/kb/workflow/test#DefManStSol">
					<Help>Definition von Anfangswerten (z.B. Lake-Solution)</Help>
					<Name>Anfangswerte schätzen</Name>
				</Task>
				<Task context="http://www.tu-harburg.de/wb/kalypso/kb/workflow/test#StSolGroup" URI="http://www.tu-harburg.de/wb/kalypso/kb/workflow/test#ChoseRestSol">
					<Help>Spezifikation eines Berechnungsergebnisses als Anfangswerte für eine neue Berechnung</Help>
					<Name>Restartlösung spezifizieren</Name>
				</Task>
			</TaskGroup>
		</TaskGroup>
	</Phase>
	<Phase URI="http://www.tu-harburg.de/wb/kalypso/kb/workflow/test#Processing">
		<Help>Nach Aufbau der Modelldaten können Berechnungen mit dem Ziel der Kalibrierung und/oder Szenarienrechnung vorgenommen werden.</Help>
		<Name>Processing: Kalibrieren und Rechnen</Name>
		<TaskGroup URI="http://www.tu-harburg.de/wb/kalypso/kb/workflow/test#CalcSet">
			<Help>Einstellung der generellen Berechnungsparameter</Help>
			<Name>Berechnungseinstellungen</Name>
		</TaskGroup>
		<TaskGroup URI="http://www.tu-harburg.de/wb/kalypso/kb/workflow/test#ResDef">
			<Help></Help>
			<Name>spezielle Ausgaben definieren</Name>
			<Task context="http://www.tu-harburg.de/wb/kalypso/kb/workflow/test#ResDef" URI="http://www.tu-harburg.de/wb/kalypso/kb/workflow/test#CalcLinesSet">
				<Help>Kontinuitätslinien festlegen, die besonders behandelt werden sollen.</Help>
				<Name>Kontinuitätslinien bestimmen</Name>
			</Task>
			<Task context="http://www.tu-harburg.de/wb/kalypso/kb/workflow/test#ResDef" URI="http://www.tu-harburg.de/wb/kalypso/kb/workflow/test#NodeObserveSet">
				<Help>Knoten festlegen, für die während der Berechnung weitere Daten herausgeschrieben werden sollen</Help>
				<Name>Ausgabeknoten bestimmen</Name>
			</Task>
		</TaskGroup>
		<TaskGroup URI="http://www.tu-harburg.de/wb/kalypso/kb/workflow/test#Calc">
			<Help>Starten einer Berechnung zur Kalibrierung oder Szenariensimulation</Help>
			<Name>Berechnung starten</Name>
			<Task context="http://www.tu-harburg.de/wb/kalypso/kb/workflow/test#Calc" URI="http://www.tu-harburg.de/wb/kalypso/kb/workflow/test#StartCalculation">
				<Help>Startet die Berechnung unter Verwendung eines Kontrolldisplays</Help>
				<Name>Berechnung durchführen</Name>
			</Task>
		</TaskGroup>
	</Phase>
	<Phase URI="http://www.tu-harburg.de/wb/kalypso/kb/workflow/test#Postprocessing">
		<Help>Nach Aufbau der Modelldaten können Berechnungen mit dem Ziel der Kalibrierung und/oder Szenarienrechnung vorgenommen werden.</Help>
		<Name>Postprocessing: Ergebnisauswertungen</Name>
		<TaskGroup URI="http://www.tu-harburg.de/wb/kalypso/kb/workflow/test#PlanView">
			<Help></Help>
			<Name>Einstellungen Draufsicht</Name>
			<Task context="http://www.tu-harburg.de/wb/kalypso/kb/workflow/test#PlanView" URI="http://www.tu-harburg.de/wb/kalypso/kb/workflow/test#VectorDispl">
				<Help>Erstellt spezifizierte Ergebnisse in Vektorform</Help>
				<Name>Vektorendarstellung</Name>
			</Task>
			<Task context="http://www.tu-harburg.de/wb/kalypso/kb/workflow/test#PlanView" URI="http://www.tu-harburg.de/wb/kalypso/kb/workflow/test#ColoredDispl">
				<Help>Erstellt spezifizierte Ergebnisse in Farbflächendarstellung</Help>
				<Name>Farbflächendarstellung</Name>
			</Task>
			<Task context="http://www.tu-harburg.de/wb/kalypso/kb/workflow/test#PlanView" URI="http://www.tu-harburg.de/wb/kalypso/kb/workflow/test#IsolineDispl">
				<Help>Erstellt spezifizierte Ergebnisse in Isoliniendarstellung</Help>
				<Name>Isoliniendarstellung</Name>
			</Task>
		</TaskGroup>
		<TaskGroup URI="http://www.tu-harburg.de/wb/kalypso/kb/workflow/test#Section">
			<Help>Darstellung von Längs- oder Querschnitten</Help>
			<Name>Schnittdarstellungen</Name>
			<Task context="http://www.tu-harburg.de/wb/kalypso/kb/workflow/test#Section" URI="http://www.tu-harburg.de/wb/kalypso/kb/workflow/test#CrossSecDef">
				<Help>Ermöglicht die Erstellung oder Bearbeitung von beliebigen Schnitten durch das Gebiet</Help>
				<Name>einzelne Schnitte</Name>
			</Task>
			<Task context="http://www.tu-harburg.de/wb/kalypso/kb/workflow/test#Section" URI="http://www.tu-harburg.de/wb/kalypso/kb/workflow/test#LongSecDef">
				<Help>Ermöglicht die Definition von Gewässerlängsschnitten auf der Basis definierter Querschnitte</Help>
				<Name>Längsschnitt</Name>
			</Task>
			<Task context="http://www.tu-harburg.de/wb/kalypso/kb/workflow/test#Section" URI="http://www.tu-harburg.de/wb/kalypso/kb/workflow/test#TimeSeriesDispl">
				<Help>Ermöglicht die Gangliniendarstellung selektierter Ergebnisgeometrien</Help>
				<Name>Gangliniendarstellung</Name>
			</Task>
		</TaskGroup>
	</Phase>
</Workflow>