<?xml version="1.0" encoding="UTF-8"?>
<wbs:Workflow schemaLocation="../../KalypsoAFGUIFramework/etc/binding/workflow/workflow.xsd" URI="http://www.tu-harburg.de/wb/kalypso/kb/workflow/test#WF_Kalypso1D2D" wbs:name="Kalypso 1D-2D Workflow" xmlns:wbs="http://www.kalypso.org/workflow">
	<wbs:Phase URI="http://www.tu-harburg.de/wb/kalypso/kb/workflow/test#Preprocessing">
		<wbs:Name>Preprocessing: Modellaufbau</wbs:Name>
		<wbs:Help>Im Modellaufbau werden alle notwendigen Daten für die Berechnung mit Kalypso-1D-2D zusammengestellt und aufgebaut. Es lässt sich zwischen den verschiedenen Arbeitsphasen für die unterschiedlichen Netzarten (1D oder 2D) unterscheiden. Wechseln Sie durch Aktivieren der entsprechenden Taskgruppe den Bearbeitungsmodus des gewünschten Datensatzes.</wbs:Help>
		<wbs:TaskGroup URI="http://www.tu-harburg.de/wb/kalypso/kb/workflow/test#DataLoad">
			<wbs:Name>Daten laden</wbs:Name>
			<wbs:Help>Daten aus dem Dateisystem laden</wbs:Help>
			<wbs:Task URI="http://www.tu-harburg.de/wb/kalypso/kb/workflow/test#MapLoad">
				<wbs:Name>Import einer Karte</wbs:Name>
				<wbs:Help>Einladen einer Hintergrundkarte (TIFF/JPEG)</wbs:Help>
			</wbs:Task>
			<wbs:Task URI="http://www.tu-harburg.de/wb/kalypso/kb/workflow/test#ElevLoad">
				<wbs:Name>Import von Höhendaten</wbs:Name>
				<wbs:Help>Einladen von Höhendaten (TIN/GRID)</wbs:Help>
			</wbs:Task>
			<wbs:Task URI="http://www.tu-harburg.de/wb/kalypso/kb/workflow/test#RivNetLoad">
				<wbs:Name>Import eines Gewässernetzes</wbs:Name>
				<wbs:Help>Einladen von Gewässernetzwerkdaten mit Kilometrierung (SHP)</wbs:Help>
			</wbs:Task>
			<wbs:Task URI="http://www.tu-harburg.de/wb/kalypso/kb/workflow/test#ProfImpLoad">
				<wbs:Name>Import von 1D-Profilen</wbs:Name>
				<wbs:Help>Einladen von 1D-Profildaten (WSPWIN/DA66)</wbs:Help>
			</wbs:Task>
			<wbs:Task URI="http://www.tu-harburg.de/wb/kalypso/kb/workflow/test#RoughLoad">
				<wbs:Name>Rauheitsshapes laden</wbs:Name>
				<wbs:Help>Einladen von Polygonen zur Rauheitszonenabgrenzung (SHP)</wbs:Help>
			</wbs:Task>
			<wbs:Task URI="http://www.tu-harburg.de/wb/kalypso/kb/workflow/test#TimeSerLoad">
				<wbs:Name>Import von Zeitreihen</wbs:Name>
				<wbs:Help>Einladen von Zeitreihendaten (WISKI)</wbs:Help>
			</wbs:Task>
		</wbs:TaskGroup>
		<wbs:TaskGroup URI="http://www.tu-harburg.de/wb/kalypso/kb/workflow/test#NetCstr">
			<wbs:Name>Netzaufbau</wbs:Name>
			<wbs:Help>Hier sind alle Bearbeitungsoptionen zum Aufbau eines gekoppelten 1D-2D-Netzes enthalten</wbs:Help>
			<wbs:TaskGroup URI="http://www.tu-harburg.de/wb/kalypso/kb/workflow/test#Net1DRivGroup">
				<wbs:Name>1D-Gewässernetz</wbs:Name>
				<wbs:Help></wbs:Help>
				<wbs:Task URI="http://www.tu-harburg.de/wb/kalypso/kb/workflow/test#Net1DImport">
					<wbs:Name>1D-Netz laden</wbs:Name>
					<wbs:Help>Laden eines Finite-Elemente-1D-Netzes (KALYPSO2D)</wbs:Help>
				</wbs:Task>
				<wbs:Task URI="http://www.tu-harburg.de/wb/kalypso/kb/workflow/test#Edit1DRivElts">
					<wbs:Name>1D-Netz bearbeiten</wbs:Name>
					<wbs:Help>Zeichnen, löschen und weitere Bearbeitung von 1D-Elementen</wbs:Help>
					<!-- 
						<wbs:Activity URI="http://www.tu-harburg.de/wb/kalypso/kb/workflow/test#SelElts">
						<wbs:Name>Elemente wählen</wbs:Name>
						<wbs:Help>Selektiert Elemente innerhalb des gezeichneten Polygons</wbs:Help>
						</wbs:Activity>
						<wbs:Activity URI="http://www.tu-harburg.de/wb/kalypso/kb/workflow/test#DrawElts">
						<wbs:Name>Element zeichnen</wbs:Name>
						<wbs:Help>Erstellt ein 1D-Element</wbs:Help>
						</wbs:Activity>
						<wbs:Activity URI="http://www.tu-harburg.de/wb/kalypso/kb/workflow/test#GetLength">
						<wbs:Name>Länge ermitteln</wbs:Name>
						<wbs:Help></wbs:Help>
						</wbs:Activity>
						<wbs:Activity URI="http://www.tu-harburg.de/wb/kalypso/kb/workflow/test#SetLength">
						<wbs:Name>Länge zuweisen</wbs:Name>
						<wbs:Help></wbs:Help>
						</wbs:Activity>
						<wbs:Activity URI="http://www.tu-harburg.de/wb/kalypso/kb/workflow/test#DelElts">
						<wbs:Name>Elemente löschen</wbs:Name>
						<wbs:Help>Löscht die selektierten Elemente</wbs:Help>
						</wbs:Activity>
						<wbs:Activity URI="http://www.tu-harburg.de/wb/kalypso/kb/workflow/test#DragNode">
						<wbs:Name>Knoten verschieben</wbs:Name>
						<wbs:Help>Verschiebt einen Knoten und passt die verbundenen Elemente an</wbs:Help>
						</wbs:Activity>
						<wbs:Activity URI="http://www.tu-harburg.de/wb/kalypso/kb/workflow/test#GroupElts">
						<wbs:Name>Elemente gruppieren</wbs:Name>
						<wbs:Help>Gruppiert die selektierten Elemente zu einer komplexen Gruppe von Elementen</wbs:Help>
						</wbs:Activity>
						<wbs:Activity URI="http://www.tu-harburg.de/wb/kalypso/kb/workflow/test#ChangeGroupName">
						<wbs:Name>Elementgruppe umbennenen</wbs:Name>
						<wbs:Help>Vergibt einen individuellen Namen für eine Elementgruppe</wbs:Help>
						</wbs:Activity>
					-->
				</wbs:Task>
				<wbs:Task URI="http://www.tu-harburg.de/wb/kalypso/kb/workflow/test#EditDataTable">
					<wbs:Name>Polynomdaten bearbeiten</wbs:Name>
					<wbs:Help>Editierfunktionen zur Bearbeitung der Datentabelle von Profilen</wbs:Help>
					<!-- 
						<wbs:Activity URI="http://www.tu-harburg.de/wb/kalypso/kb/workflow/test#SelProf">
						<wbs:Name>Profil wählen</wbs:Name>
						<wbs:Help>Selektiert ein Profil</wbs:Help>
						</wbs:Activity>
						<wbs:Activity URI="http://www.tu-harburg.de/wb/kalypso/kb/workflow/test#ShowDataTable">
						<wbs:Name>Datentabelle anzeigen</wbs:Name>
						<wbs:Help>Zeigt die Datentabelle für das selektierte Profil</wbs:Help>
						</wbs:Activity>
						<wbs:Activity URI="http://www.tu-harburg.de/wb/kalypso/kb/workflow/test#ShowHQDiag">
						<wbs:Name>H-Q-Diagramm</wbs:Name>
						<wbs:Help>Zeigt die H-Q-Wertetabelle im Diagramm an</wbs:Help>
						</wbs:Activity>
						<wbs:Activity URI="http://www.tu-harburg.de/wb/kalypso/kb/workflow/test#ShowHADiag">
						<wbs:Name>H-A-Diagramm</wbs:Name>
						<wbs:Help>Zeigt die H-A-Wertetabelle im Diagramm an</wbs:Help>
						</wbs:Activity>
						<wbs:Activity URI="http://www.tu-harburg.de/wb/kalypso/kb/workflow/test#ShowHCoefDiag">
						<wbs:Name>H-Coef-Diagramm</wbs:Name>
						<wbs:Help>Zeigt die Beiwerttabelle im Diagramm an</wbs:Help>
						</wbs:Activity>
						<wbs:Activity URI="http://www.tu-harburg.de/wb/kalypso/kb/workflow/test#ShowSFValue">
						<wbs:Name>Referenzgefälle</wbs:Name>
						<wbs:Help>Zeigt das Referenzgefälle im Diagramm an (aus stationärer Berechnung)</wbs:Help>
						</wbs:Activity>
					-->
				</wbs:Task>
				<wbs:Task URI="http://www.tu-harburg.de/wb/kalypso/kb/workflow/test#GeneratePolynoms">
					<wbs:Name>Polynome erstellen</wbs:Name>
					<wbs:Help>Erstellen der Polynomeingabedaten für die FE-Berechnung</wbs:Help>
					<!-- 
						<wbs:Activity URI="http://www.tu-harburg.de/wb/kalypso/kb/workflow/test#SelProfs">
						<wbs:Name>Profile wählen</wbs:Name>
						<wbs:Help>Selektiert mehrere Profil, für die Polynome erstellt werden sollen</wbs:Help>
						</wbs:Activity>
						<wbs:Activity URI="http://www.tu-harburg.de/wb/kalypso/kb/workflow/test#SelOrder">
						<wbs:Name>Polynomgrad festlegen</wbs:Name>
						<wbs:Help>Legt den Polynomgrad fest (max 14)</wbs:Help>
						</wbs:Activity>
						<wbs:Activity URI="http://www.tu-harburg.de/wb/kalypso/kb/workflow/test#SelKind">
						<wbs:Name>Polynomart wählen</wbs:Name>
						<wbs:Help>Wählt die Art des zu erstellenden Polynoms aus (HQ/HA/Coef/alle)</wbs:Help>
						</wbs:Activity>
						<wbs:Activity URI="http://www.tu-harburg.de/wb/kalypso/kb/workflow/test#SelMinBorder">
						<wbs:Name>Min. Gültigkeitsgrenze festlegen</wbs:Name>
						<wbs:Help>Spezifiziert die minimale Wassertiefe, für die das Polynom gültig ist</wbs:Help>
						</wbs:Activity>
						<wbs:Activity URI="http://www.tu-harburg.de/wb/kalypso/kb/workflow/test#SelMaxBorder">
						<wbs:Name>Max. Gültigkeitsgrenze festlegen</wbs:Name>
						<wbs:Help>Spezifiziert die maximale Wassertiefe, für die das Polynom gültig ist</wbs:Help>
						</wbs:Activity>
						<wbs:Activity URI="http://www.tu-harburg.de/wb/kalypso/kb/workflow/test#GenPolynom">
						<wbs:Name>Polynome generieren</wbs:Name>
						<wbs:Help>Generiert die spezifizierten Polynome</wbs:Help>
						</wbs:Activity>
						<wbs:Activity URI="http://www.tu-harburg.de/wb/kalypso/kb/workflow/test#SelPolynom">
						<wbs:Name>Polynom wählen</wbs:Name>
						<wbs:Help>Selektiert ein Polynom des selektierten Profils</wbs:Help>
						</wbs:Activity>
						<wbs:Activity URI="http://www.tu-harburg.de/wb/kalypso/kb/workflow/test#ShowPolynom">
						<wbs:Name>Polynom zeigen</wbs:Name>
						<wbs:Help>Zeigt das aktuelle Polynom im Diagramm an</wbs:Help>
						</wbs:Activity>
						<wbs:Activity URI="http://www.tu-harburg.de/wb/kalypso/kb/workflow/test#ShowCoefs">
						<wbs:Name>Koeffizienten zeigen</wbs:Name>
						<wbs:Help>Zeigt die Koeffizienten in tabellarischer Form an</wbs:Help>
						</wbs:Activity>
					-->
				</wbs:Task>
				<!-- 
					<wbs:Task URI="http://www.tu-harburg.de/wb/kalypso/kb/workflow/test#Net1DRivVis">
					<wbs:Name>Netzvisualisierung</wbs:Name>
					<wbs:Help></wbs:Help>
					</wbs:Task>
					<wbs:Task URI="http://www.tu-harburg.de/wb/kalypso/kb/workflow/test#Net1DRivVal">
					<wbs:Name>Netzvalidierung</wbs:Name>
					<wbs:Help>Validiert das 1D-Flussprofilnetz</wbs:Help>
					</wbs:Task>
				-->
			</wbs:TaskGroup>
			<wbs:TaskGroup URI="http://www.tu-harburg.de/wb/kalypso/kb/workflow/test#Net1DChanGroup">
				<wbs:Name>1D-Kanalnetz</wbs:Name>
				<wbs:Help></wbs:Help>
			</wbs:TaskGroup>
			<wbs:TaskGroup URI="http://www.tu-harburg.de/wb/kalypso/kb/workflow/test#Net2DGroup">
				<wbs:Name>2D-Netz</wbs:Name>
				<wbs:Help></wbs:Help>
				<wbs:Task URI="http://www.tu-harburg.de/wb/kalypso/kb/workflow/test#Net2DImport">
					<wbs:Name>2D-Netz laden</wbs:Name>
					<wbs:Help>Importiert ein 2D-Netz (KALYPSO2D)</wbs:Help>
				</wbs:Task>
				<wbs:Task URI="http://www.tu-harburg.de/wb/kalypso/kb/workflow/test#Edit2DElts">
					<wbs:Name>2D-Netz bearbeiten</wbs:Name>
					<wbs:Help>Zeichnen, löschen und andere manuelle Bearbeitungen des 2D-Netzes</wbs:Help>
					<!-- 
						<wbs:Activity URI="http://www.tu-harburg.de/wb/kalypso/kb/workflow/test#Sel2DElts">
						<wbs:Name>Elemente wählen</wbs:Name>
						<wbs:Help>Selektiert Elemente innerhalb des spezifizierten Bereiches</wbs:Help>
						</wbs:Activity>
						<wbs:Activity URI="http://www.tu-harburg.de/wb/kalypso/kb/workflow/test#Draw2DElts">
						<wbs:Name>Element zeichnen</wbs:Name>
						<wbs:Help>Zeichnet ein Dreieck oder Viereck</wbs:Help>
						</wbs:Activity>
						<wbs:Activity URI="http://www.tu-harburg.de/wb/kalypso/kb/workflow/test#SplitQuadri">
						<wbs:Name>Viereck teilen</wbs:Name>
						<wbs:Help>Teilt ein selektiertes Viereck an einem Knoten in zwei Dreiecke</wbs:Help>
						</wbs:Activity>
						<wbs:Activity URI="http://www.tu-harburg.de/wb/kalypso/kb/workflow/test#CombineTriangles">
						<wbs:Name>Dreiecke zusammenfügen</wbs:Name>
						<wbs:Help>Fügt zwei Dreiecke mit einer gemeinsamen Kante zu einem Viereck zusammen</wbs:Help>
						</wbs:Activity>
						<wbs:Activity URI="http://www.tu-harburg.de/wb/kalypso/kb/workflow/test#Del2DElts">
						<wbs:Name>2D-Elemente löschen</wbs:Name>
						<wbs:Help>Löscht die selektierten Elemente</wbs:Help>
						</wbs:Activity>
						<wbs:Activity URI="http://www.tu-harburg.de/wb/kalypso/kb/workflow/test#Group2DElts">
						<wbs:Name>2D-Elemente gruppieren</wbs:Name>
						<wbs:Help>Gruppiert selektierte Elemente zu einer komplexen Elementgruppe</wbs:Help>
						</wbs:Activity>
						<wbs:Activity URI="http://www.tu-harburg.de/wb/kalypso/kb/workflow/test#Sel2DGroup">
						<wbs:Name>Elementgruppe wählen</wbs:Name>
						<wbs:Help>Selektiert eine Gruppe durch Namensauswahl</wbs:Help>
						</wbs:Activity>
						<wbs:Activity URI="http://www.tu-harburg.de/wb/kalypso/kb/workflow/test#Change2DGroupName">
						<wbs:Name>Gruppe umbenennen</wbs:Name>
						<wbs:Help>Ändert den Namen der selektierten Gruppe</wbs:Help>
						</wbs:Activity>
					-->
				</wbs:Task>
				<wbs:Task URI="http://www.tu-harburg.de/wb/kalypso/kb/workflow/test#Chan2DGen">
					<wbs:Name>Flussschlauchgenerator</wbs:Name>
					<wbs:Help>Generiert Flussschlauchelemente aus Profilen</wbs:Help>
					<!-- 
						<wbs:Activity URI="http://www.tu-harburg.de/wb/kalypso/kb/workflow/test#Chan2DProfSel">
						<wbs:Name>Profil wählen</wbs:Name>
						<wbs:Help>Wählt ein Profil zur Knotendefinition aus</wbs:Help>
						</wbs:Activity>
						<wbs:Activity URI="http://www.tu-harburg.de/wb/kalypso/kb/workflow/test#Chan2DGenGroup">
						<wbs:Name>Profile fixieren</wbs:Name>
						<wbs:Help></wbs:Help>
						</wbs:Activity>
						<wbs:Activity URI="http://www.tu-harburg.de/wb/kalypso/kb/workflow/test#Chan2DAddNode">
						<wbs:Name>Stützstelle hinzufügen</wbs:Name>
						<wbs:Help>Fügt Stützstelle in ein Profil in der Schnittansicht ein</wbs:Help>
						</wbs:Activity>
						<wbs:Activity URI="http://www.tu-harburg.de/wb/kalypso/kb/workflow/test#Chan2DDelNode">
						<wbs:Name>Stützstelle löschen</wbs:Name>
						<wbs:Help>Löscht Stützstelle aus Profilansicht</wbs:Help>
						</wbs:Activity>
						<wbs:Activity URI="http://www.tu-harburg.de/wb/kalypso/kb/workflow/test#Chan2DDragNode">
						<wbs:Name>Stützstelle verschieben</wbs:Name>
						<wbs:Help>Zum Verschieben einer Stützstelle im Profil</wbs:Help>
						</wbs:Activity>
						<wbs:Activity URI="http://www.tu-harburg.de/wb/kalypso/kb/workflow/test#Chan2DDefMinMax">
						<wbs:Name>Stützstellenkontrolle</wbs:Name>
						<wbs:Help>Ermöglicht die Eingabe der maximalen Stützstellen in jedem Profil und gibt die aktuelle Maximalzahl aus</wbs:Help>
						</wbs:Activity>
						<wbs:Activity URI="http://www.tu-harburg.de/wb/kalypso/kb/workflow/test#Chan2DCheckNodes">
						<wbs:Name>Stützstellenzahl prüfen</wbs:Name>
						<wbs:Help>Prüft, ob die Stützstellenzahl der ausgewählten Knoten bei allen Profilen konsistent ist</wbs:Help>
						</wbs:Activity>
						<wbs:Activity URI="http://www.tu-harburg.de/wb/kalypso/kb/workflow/test#Chan2DRownumber">
						<wbs:Name>Elementzahl angeben</wbs:Name>
						<wbs:Help>Gibt an, wieviele Elementreihen zwischen zwei Profilen erstellt werden sollen</wbs:Help>
						</wbs:Activity>
						<wbs:Activity URI="http://www.tu-harburg.de/wb/kalypso/kb/workflow/test#Chan2DGen">
						<wbs:Name>Elemente generieren</wbs:Name>
						<wbs:Help>Erstellt die Elemente im bearbeiteten Flussschlauchbereich</wbs:Help>
						</wbs:Activity>
					-->
				</wbs:Task>
				<wbs:Task URI="http://www.tu-harburg.de/wb/kalypso/kb/workflow/test#BandGen">
					<wbs:Name>Bandgenerator</wbs:Name>
					<wbs:Help>Generiert ein regelmäßiges Elementnetz im spezifizierten Bereich</wbs:Help>
					<!-- 
						<wbs:Activity URI="http://www.tu-harburg.de/wb/kalypso/kb/workflow/test#BandGenDrawPolyline">
						<wbs:Name>Begrenzung zeichnen</wbs:Name>
						<wbs:Help>Zeichnen von Begrenzungslinien für den Bandgenerator</wbs:Help>
						</wbs:Activity>
						<wbs:Activity URI="http://www.tu-harburg.de/wb/kalypso/kb/workflow/test#BandGenSelectPolylines">
						<wbs:Name>Begrenzungen selektieren</wbs:Name>
						<wbs:Help>Selektion von Begrenzungslinien für den Bandgenerator</wbs:Help>
						</wbs:Activity>
						<wbs:Activity URI="http://www.tu-harburg.de/wb/kalypso/kb/workflow/test#BandGenChoseNumbers">
						<wbs:Name>Elementzahl angeben</wbs:Name>
						<wbs:Help>Angabe der Elementzahlen in Längs- und Querrichtung des zu erstellenden Bandes</wbs:Help>
						</wbs:Activity>
						<wbs:Activity URI="http://www.tu-harburg.de/wb/kalypso/kb/workflow/test#BandGenStart">
						<wbs:Name>Band generieren</wbs:Name>
						<wbs:Help>Generiert die Elemente im Bereich des dargestellten Bandes</wbs:Help>
						</wbs:Activity>
					-->
				</wbs:Task>
				<wbs:Task URI="http://www.tu-harburg.de/wb/kalypso/kb/workflow/test#AssignElevs">
					<wbs:Name>Höhen zuweisen</wbs:Name>
					<wbs:Help>Knoten werden mit Höhendaten versehen</wbs:Help>
					<!-- 
						<wbs:Activity URI="http://www.tu-harburg.de/wb/kalypso/kb/workflow/test#AsElevsSelDTM">
						<wbs:Name>Höhenmodell auswählen</wbs:Name>
						<wbs:Help>Auswahl eines digitalen Geländemodells zur Zuweisung der Höhendaten</wbs:Help>
						</wbs:Activity>
						<wbs:Activity URI="http://www.tu-harburg.de/wb/kalypso/kb/workflow/test#AsElevsDrawPolygon">
						<wbs:Name>Polygon zeichnen</wbs:Name>
						<wbs:Help>Zeichnet ein Polygon zur Eingrenzung der Höhenzuweisung</wbs:Help>
						</wbs:Activity>
						<wbs:Activity URI="http://www.tu-harburg.de/wb/kalypso/kb/workflow/test#AsElevsAssign">
						<wbs:Name>Höhen zuweisen</wbs:Name>
						<wbs:Help>Weist die Höhen im ausgewählten Bereich zu und stellt die Höhen in der Kartenansicht dar</wbs:Help>
						</wbs:Activity>
						<wbs:Activity URI="http://www.tu-harburg.de/wb/kalypso/kb/workflow/test#AsElevsCorrLevels">
						<wbs:Name>Höhen verändern</wbs:Name>
						<wbs:Help>Überschreibt eine Höhe</wbs:Help>
						</wbs:Activity>
						<wbs:Activity URI="http://www.tu-harburg.de/wb/kalypso/kb/workflow/test#AsElevsGetMinMax">
						<wbs:Name>Grenzwerte zeigen</wbs:Name>
						<wbs:Help>Zeigt die minimale und maximale Geländehöhe im selektierten Bereich an</wbs:Help>
						</wbs:Activity>
					-->
				</wbs:Task>
				<!-- 
					<wbs:Task URI="http://www.tu-harburg.de/wb/kalypso/kb/workflow/test#EltsGroup">
					<wbs:Name>Elemente gruppieren</wbs:Name>
					<wbs:Help>Gruppiert Elemente zu komplexen Elementgruppen</wbs:Help>
					<wbs:Activity URI="http://www.tu-harburg.de/wb/kalypso/kb/workflow/test#EltsGroupEltsSel">
					<wbs:Name>Elemente wählen</wbs:Name>
					<wbs:Help>Elemente selektieren, die gruppiert werden sollen</wbs:Help>
					</wbs:Activity>
					<wbs:Activity URI="http://www.tu-harburg.de/wb/kalypso/kb/workflow/test#EltsGroupDef">
					<wbs:Name>Gruppe definieren</wbs:Name>
					<wbs:Help>Definiert eine neue Gruppe aus den selektierten Elementen</wbs:Help>
					</wbs:Activity>
					<wbs:Activity URI="http://www.tu-harburg.de/wb/kalypso/kb/workflow/test#EltsGroupSel">
					<wbs:Name>Gruppe wählen</wbs:Name>
					<wbs:Help>Selektiert eine Gruppe von Elementen</wbs:Help>
					</wbs:Activity>
					<wbs:Activity URI="http://www.tu-harburg.de/wb/kalypso/kb/workflow/test#EltsGroupProps">
					<wbs:Name>Gruppeneigenschaften</wbs:Name>
					<wbs:Help>Bearbeitet die Eigenschaften einer Elementgruppierung, z.B. Abschnittsbezeichnung oder Kommentar</wbs:Help>
					</wbs:Activity>
					<wbs:Activity URI="http://www.tu-harburg.de/wb/kalypso/kb/workflow/test#EltsGroupDelGroupElt">
					<wbs:Name>Element aus Gruppe löschen</wbs:Name>
					<wbs:Help>Entfernt selektierte Elemente aus einer Gruppe</wbs:Help>
					</wbs:Activity>
					<wbs:Activity URI="http://www.tu-harburg.de/wb/kalypso/kb/workflow/test#EltsGroupAddGroupElt">
					<wbs:Name>Element zur Gruppe hinzufügen</wbs:Name>
					<wbs:Help>Fügt selektierte Elemente in eine vorhandene Elementgruppierung hinzu</wbs:Help>
					</wbs:Activity>
					</wbs:Task>
					<wbs:Task URI="http://www.tu-harburg.de/wb/kalypso/kb/workflow/test#Net2DVis">
					<wbs:Name>Netzvisualisierung</wbs:Name>
					<wbs:Help></wbs:Help>
					</wbs:Task>
				-->
			</wbs:TaskGroup>
			<wbs:TaskGroup URI="http://www.tu-harburg.de/wb/kalypso/kb/workflow/test#CntrStrcGroup">
				<wbs:Name>Bauwerkselemente</wbs:Name>
				<wbs:Help></wbs:Help>
			</wbs:TaskGroup>
			<wbs:TaskGroup URI="http://www.tu-harburg.de/wb/kalypso/kb/workflow/test#TransGroup">
				<wbs:Name>1D-2D-Kopplungen</wbs:Name>
				<wbs:Help></wbs:Help>
				<wbs:Task URI="http://www.tu-harburg.de/wb/kalypso/kb/workflow/test#SetEltLineTrans">
					<wbs:Name>1D-2D-Linienkopplung</wbs:Name>
					<wbs:Help>Erstellung einer Kopplung von 1D zu 2D zwischen einem 1D-Element und einer 2D-Randlinie</wbs:Help>
					<!-- 
						<wbs:Activity URI="http://www.tu-harburg.de/wb/kalypso/kb/workflow/test#TransLineDrawLine">
						<wbs:Name>Übergangslinie zeichnen</wbs:Name>
						<wbs:Help>Zeichnet eine 1D-2D-Übergangslinie, um 1D Modellbereiche mit 2D-Bereichen zu koppeln</wbs:Help>
						</wbs:Activity>
						<wbs:Activity URI="http://www.tu-harburg.de/wb/kalypso/kb/workflow/test#TransLineChosePointLine">
						<wbs:Name>Übergangsgeometrien wählen</wbs:Name>
						<wbs:Help>Wählen einer Kopplungslinie und des anzuschließenden Knotens des 1D-Netzes</wbs:Help>
						</wbs:Activity>
						<wbs:Activity URI="http://www.tu-harburg.de/wb/kalypso/kb/workflow/test#TransLineTransDef">
						<wbs:Name>Kopplung definieren</wbs:Name>
						<wbs:Help>Generiert eine Kopplung basierend auf den selektierten Geometrien</wbs:Help>
						</wbs:Activity>
					-->
				</wbs:Task>
				<wbs:Task URI="http://www.tu-harburg.de/wb/kalypso/kb/workflow/test#SetEltEltTrans">
					<wbs:Name>1D-2D-Elementkopplung</wbs:Name>
					<wbs:Help>Erstellung einer Kopplung von 1D zu 2D zwischen zwei Elementen</wbs:Help>
				</wbs:Task>
			</wbs:TaskGroup>
			<!-- 
				<wbs:TaskGroup URI="http://www.tu-harburg.de/wb/kalypso/kb/workflow/test#ValGroup">
				<wbs:Name>Netzvalidierung</wbs:Name>
				<wbs:Help></wbs:Help>
				<wbs:Task URI="http://www.tu-harburg.de/wb/kalypso/kb/workflow/test#NetValidation">
				<wbs:Name>Modell validieren</wbs:Name>
				<wbs:Help>Validiert alle Netzteile</wbs:Help>
				<wbs:Activity URI="http://www.tu-harburg.de/wb/kalypso/kb/workflow/test#Val2DNet">
				<wbs:Name>2D-Netzvalidierung</wbs:Name>
				<wbs:Help>Validiert aufgebautes 2D-Netz</wbs:Help>
				</wbs:Activity>
				<wbs:Activity URI="http://www.tu-harburg.de/wb/kalypso/kb/workflow/test#Val1DRivNet">
				<wbs:Name>1D-Flussnetzvalidierung</wbs:Name>
				<wbs:Help>Validiert aufgebautes 1D-Flussnetz</wbs:Help>
				</wbs:Activity>
				<wbs:Activity URI="http://www.tu-harburg.de/wb/kalypso/kb/workflow/test#Val1DChanNet">
				<wbs:Name>1D-Kanalnetzvalidierung</wbs:Name>
				<wbs:Help>Validiert aufgebautes 1D-Kanalnetz</wbs:Help>
				</wbs:Activity>
				<wbs:Activity URI="http://www.tu-harburg.de/wb/kalypso/kb/workflow/test#ValTrans">
				<wbs:Name>Kopplungsvalidierung</wbs:Name>
				<wbs:Help>Validiert Netzkopplungen</wbs:Help>
				</wbs:Activity>
				</wbs:Task>
				</wbs:TaskGroup>
			-->
		</wbs:TaskGroup>
		<wbs:TaskGroup URI="http://www.tu-harburg.de/wb/kalypso/kb/workflow/test#RoughMod">
			<wbs:Name>Rauheitsmodellierung</wbs:Name>
			<wbs:Help>Rauheitszonen definieren sowie Bearbeitung der Rauheitsklassen</wbs:Help>
			<wbs:Task URI="http://www.tu-harburg.de/wb/kalypso/kb/workflow/test#ClassDefGroup">
				<wbs:Name>Rauheitsdatenbank bearbeiten</wbs:Name>
				<wbs:Help>Ermöglicht die Bearbeitung der Einträge in der globalen Rauheitsdatenbank</wbs:Help>
				<!-- 
					<wbs:Task URI="http://www.tu-harburg.de/wb/kalypso/kb/workflow/test#ModifyDB">
					<wbs:Name>Rauheitsdatenbank bearbeiten</wbs:Name>
					<wbs:Help>Ermöglicht die Bearbeitung der Einträge in der globalen Rauheitsdatenbank</wbs:Help>
					<wbs:Activity URI="http://www.tu-harburg.de/wb/kalypso/kb/workflow/test#DBRoughNewLine">
					<wbs:Name>neuen Datensatz anlegen</wbs:Name>
					<wbs:Help>Legt neuen Datensatz in der Rauhigkeitsdatenbank an. Erfordert Befugnis, Daten ändern zu dürfen</wbs:Help>
					</wbs:Activity>
					<wbs:Activity URI="http://www.tu-harburg.de/wb/kalypso/kb/workflow/test#DBRoughDelLine">
					<wbs:Name>Datensatz löschen</wbs:Name>
					<wbs:Help>Löscht einen Datensatz aus der Rauhigkeitsdatenbank. Erfordert Befugnis, Daten ändern zu dürfen</wbs:Help>
					</wbs:Activity>
					<wbs:Activity URI="http://www.tu-harburg.de/wb/kalypso/kb/workflow/test#DBRoughCopyLine">
					<wbs:Name>Datensatz kopieren</wbs:Name>
					<wbs:Help>Kopiert einen Datensatz in der Rauheitsdatenbank. Erfordert Befugnis, Daten ändern zu dürfen</wbs:Help>
					</wbs:Activity>
					<wbs:Activity URI="http://www.tu-harburg.de/wb/kalypso/kb/workflow/test#DBRoughEdit">
					<wbs:Name>Daten editieren</wbs:Name>
					<wbs:Help>Editieren von Daten in der tabellarischen Ansicht der Datenbank</wbs:Help>
					</wbs:Activity>
					<wbs:Activity URI="http://www.tu-harburg.de/wb/kalypso/kb/workflow/test#DBRoughSaveEdits">
					<wbs:Name>Daten speichern</wbs:Name>
					<wbs:Help>Speichert die Änderungen an der Datenbank (Ablage im CVS???)</wbs:Help>
					</wbs:Activity>
					</wbs:Task>
					<wbs:Task URI="http://www.tu-harburg.de/wb/kalypso/kb/workflow/test#ViewDB">
					<wbs:Name>Rauheitsdatenbank anzeigen</wbs:Name>
					<wbs:Help>Zeigt die globale Rauheitsdatenbank ohne die Möglichkeit, Veränderungen vorzunehmen</wbs:Help>
					</wbs:Task>
					<wbs:Task URI="http://www.tu-harburg.de/wb/kalypso/kb/workflow/test#ExportDB">
					<wbs:Name>Datenbank exportieren</wbs:Name>
					<wbs:Help></wbs:Help>
					</wbs:Task>
				-->
			</wbs:Task>
			<wbs:Task URI="http://www.tu-harburg.de/wb/kalypso/kb/workflow/test#ZoneDefGroup">
				<wbs:Name>Rauheitszonen definieren</wbs:Name>
				<wbs:Help>Ermöglicht die polygonale Definition von Rauheitszonen</wbs:Help>
				<!-- 
					<wbs:Task URI="http://www.tu-harburg.de/wb/kalypso/kb/workflow/test#ZoneAreaDef">
					<wbs:Name>Rauheitszonen definieren</wbs:Name>
					<wbs:Help>Ermöglicht die polygonale Definition von Rauheitszonen</wbs:Help>
					<wbs:Activity URI="http://www.tu-harburg.de/wb/kalypso/kb/workflow/test#DefRoughDrawPolygon">
					<wbs:Name>Polygon zeichnen</wbs:Name>
					<wbs:Help>Ein Polygon zur räumlichen Abgrenzung einer Rauheitsklasse zeichnen</wbs:Help>
					</wbs:Activity>
					<wbs:Activity URI="http://www.tu-harburg.de/wb/kalypso/kb/workflow/test#DefRoughDelPolygon">
					<wbs:Name>Polygon zeichnen</wbs:Name>
					<wbs:Help>Ein Polygon zur räumlichen Abgrenzung einer Rauheitsklasse zeichnen</wbs:Help>
					</wbs:Activity>
					<wbs:Activity URI="http://www.tu-harburg.de/wb/kalypso/kb/workflow/test#DefRoughMoveNode">
					<wbs:Name>Polygon verändern</wbs:Name>
					<wbs:Help>Ändern des Rauhigkeitsklassenpolygons</wbs:Help>
					</wbs:Activity>
					<wbs:Activity URI="http://www.tu-harburg.de/wb/kalypso/kb/workflow/test#DefRoughAssignClass">
					<wbs:Name>Rauheitsklasse zuweisen</wbs:Name>
					<wbs:Help>Ordnet einem Polynom eine Rauheitsklasse aus der zur Verfügung stehenden Liste zu</wbs:Help>
					</wbs:Activity>
					</wbs:Task>
					<wbs:Task URI="http://www.tu-harburg.de/wb/kalypso/kb/workflow/test#ZoneParaDef">
					<wbs:Name>Rauheitsparameter bearbeiten</wbs:Name>
					<wbs:Help>Tabellarische Bearbeitung der Rauheitszonen, Zuweisung von Rauheitsklassen und Korrekturen</wbs:Help>					
					<wbs:Activity URI="http://www.tu-harburg.de/wb/kalypso/kb/workflow/test#DefRoughSelPolygons">
					<wbs:Name>Polygone auswählen</wbs:Name>
					<wbs:Help>Highlighting ausgewählter Polygone in der Datentabelle</wbs:Help>
					</wbs:Activity>
					<wbs:Activity URI="http://www.tu-harburg.de/wb/kalypso/kb/workflow/test#DefRoughShowProps">
					<wbs:Name>Daten einsehen</wbs:Name>
					<wbs:Help>Öffnet eine Datentabelle zu den Eigenschaften der Polygone</wbs:Help>
					</wbs:Activity>
					<wbs:Activity URI="http://www.tu-harburg.de/wb/kalypso/kb/workflow/test#DefRoughEditCorrPara">
					<wbs:Name>Korrekturfaktoren bearbeiten</wbs:Name>
					<wbs:Help>Editierung der Korrekturfaktoren der Rauheitszonenparameter</wbs:Help>
					</wbs:Activity>
					<wbs:Activity URI="http://www.tu-harburg.de/wb/kalypso/kb/workflow/test#DefRoughSortData">
					<wbs:Name>Daten sortieren</wbs:Name>
					<wbs:Help>Sortiert die Datensätze nach gegebenem Kriterium</wbs:Help>
					</wbs:Activity>					
					</wbs:Task>
					<wbs:Task URI="http://www.tu-harburg.de/wb/kalypso/kb/workflow/test#RBLineDef">
					<wbs:Name>Randbedingungslinien definieren</wbs:Name>
					<wbs:Help>Definiert Linien auf dem Gebietsrand zur Angabe von Randbedingungen</wbs:Help>
					<wbs:Activity URI="http://www.tu-harburg.de/wb/kalypso/kb/workflow/test#RBDefDrawLine">
					<wbs:Name>Polylinie zeichnen</wbs:Name>
					<wbs:Help>Zeichnen einer Polylinie als Randbedingunslinie</wbs:Help>
					</wbs:Activity>
					<wbs:Activity URI="http://www.tu-harburg.de/wb/kalypso/kb/workflow/test#RBDefAssignProps">
					<wbs:Name>Informationen zuweisen</wbs:Name>
					<wbs:Help>Zusätzliche Informationen an eine Randbedingungslinie zuweisen (Stationierung, Kommentar)</wbs:Help>
					</wbs:Activity>
					</wbs:Task>
				-->
			</wbs:Task>
		</wbs:TaskGroup>
		<wbs:TaskGroup URI="http://www.tu-harburg.de/wb/kalypso/kb/workflow/test#Cond">
			<wbs:Name>Anfangswerte/Randbedingungen</wbs:Name>
			<wbs:Help>Anfangswerte und Randbedingungen festlegen</wbs:Help>
			<wbs:TaskGroup URI="http://www.tu-harburg.de/wb/kalypso/kb/workflow/test#BCDefGroup">
				<wbs:Name>Randbedingungen</wbs:Name>
				<wbs:Help></wbs:Help>
				<wbs:Task URI="http://www.tu-harburg.de/wb/kalypso/kb/workflow/test#NodalBCDef">
					<wbs:Name>Knotenrandbedingungen spezifizieren</wbs:Name>
					<wbs:Help>Definition von Randbedingungen, die nur auf einen Knoten angewendet werden sollen</wbs:Help>
					<!--  
						<wbs:Activity URI="http://www.tu-harburg.de/wb/kalypso/kb/workflow/test#NodalDefChosePoint">
						<wbs:Name>Randbedingungsknoten wählen</wbs:Name>
						<wbs:Help>Knoten auswählen, an dem eine Randbedingungen angelegt werden soll</wbs:Help>
						</wbs:Activity>
						<wbs:Activity URI="http://www.tu-harburg.de/wb/kalypso/kb/workflow/test#NodalDefAssignValues">
						<wbs:Name>Randbedingungen zuweisen</wbs:Name>
						<wbs:Help>Weist Randbedingungsinformationen an einen Knoten zu</wbs:Help>
						</wbs:Activity>
					-->
				</wbs:Task>
				<wbs:Task URI="http://www.tu-harburg.de/wb/kalypso/kb/workflow/test#LineBCDef">
					<wbs:Name>Linienrandbedingungen definieren</wbs:Name>
					<wbs:Help>Definition von Randbedingungen, die auf eine Linie angewendet werden</wbs:Help>
					<!-- 
						<wbs:Activity URI="http://www.tu-harburg.de/wb/kalypso/kb/workflow/test#RBDefSelLine">
						<wbs:Name>Randbedingungslinie wählen</wbs:Name>
						<wbs:Help>Auswahl der Randbedingungslinie, an der Randbedingung angewendet werden soll</wbs:Help>
						</wbs:Activity>
						<wbs:Activity URI="http://www.tu-harburg.de/wb/kalypso/kb/workflow/test#RBDefSetType">
						<wbs:Name>Art wählen</wbs:Name>
						<wbs:Help>Art der Randbedingung auswählen</wbs:Help>
						</wbs:Activity>
						<wbs:Activity URI="http://www.tu-harburg.de/wb/kalypso/kb/workflow/test#RBDefSelTimeSeries">
						<wbs:Name>Ganglinie zuweisen</wbs:Name>
						<wbs:Help>Ganglinie auswählen, die angewendet werden soll</wbs:Help>
						</wbs:Activity>
						<wbs:Activity URI="http://www.tu-harburg.de/wb/kalypso/kb/workflow/test#RBDefSelRelationship">
						<wbs:Name>Wasserstands-Abfluss-Beziehung zuweisen</wbs:Name>
						<wbs:Help>Zuweisen einer Wasserstands-Abfluss-Beziehung zur Randbedingungsgeometrie</wbs:Help>
						</wbs:Activity>
						<wbs:Activity URI="http://www.tu-harburg.de/wb/kalypso/kb/workflow/test#RBDefSetValue">
						<wbs:Name>Wert definieren</wbs:Name>
						<wbs:Help>Einzelwert als Randbedingung definieren</wbs:Help>
						</wbs:Activity>
						<wbs:Activity URI="http://www.tu-harburg.de/wb/kalypso/kb/workflow/test#RBDefValueGen">
						<wbs:Name>RB-Reihe definieren</wbs:Name>
						<wbs:Help>Ganglinie von Randbedingungen anhand manueller Eingaben definieren</wbs:Help>
						</wbs:Activity>
					-->
				</wbs:Task>
			</wbs:TaskGroup>
			<wbs:TaskGroup URI="http://www.tu-harburg.de/wb/kalypso/kb/workflow/test#StSolGroup">
				<wbs:Name>Anfangslösung</wbs:Name>
				<wbs:Help></wbs:Help>
				<wbs:Task URI="http://www.tu-harburg.de/wb/kalypso/kb/workflow/test#DefManStSol">
					<wbs:Name>Anfangswerte schätzen</wbs:Name>
					<wbs:Help>Definition von Anfangswerten (z.B. Lake-Solution)</wbs:Help>
					<!-- 
						<wbs:Activity URI="http://www.tu-harburg.de/wb/kalypso/kb/workflow/test#ManStSolDefH">
						<wbs:Name>Anfangswasserstand wählen</wbs:Name>
						<wbs:Help>Definition eines Anfangswasserstandes (normalerweise über höchster Geländehöhe</wbs:Help>
						</wbs:Activity>
						<wbs:Activity URI="http://www.tu-harburg.de/wb/kalypso/kb/workflow/test#ManStSolDefV">
						<wbs:Name>Anfangsfließgeschwindigkeit wählen</wbs:Name>
						<wbs:Help>Definition der initialen Werte der Fließgeschwindigkeit und der Richtung für 1D-Elemente</wbs:Help>
						</wbs:Activity>
					-->
				</wbs:Task>
				<wbs:Task URI="http://www.tu-harburg.de/wb/kalypso/kb/workflow/test#ChoseRestSol">
					<wbs:Name>Restartlösung spezifizieren</wbs:Name>
					<wbs:Help>Spezifikation eines Berechnungsergebnisses als Anfangswerte für eine neue Berechnung</wbs:Help>
				</wbs:Task>
			</wbs:TaskGroup>
		</wbs:TaskGroup>
	</wbs:Phase>

	<wbs:Phase URI="http://www.tu-harburg.de/wb/kalypso/kb/workflow/test#Processing">
		<wbs:Name>Processing: Kalibrieren und Rechnen</wbs:Name>
		<wbs:Help>Nach Aufbau der Modelldaten können Berechnungen mit dem Ziel der Kalibrierung und/oder Szenarienrechnung vorgenommen werden.</wbs:Help>
		<wbs:TaskGroup URI="http://www.tu-harburg.de/wb/kalypso/kb/workflow/test#CalcSet">
			<wbs:Name>Berechnungseinstellungen</wbs:Name>
			<wbs:Help>Einstellung der generellen Berechnungsparameter</wbs:Help>
			<!-- 
				<wbs:Task URI="http://www.tu-harburg.de/wb/kalypso/kb/workflow/test#DryAlgorithmDef">
				<wbs:Name>Drying/Wetting Algorithmus</wbs:Name>
				<wbs:Help>Einstellen des Trockenfallalgorithmus</wbs:Help>
				<wbs:Activity URI="http://www.tu-harburg.de/wb/kalypso/kb/workflow/test#DryWetChoseAlgorithm">
				<wbs:Name>Drying/Wetting Algorithmus wählen</wbs:Name>
				<wbs:Help>Auswahl des anzuwendenden Algorithmus</wbs:Help>
				</wbs:Activity>
				<wbs:Activity URI="http://www.tu-harburg.de/wb/kalypso/kb/workflow/test#DryWetParameters">
				<wbs:Name>Grenztiefen festlegen</wbs:Name>
				<wbs:Help>Legt Trockenfalltiefe und Benetzungstiefe fest (nicht Marsh-Parameter)</wbs:Help>
				</wbs:Activity>
				<wbs:Activity URI="http://www.tu-harburg.de/wb/kalypso/kb/workflow/test#DryWetMarshParameters">
				<wbs:Name>Marsh-Parameter festlegen</wbs:Name>
				<wbs:Help>Festlegen der (3 oder 4) Marsh-Parameter im Gebiet</wbs:Help>
				</wbs:Activity>
				</wbs:Task>
				<wbs:Task URI="http://www.tu-harburg.de/wb/kalypso/kb/workflow/test#ConvParDef">
				<wbs:Name>Konvergenz Parameter</wbs:Name>
				<wbs:Help>Festlegen der Konvergenz Parameter für den Berechnungsalgorithmus</wbs:Help>
				</wbs:Task>
				<wbs:Task URI="http://www.tu-harburg.de/wb/kalypso/kb/workflow/test#GenCalcSet">
				<wbs:Name>Berechnungseinstellungen</wbs:Name>
				<wbs:Help>Legt alle generellen Berechnungseinstellungen fest</wbs:Help>
				</wbs:Task>
				<wbs:Task URI="http://www.tu-harburg.de/wb/kalypso/kb/workflow/test#RelaxSet">
				<wbs:Name>Relaxationsparameter</wbs:Name>
				<wbs:Help>Einstellung der Relaxationsparameter für den iterativen Gleichungslöser</wbs:Help>
				<wbs:Activity URI="http://www.tu-harburg.de/wb/kalypso/kb/workflow/test#RelaxChoseTimeStep">
				<wbs:Name>Zeitschritt auswählen</wbs:Name>
				<wbs:Help>Wählt einen Zeitschritt aus, für welchen die Relaxationparameter eingestellt werden sollen</wbs:Help>
				</wbs:Activity>
				<wbs:Activity URI="http://www.tu-harburg.de/wb/kalypso/kb/workflow/test#RelaxGenSet">
				<wbs:Name>Einheitsparameter vergeben</wbs:Name>
				<wbs:Help>generellen Relaxationsparameter für den gewählten Zeitschritt einstellen</wbs:Help>
				</wbs:Activity>
				<wbs:Activity URI="http://www.tu-harburg.de/wb/kalypso/kb/workflow/test#RelaxViewParameters">
				<wbs:Name>Detaileinstellungen</wbs:Name>
				<wbs:Help>Tabellarische Ansicht der Relaxationsparameter für einen Zeitschritt</wbs:Help>
				</wbs:Activity>
				</wbs:Task>
				<wbs:Task URI="http://www.tu-harburg.de/wb/kalypso/kb/workflow/test#TurbRoughDef">
				<wbs:Name>Widerstands- und Turbulenzansatz</wbs:Name>
				<wbs:Help></wbs:Help>
				<wbs:Activity URI="http://www.tu-harburg.de/wb/kalypso/kb/workflow/test#TurbRoughChoseRoughAppr">
				<wbs:Name>Rauheitsansatz wählen</wbs:Name>
				<wbs:Help>Auswahl des Rauheitsansatzes</wbs:Help>
				</wbs:Activity>
				<wbs:Activity URI="http://www.tu-harburg.de/wb/kalypso/kb/workflow/test#TurbRoughChoseTurbAppr">
				<wbs:Name>Turbulenzmodell wählen</wbs:Name>
				<wbs:Help>Auswahl des angewandten Turbulenzmodells</wbs:Help>
				</wbs:Activity>
				</wbs:Task>
			-->
		</wbs:TaskGroup>
		<wbs:TaskGroup URI="http://www.tu-harburg.de/wb/kalypso/kb/workflow/test#ResDef">
			<wbs:Name>spezielle Ausgaben definieren</wbs:Name>
			<wbs:Help></wbs:Help>
			<wbs:Task URI="http://www.tu-harburg.de/wb/kalypso/kb/workflow/test#CalcLinesSet">
				<wbs:Name>Kontinuitätslinien bestimmen</wbs:Name>
				<wbs:Help>Kontinuitätslinien festlegen, die besonders behandelt werden sollen.</wbs:Help>
				<!-- 
					<wbs:Activity URI="http://www.tu-harburg.de/wb/kalypso/kb/workflow/test#CCLDef">
					<wbs:Name>Kontinuitätslinie definieren</wbs:Name>
					<wbs:Help>Legt Kontinuitätslinie an, für die während der Berechnung Ergebnisse ermittelt werden</wbs:Help>
					</wbs:Activity>
					<wbs:Activity URI="http://www.tu-harburg.de/wb/kalypso/kb/workflow/test#CCLSel">
					<wbs:Name>Kontinuitätslinie auswählen</wbs:Name>
					<wbs:Help>Aktivieren der bei der Berechnung zu verwendenden Kontinuitätslinien</wbs:Help>
					</wbs:Activity>
				-->
			</wbs:Task>
			<wbs:Task URI="http://www.tu-harburg.de/wb/kalypso/kb/workflow/test#NodeObserveSet">
				<wbs:Name>Ausgabeknoten bestimmen</wbs:Name>
				<wbs:Help>Knoten festlegen, für die während der Berechnung weitere Daten herausgeschrieben werden sollen</wbs:Help>
			</wbs:Task>
		</wbs:TaskGroup>
		<!-- 
			<wbs:TaskGroup URI="http://www.tu-harburg.de/wb/kalypso/kb/workflow/test#ModCheck">
			<wbs:Name>Modell prüfen</wbs:Name>
			<wbs:Help>Das Modell auf Konsistenz prüfen</wbs:Help>
			<wbs:Task URI="http://www.tu-harburg.de/wb/kalypso/kb/workflow/test#CheckBC">
			<wbs:Name>Randbedingungen prüfen</wbs:Name>
			<wbs:Help>Prüfen der Randbedingungen auf Konsistenz mit dem Netz</wbs:Help>
			<wbs:Activity URI="http://www.tu-harburg.de/wb/kalypso/kb/workflow/test#CheckBCShowBCs">
			<wbs:Name>Randbedingungen zeigen</wbs:Name>
			<wbs:Help>Zeigt die Lage der Randbedingungen in Karte an und prüft, dass sich nicht im Leeren liegen</wbs:Help>
			</wbs:Activity>
			<wbs:Activity URI="http://www.tu-harburg.de/wb/kalypso/kb/workflow/test#CheckBCCheckValues">
			<wbs:Name>Werte prüfen</wbs:Name>
			<wbs:Help>Prüft, ob keine Nullwerte vorhanden sind</wbs:Help>
			</wbs:Activity>
			<wbs:Activity URI="http://www.tu-harburg.de/wb/kalypso/kb/workflow/test#CheckBC">
			<wbs:Name>Konsistenz prüfen</wbs:Name>
			<wbs:Help>Prüft, ob die Daten zusammen ein konsistentes RB-System ergeben</wbs:Help>
			</wbs:Activity>
			</wbs:Task>
			<wbs:Task URI="http://www.tu-harburg.de/wb/kalypso/kb/workflow/test#CheckStSol">
			<wbs:Name>Anfangswerte prüfen</wbs:Name>
			<wbs:Help>Prüfung der Anfangswerte auf Konsistenz mit dem FE-Netz</wbs:Help>
			</wbs:Task>
			</wbs:TaskGroup>
		-->
		<wbs:TaskGroup URI="http://www.tu-harburg.de/wb/kalypso/kb/workflow/test#Calc">
			<wbs:Name>Berechnung starten</wbs:Name>
			<wbs:Help>Starten einer Berechnung zur Kalibrierung oder Szenariensimulation</wbs:Help>
			<wbs:Task URI="http://www.tu-harburg.de/wb/kalypso/kb/workflow/test#StartCalculation">
				<wbs:Name>Berechnung durchführen</wbs:Name>
				<wbs:Help>Startet die Berechnung unter Verwendung eines Kontrolldisplays</wbs:Help>
				<!-- 
					<wbs:Activity URI="http://www.tu-harburg.de/wb/kalypso/kb/workflow/test#CalcScenarioBuilding">
					<wbs:Name>Szenario zusammenstellen</wbs:Name>
					<wbs:Help>Zusammenstellung von Szenarien auf der Basis der Submodelle</wbs:Help>
					</wbs:Activity>
					<wbs:Activity URI="http://www.tu-harburg.de/wb/kalypso/kb/workflow/test#CalcChoseSimModel">
					<wbs:Name>Szenario/Rechenfall auswählen</wbs:Name>
					<wbs:Help>Zur Auswahl zu berechnender Szenarien</wbs:Help>
					</wbs:Activity>
					<wbs:Activity URI="http://www.tu-harburg.de/wb/kalypso/kb/workflow/test#CalcContext">
					<wbs:Name>Konsole ein/aus</wbs:Name>
					<wbs:Help>Ein-/Ausschalten der Berechnungskonsole</wbs:Help>
					</wbs:Activity>
					<wbs:Activity URI="http://www.tu-harburg.de/wb/kalypso/kb/workflow/test#CalcStart">
					<wbs:Name>Berechnung starten</wbs:Name>
					<wbs:Help>Startet die Berechnung für die ausgewählten Szenarien</wbs:Help>
					</wbs:Activity>
				-->
			</wbs:Task>
		</wbs:TaskGroup>
	</wbs:Phase>

	<wbs:Phase URI="http://www.tu-harburg.de/wb/kalypso/kb/workflow/test#Postprocessing">
		<wbs:Name>Postprocessing: Ergebnisauswertungen</wbs:Name>
		<wbs:Help>Nach Aufbau der Modelldaten können Berechnungen mit dem Ziel der Kalibrierung und/oder Szenarienrechnung vorgenommen werden.</wbs:Help>
		<wbs:TaskGroup URI="http://www.tu-harburg.de/wb/kalypso/kb/workflow/test#PlanView">
			<wbs:Name>Einstellungen Draufsicht</wbs:Name>
			<wbs:Help></wbs:Help>
			<wbs:Task URI="http://www.tu-harburg.de/wb/kalypso/kb/workflow/test#VectorDispl">
				<wbs:Name>Vektorendarstellung</wbs:Name>
				<wbs:Help>Erstellt spezifizierte Ergebnisse in Vektorform</wbs:Help>
				<!-- 
					<wbs:Activity URI="http://www.tu-harburg.de/wb/kalypso/kb/workflow/test#VDis_ResultSelection">
					<wbs:Name>Ergebnisse wählen</wbs:Name>
					<wbs:Help>Darzustellende Ergebnisse auswählen</wbs:Help>
					</wbs:Activity>
					<wbs:Activity URI="http://www.tu-harburg.de/wb/kalypso/kb/workflow/test#VDis_VectorSettings">
					<wbs:Name>Vektoreinstellungen</wbs:Name>
					<wbs:Help>Einstellung der Vektorskalierung sowie der farblichen Darstellung</wbs:Help>
					</wbs:Activity>
					<wbs:Activity URI="http://www.tu-harburg.de/wb/kalypso/kb/workflow/test#VDis_Generation">
					<wbs:Name>Vektoren erstellen</wbs:Name>
					<wbs:Help>Darstellung der gewählten Ergebnisse als Vektoren</wbs:Help>
					</wbs:Activity>
				-->
			</wbs:Task>
			<wbs:Task URI="http://www.tu-harburg.de/wb/kalypso/kb/workflow/test#ColoredDispl">
				<wbs:Name>Farbflächendarstellung</wbs:Name>
				<wbs:Help>Erstellt spezifizierte Ergebnisse in Farbflächendarstellung</wbs:Help>
				<!-- 
					<wbs:Activity URI="http://www.tu-harburg.de/wb/kalypso/kb/workflow/test#CDis_ResultSelection">
					<wbs:Name>Ergebnisse wählen</wbs:Name>
					<wbs:Help>Darzustellende Ergebnisse auswählen</wbs:Help>
					</wbs:Activity>
					<wbs:Activity URI="http://www.tu-harburg.de/wb/kalypso/kb/workflow/test#CDis_IntervallSettings">
					<wbs:Name>Intervalleinstellungen</wbs:Name>
					<wbs:Help>Zur Einstellung der mit den Farbflächen darzustellenden Intervalle</wbs:Help>
					</wbs:Activity>
					<wbs:Activity URI="http://www.tu-harburg.de/wb/kalypso/kb/workflow/test#CDis_ColorSettings">
					<wbs:Name>Farbeinstellungen</wbs:Name>
					<wbs:Help>Farbskala</wbs:Help>
					</wbs:Activity>
					<wbs:Activity URI="http://www.tu-harburg.de/wb/kalypso/kb/workflow/test#CDis_Generation">
					<wbs:Name>Farbflächen erstellen</wbs:Name>
					<wbs:Help>Erstellung der Farbflächen mit den gewählten Einstellungen für ein ausgewähltes Ergebnis</wbs:Help>
					</wbs:Activity>
				-->
			</wbs:Task>
			<wbs:Task URI="http://www.tu-harburg.de/wb/kalypso/kb/workflow/test#IsolineDispl">
				<wbs:Name>Isoliniendarstellung</wbs:Name>
				<wbs:Help>Erstellt spezifizierte Ergebnisse in Isoliniendarstellung</wbs:Help>
				<!-- 
					<wbs:Activity URI="http://www.tu-harburg.de/wb/kalypso/kb/workflow/test#Isol_ResultSelection">
					<wbs:Name>Ergebnisse wählen</wbs:Name>
					<wbs:Help>Darzustellende Ergebnisse auswählen</wbs:Help>
					</wbs:Activity>
					<wbs:Activity URI="http://www.tu-harburg.de/wb/kalypso/kb/workflow/test#Isol_IntervallSettings">
					<wbs:Name>Intervalleinstellungen</wbs:Name>
					<wbs:Help>Zur Einstellung der mit den Isolinien darzustellenden Intervalle</wbs:Help>
					</wbs:Activity>
					<wbs:Activity URI="http://www.tu-harburg.de/wb/kalypso/kb/workflow/test#Isol_ColorSettings">
					<wbs:Name>Farbeinstellungen</wbs:Name>
					<wbs:Help>Zur Einstellung der Farben der Isolinien</wbs:Help>
					</wbs:Activity>
					<wbs:Activity URI="http://www.tu-harburg.de/wb/kalypso/kb/workflow/test#Isol_Generation">
					<wbs:Name>Isolinien erstellen</wbs:Name>
					<wbs:Help>Erstellung von Isolinien mit den gewählten Einstellungen für ein ausgewähltes Ergebnis</wbs:Help>
					</wbs:Activity>
				-->
			</wbs:Task>
		</wbs:TaskGroup>
		<wbs:TaskGroup URI="http://www.tu-harburg.de/wb/kalypso/kb/workflow/test#Section">
			<wbs:Name>Schnittdarstellungen</wbs:Name>
			<wbs:Help>Darstellung von Längs- oder Querschnitten</wbs:Help>
			<wbs:Task URI="http://www.tu-harburg.de/wb/kalypso/kb/workflow/test#CrossSecDef">
				<wbs:Name>einzelne Schnitte</wbs:Name>
				<wbs:Help>Ermöglicht die Erstellung oder Bearbeitung von beliebigen Schnitten durch das Gebiet</wbs:Help>
				<!-- 
					<wbs:Activity URI="http://www.tu-harburg.de/wb/kalypso/kb/workflow/test#CSecDrawPolyline">
					<wbs:Name>Schnitt zeichnen</wbs:Name>
					<wbs:Help>Erstellung eines Polylinienschnittes</wbs:Help>
					</wbs:Activity>
					<wbs:Activity URI="http://www.tu-harburg.de/wb/kalypso/kb/workflow/test#CSecSettings">
					<wbs:Name>Schnitteinstellungen</wbs:Name>
					<wbs:Help>Daten zum Schnitt eingeben, z.B. Stationierung und Kommentar</wbs:Help>
					</wbs:Activity>
					<wbs:Activity URI="http://www.tu-harburg.de/wb/kalypso/kb/workflow/test#CSecChoseResults">
					<wbs:Name>Ergebnisse auswählen</wbs:Name>
					<wbs:Help>darzustellende Ergebnisse an dem Schnitt auswählen</wbs:Help>
					</wbs:Activity>
					<wbs:Activity URI="http://www.tu-harburg.de/wb/kalypso/kb/workflow/test#CSecDisplay">
					<wbs:Name>Ergebnisse darstellen</wbs:Name>
					<wbs:Help>Stellt Ergebnisse in einer Schnittanzeige dar</wbs:Help>
					</wbs:Activity>
					<wbs:Activity URI="http://www.tu-harburg.de/wb/kalypso/kb/workflow/test#CSecShowTimeSeriesQ">
					<wbs:Name>Q-Zeitreihe</wbs:Name>
					<wbs:Help>Darstellung des Abflusses durch das gewählte Profil in Zeitreihe</wbs:Help>
					</wbs:Activity>
				-->
			</wbs:Task>
			<wbs:Task URI="http://www.tu-harburg.de/wb/kalypso/kb/workflow/test#LongSecDef">
				<wbs:Name>Längsschnitt</wbs:Name>
				<wbs:Help>Ermöglicht die Definition von Gewässerlängsschnitten auf der Basis definierter Querschnitte</wbs:Help>
				<!-- 
					<wbs:Activity URI="http://www.tu-harburg.de/wb/kalypso/kb/workflow/test#LSecGroupCSecs">
					<wbs:Name>Längsschnitt definieren</wbs:Name>
					<wbs:Help>Definition eines Längsschnittes durch Auswahl der zugehörigen Querschnitte</wbs:Help>
					</wbs:Activity>
					<wbs:Activity URI="http://www.tu-harburg.de/wb/kalypso/kb/workflow/test#LSecSettings">
					<wbs:Name>Längsschnitteinstellungen</wbs:Name>
					<wbs:Help>Daten zum Längsschnitt eingeben, z.B. Gewässername und Kommentar</wbs:Help>
					</wbs:Activity>
					<wbs:Activity URI="http://www.tu-harburg.de/wb/kalypso/kb/workflow/test#LSecChoseResult">
					<wbs:Name>Ergebnisse wählen</wbs:Name>
					<wbs:Help>Auswahl der darzustellenden Ergebnisse</wbs:Help>
					</wbs:Activity>
					<wbs:Activity URI="http://www.tu-harburg.de/wb/kalypso/kb/workflow/test#LSecDisplay">
					<wbs:Name>Längsschnitt darstellen</wbs:Name>
					<wbs:Help>Zeigt den ausgewählten Längsschnitt grafisch mit den ausgewählten Ergebnissen an</wbs:Help>
					</wbs:Activity>
				-->
			</wbs:Task>
			<wbs:Task URI="http://www.tu-harburg.de/wb/kalypso/kb/workflow/test#TimeSeriesDispl">
				<wbs:Name>Gangliniendarstellung</wbs:Name>
				<wbs:Help>Ermöglicht die Gangliniendarstellung selektierter Ergebnisgeometrien</wbs:Help>
				<!-- 
					<wbs:Activity URI="http://www.tu-harburg.de/wb/kalypso/kb/workflow/test#TimeNode">
					<wbs:Name>Ergebniszeitreihe Knoten</wbs:Name>
					<wbs:Help>Darstellen der Ergebnisse eines speziellen Knotens als Zeitreihe</wbs:Help>
					</wbs:Activity>
					<wbs:Activity URI="http://www.tu-harburg.de/wb/kalypso/kb/workflow/test#TimeCCL">
					<wbs:Name>Ergebniszeitreihe Kontinuitätslinie</wbs:Name>
					<wbs:Help>Darstellung der Abflussganglinie an einer vor der Berechnung definierten Kontinuitätslinien</wbs:Help>
					</wbs:Activity>
				-->
			</wbs:Task>
		</wbs:TaskGroup>
		<!-- 
			<wbs:TaskGroup URI="http://www.tu-harburg.de/wb/kalypso/kb/workflow/test#Export">
			<wbs:Name>Daten exportieren</wbs:Name>
			<wbs:Help>Exportieren der Daten für die Weiterbearbeitung: FloodModeller/RiskModeller</wbs:Help>
			<wbs:Task URI="http://www.tu-harburg.de/wb/kalypso/kb/workflow/test#ExportFile">
			<wbs:Name>Ergebnisdatei exportieren</wbs:Name>
			<wbs:Help>Ermöglicht den Export von Daten in Kalypso2D-Format</wbs:Help>
			</wbs:Task>
			<wbs:Task URI="http://www.tu-harburg.de/wb/kalypso/kb/workflow/test#ExportPict">
			<wbs:Name>Bild exportieren</wbs:Name>
			<wbs:Help>aktuelle Darstellung als Bild exportieren</wbs:Help>
			</wbs:Task>
			<wbs:Task URI="http://www.tu-harburg.de/wb/kalypso/kb/workflow/test#ExportFloodModeller">
			<wbs:Name>Export für Floodmodeller</wbs:Name>
			<wbs:Help>Ermöglicht den Datentransfer zum Floodmodeller</wbs:Help>
			</wbs:Task>
			<wbs:Task URI="http://www.tu-harburg.de/wb/kalypso/kb/workflow/test#ExportRiskModeller">
			<wbs:Name>Export für Riskmodeller</wbs:Name>
			<wbs:Help>Ermöglicht den Datentransfer zum Riskmodeller</wbs:Help>
			</wbs:Task>
			</wbs:TaskGroup>
		-->
	</wbs:Phase>

	<!-- Validation of net takes place later in general mesh checking
		=======================================================================================
		<wbs:Task
		URI="http://www.tu-harburg.de/wb/kalypso/kb/workflow/test#Net2DVal">
		<wbs:Name> Netzvalidierung </wbs:Name>
		<wbs:Help> ??? </wbs:Help>
		<wbs:hasActivities rdf:resource="http://www.tu-harburg.de/wb/kalypso/kb/workflow/test#Net2DValActs"/>
		</wbs:Task>	
		<wbs:ActivitySeq 
		URI="http://www.tu-harburg.de/wb/kalypso/kb/workflow/test#Net2DValActs">
		<rdf:_1 rdf:resource="http://www.tu-harburg.de/wb/kalypso/kb/workflow/test#Val2D"/>
		</wbs:ActivitySeq>
		<wbs:Activity 
		URI="http://www.tu-harburg.de/wb/kalypso/kb/workflow/test#Val2D">
		<wbs:Name> 2D-Netz validieren </wbs:Name>
		<wbs:Help> Validiert das 1D-Netz </wbs:Help>
		</wbs:Activity>
		=======================================================================================
	-->

	<!-- 2D-control structures 2D are not available at present
		=======================================================================================
		<wbs:Task
		URI="http://www.tu-harburg.de/wb/kalypso/kb/workflow/test#Gen2DCntrStrcElts">
		<wbs:Name> 2D-Bauwerkselemente </wbs:Name>
		<wbs:Help> Bearbeitung und Generierung von Bauwerkselementen </wbs:Help>
		<wbs:hasActivities rdf:resource="http://www.tu-harburg.de/wb/kalypso/kb/workflow/test#Gen2DCntrStrcEltsActs"/>
		</wbs:Task>	
		<wbs:ActivitySeq 
		URI="http://www.tu-harburg.de/wb/kalypso/kb/workflow/test#Gen2DCntrStrcEltsActs">
		<rdf:_1 rdf:resource="http://www.tu-harburg.de/wb/kalypso/kb/workflow/test#???"/>
		</wbs:ActivitySeq>
		=======================================================================================
	-->

	<!-- 1D-Junctions not available at present
		=======================================================================================
		<wbs:Task
		URI="http://www.tu-harburg.de/wb/kalypso/kb/workflow/test#SetJunction">
		<wbs:Name> 1D-1D-Verbindungen </wbs:Name>
		<wbs:Help> Verbindet und verzweigt 1D-Netze </wbs:Help>
		<wbs:hasActivities rdf:resource="http://www.tu-harburg.de/wb/kalypso/kb/workflow/test#SetJunctionActs"/>
		</wbs:Task>	
		<wbs:ActivitySeq 
		URI="http://www.tu-harburg.de/wb/kalypso/kb/workflow/test#SetJunctionActs">
		<rdf:_1 rdf:resource="http://www.tu-harburg.de/wb/kalypso/kb/workflow/test#???"/>
		</wbs:ActivitySeq>
		=======================================================================================
	-->
</wbs:Workflow>
