<?xml version="1.0" encoding="UTF-8"?>
<modeldata xmlns="simspec.core.simulation.kalypso.org" xmlns:xsi="http://www.w3.org/2001/XMLSchema-instance" typeID="KalypsoDSS">	
	<input id="metadata" path=".calculation" relativeToCalcCase="true"/>
    <input id="measureRHB" path="rhbMeasure.gml" relativeToCalcCase="true" optional="true"/>
    <input id="measureMRS" path="mrsMeasure.gml" relativeToCalcCase="true" optional="true"/>
    <input id="measureSealing" path="sealingMeasure.gml" relativeToCalcCase="true" optional="true"/>
    <input id="xplanung" path="xplanung.gml" relativeToCalcCase="true" optional="true"/>
    <input id="SceConf" path="project:/.model/.sce.xml" relativeToCalcCase="false" optional="true"/>
    <input id="designArea" path="project:/.data/plangebiet.gml" relativeToCalcCase="false"/>
<!-- Zeitreihen als Verzeichnisse -->
    <output id="OUT_ZML" path="Ergebnisse" relativeToCalcCase="true"/>
</modeldata>

