<?xml version="1.0" encoding="UTF-8" standalone="yes"?>
<Diag xmlns="http://www.wldelft.nl/fews/PI" xmlns:xsi="http://www.w3.org/2001/XMLSchema-instance" xsi:schemaLocation="http://www.wldelft.nl/fews/PI HTTP://fews.wldelft.nl/schemas/version1.0/pi-schemas/pi_diag.xsd" version="1.2">
	<line level="3" description="HisXmlConverter 2008-07-09 13:40:21 : HisXmlConverter started."></line>
	<line level="4" description="HisXmlConverter 2008-07-09 13:40:21 : Commandline = ..\data\sobek_river\work/struc.his ..\data\OpenMI2PIdyn\struc.xml /batch /debug /diagfile ..\data\OpenMI2PIdyn\diag_struc_hisxmlconverter.xml"></line>
	<line level="4" description="HisXmlConverter 2008-07-09 13:40:21 : FileIn = D:\user\Q4210_Nofdp\delivery-2008-07-09\sobek-idss-delivery\data\sobek_river\work/struc.his"></line>
	<line level="4" description="HisXmlConverter 2008-07-09 13:40:21 : FileOut = D:\user\Q4210_Nofdp\delivery-2008-07-09\sobek-idss-delivery\data\OpenMI2PIdyn\struc.xml"></line>
	<line level="4" description="HisXmlConverter 2008-07-09 13:40:21 : BatchMode = True"></line>
	<line level="4" description="HisXmlConverter 2008-07-09 13:40:21 : DebugMode = True"></line>
	<line level="4" description="HisXmlConverter 2008-07-09 13:40:21 : Converting all locations"></line>
	<line level="4" description="HisXmlConverter 2008-07-09 13:40:21 : DebugMode is true, so writing PI file without binary data section"></line>
	<line level="3" description="HisXmlConverter 2008-07-09 13:40:21 : File has been converted succesfully."></line>
</Diag>