
<HTML>
  <HEAD>
    <toc name="JAX-WS RI">
      <banner>Java</banner>
    </toc>
  </HEAD>
  <BODY>
    <sup>
      <font size="-2">TM</font>
    </sup> API for XML Web Services
    <br> (JAX-WS)
    <footer>$Revision: 1.7 $
      <br> $Date: 2007/12/14 04:51:12 $
      <br> 
      <a href="Copyright.html">Copyright&#169; 2006 Sun Microsystems, Inc. All rights reserved.</a> 
    </footer> 
    <chapter name="JAX-WS RI 2.1.4">
      <document url="index.html" name="Overview"></document> 
      <document url="ReleaseNotes.html" name="Release Notes"></document> 
      <document url="changelog.html" name="Changelog"></document> 
    </chapter> 
    <chapter name="Users Guide">
      <document url="UsersGuide.html" name="Overview"></document> 
      <document url="provider.html" name="Provider"></document> 
      <document url="asyncprovider.html" name="AsyncProvider"></document> 
      <document url="dispatch.html" name="Dispatch"></document> 
      <document url="asynch.html" name="Asynchronous Client"></document> 
      <document url="handlers.html" name="Handler"></document> 
      <document url="mtom-swaref.html" name="MTOM and Swaref"></document> 
      <document url="soap12.html" name="SOAP 1.2"></document> 
      <document url="customizations.html" name="WSDL Customization"></document> 
      <document url="annotations.html" name="Annotations"></document> 
      <document url="wsaddressing.html" name="WS-Addressing"></document> 
      <document url="statefulWebservice.html" name="Stateful Webservice"></document> 
      <document url="catalog-support.html" name="Catalog"></document> 
      <document url="interop.html" name="Interoperability"></document> 
    </chapter> 
    <chapter name="Tools">
      <document url="jaxws-tools.html" name="Overview"></document> 
      <document url="wsimport.html" name="Wsimport"></document> 
      <document url="wsimportant.html" name="Wsimport Ant Task"></document> 
      <document url="wsgen.html" name="Wsgen"></document> 
      <document url="wsgenant.html" name="Wsgen Ant Task"></document> 
      <document url="apt.html" name="Apt"></document> 
    </chapter> 
    <chapter name="JAX-WS RI Extensions">
      <document url="ri-features.html" name="Extensions"></document> 
    </chapter> 
    <chapter name="Samples">
      <document url="samples.html" name="Samples"></document> 
    </chapter> 
    <chapter name="JAX-WS Community">
      <document url="community.html" name="Overview"></document> 
      <document url="https://jax-ws.dev.java.net/" name="Java.net Homepage"></document> 
      <document url="https://jax-ws.dev.java.net/servlets/ProjectMailingListList" name="Mailing List"></document> 
      <document url="https://jax-ws.dev.java.net/faq/index.html" name="FAQ"></document> 
    </chapter> 
  </BODY>
</HTML>