<?xml version="1.0"?>
<!--
Copyright 2002-2006 The Apache Software Foundation.
 
Licensed under the Apache License, Version 2.0 (the "License");
you may not use this file except in compliance with the License.
You may obtain a copy of the License at

     http://www.apache.org/licenses/LICENSE-2.0

Unless required by applicable law or agreed to in writing, software
distributed under the License is distributed on an "AS IS" BASIS,
WITHOUT WARRANTIES OR CONDITIONS OF ANY KIND, either express or implied.
See the License for the specific language governing permissions and
limitations under the License.
-->
<document>
 <properties>
  <title>Building</title>
  <author email="commons-dev@jakarta.apache.org">Commons Documentation Team</author>
 </properties>
<body>
<!-- ================================================== -->
<section name="Overview">
<p>
  Commons IO uses <a href="http://maven.apache.org">Maven</a> or
  <a href="http://ant.apache.org">Ant</a> as a build system.
</p>
<p>
  You may also be interested in the upgrade notes:<br />
  Upgrade <a href="upgradeto1_2.html">from 1.1 to 1.2</a><br />
  Upgrade <a href="upgradeto1_1.html">from 1.0 to 1.1</a><br />
</p>
</section>
<!-- ================================================== -->
<section name="Maven Goals">
  <p>
    To build a jar file, change into IO's root directory and run "maven jar".
    The result will be in the "target" subdirectory.
  </p>
  <p>
    To build the Javadocs, run "maven javadoc".
    The result will be in "target/docs/apidocs".
  </p>
  <p>
    To build the full website, run "maven site".
    The result will be in "target/docs".
	You must be online and using JDK 1.4 or higher to successfully complete this target.
  </p>
  <p>
	Further details can be found in the
	<a href="http://jakarta.apache.org/commons/building.html">commons build instructions</a>.
  </p>
</section>
<!-- ================================================== -->
<section name="Ant Goals">
  <p>
    To build a jar file, change into IO's root directory and run "ant jar".
    The result will be in the "build" subdirectory.
  </p>
  <p>
    To build the Javadocs, run "ant javadoc".
    The result will be in "build/dist-build".
  </p>
</section>
<!-- ================================================== -->
</body>
</document>
