<?xml version="1.0"?>
<!--
Copyright 2002-2006 The Apache Software Foundation.
 
Licensed under the Apache License, Version 2.0 (the "License");
you may not use this file except in compliance with the License.
You may obtain a copy of the License at

     http://www.apache.org/licenses/LICENSE-2.0

Unless required by applicable law or agreed to in writing, software
distributed under the License is distributed on an "AS IS" BASIS,
WITHOUT WARRANTIES OR CONDITIONS OF ANY KIND, either express or implied.
See the License for the specific language governing permissions and
limitations under the License.
-->
<document>
 <properties>
  <title>Home</title>
  <author email="commons-dev@jakarta.apache.org">Commons Documentation Team</author>
 </properties>
<body>
<!-- ================================================== -->
<section name="Commons IO">
<p>
Commons IO is a library of utilities to assist with developing IO functionality.
</p>
<p>
There are three main areas included:
<ul>
<li>Utility classes - with static methods to perform common tasks</li>
<li>Filters - various implementations of file filters</li>
<li>Streams - useful stream, reader and writer implementations</li>
</ul>
</p>
</section>
<!-- ================================================== -->
<section name="Documentation">
<p>
A getting started <a href="description.html">user guide</a> is available,
as are some IO <a href="bestpractices.html">best practices</a>
and various <a href="maven-reports.html">project reports</a>.
</p>
<p>
The JavaDoc API documents are available online:
</p>
<ul>
<li>The <a href="api-release/index.html">current release 1.2</a></li>
<li>The <a href="api-1.1/index.html">previous version 1.1</a></li>
<li>The <a href="apidocs/index.html">latest SVN</a></li>
</ul>
<p>
The <a href="cvs-usage.html">subversion repository</a> can be
<a href="http://svn.apache.org/viewcvs.cgi/jakarta/commons/proper/io/trunk/">browsed</a>.
</p>
</section>
<!-- ================================================== -->
<section name="Releases">
<p>
The latest version is v1.2. - 
<a href="http://jakarta.apache.org/site/downloads/downloads_commons-io.cgi">Download now!</a><br />
The <a href="upgradeto1_2.html">upgrade notes</a> are also available.

</p>
<p>
For previous releases, see the <a href="http://archive.apache.org/dist/jakarta/commons/io/">Apache Archive</a>
</p>
</section>
<!-- ================================================== -->
<section name="Support">
<p>
The <a href="mail-lists.html">commons mailing lists</a> act as the main support forum.
The user list is suitable for most library usage queries.
The dev list is intended for the development discussion.
Please remember that the lists are shared between all commons components,
so prefix your email by [io].
</p>
<p>
Issues may be reported via <a href="issue-tracking.html">ASF Bugzilla</a>.
Please remember that Bugzilla is shared between all commons components,
so prefix your issue by [io].
</p>
</section>
<!-- ================================================== -->
</body>
</document>
