<?xml version="1.0" encoding="UTF-8" standalone="yes"?>
<catalog:catalog id="urn:ogc:gml:featuretype:http___www.xplanung.de_bplangml:" ns0:base="urn:ogc:gml:featuretype:http___www.xplanung.de_bplangml:" xmlns:ns0="xml" xmlns:catalog="urn:oasis:names:tc:entity:xmlns:xml:catalog"><catalog:delegateURI uriStartString="urn:ogc:gml:featuretype:http___www.xplanung.de_bplangml:AnpflanzungBindungErhaltungsFlaeche:" catalog="urn:ogc:gml:featuretype:http___www.xplanung.de_bplangml:AnpflanzungBindungErhaltungsFlaeche_catalog"/><catalog:system uri="AnpflanzungBindungErhaltungsFlaeche/catalog.xml" systemId="urn:ogc:gml:featuretype:http___www.xplanung.de_bplangml:AnpflanzungBindungErhaltungsFlaeche_catalog"/><catalog:delegateURI uriStartString="urn:ogc:gml:featuretype:http___www.xplanung.de_bplangml:AnpflanzungBindungErhaltungsLinie:" catalog="urn:ogc:gml:featuretype:http___www.xplanung.de_bplangml:AnpflanzungBindungErhaltungsLinie_catalog"/><catalog:system uri="AnpflanzungBindungErhaltungsLinie/catalog.xml" systemId="urn:ogc:gml:featuretype:http___www.xplanung.de_bplangml:AnpflanzungBindungErhaltungsLinie_catalog"/><catalog:delegateURI uriStartString="urn:ogc:gml:featuretype:http___www.xplanung.de_bplangml:AnpflanzungBindungErhaltungsMassnahme:" catalog="urn:ogc:gml:featuretype:http___www.xplanung.de_bplangml:AnpflanzungBindungErhaltungsMassnahme_catalog"/><catalog:system uri="AnpflanzungBindungErhaltungsMassnahme/catalog.xml" systemId="urn:ogc:gml:featuretype:http___www.xplanung.de_bplangml:AnpflanzungBindungErhaltungsMassnahme_catalog"/><catalog:delegateURI uriStartString="urn:ogc:gml:featuretype:http___www.xplanung.de_bplangml:AufschuettungsFlaeche:" catalog="urn:ogc:gml:featuretype:http___www.xplanung.de_bplangml:AufschuettungsFlaeche_catalog"/><catalog:system uri="AufschuettungsFlaeche/catalog.xml" systemId="urn:ogc:gml:featuretype:http___www.xplanung.de_bplangml:AufschuettungsFlaeche_catalog"/><catalog:delegateURI uriStartString="urn:ogc:gml:featuretype:http___www.xplanung.de_bplangml:AusgleichsFlaeche:" catalog="urn:ogc:gml:featuretype:http___www.xplanung.de_bplangml:AusgleichsFlaeche_catalog"/><catalog:system uri="AusgleichsFlaeche/catalog.xml" systemId="urn:ogc:gml:featuretype:http___www.xplanung.de_bplangml:AusgleichsFlaeche_catalog"/><catalog:delegateURI uriStartString="urn:ogc:gml:featuretype:http___www.xplanung.de_bplangml:Bahnanlagen:" catalog="urn:ogc:gml:featuretype:http___www.xplanung.de_bplangml:Bahnanlagen_catalog"/><catalog:system uri="Bahnanlagen/catalog.xml" systemId="urn:ogc:gml:featuretype:http___www.xplanung.de_bplangml:Bahnanlagen_catalog"/><catalog:delegateURI uriStartString="urn:ogc:gml:featuretype:http___www.xplanung.de_bplangml:BaugebietsFlaechenTeil:" catalog="urn:ogc:gml:featuretype:http___www.xplanung.de_bplangml:BaugebietsFlaechenTeil_catalog"/><catalog:system uri="BaugebietsFlaechenTeil/catalog.xml" systemId="urn:ogc:gml:featuretype:http___www.xplanung.de_bplangml:BaugebietsFlaechenTeil_catalog"/><catalog:delegateURI uriStartString="urn:ogc:gml:featuretype:http___www.xplanung.de_bplangml:Baugrenze:" catalog="urn:ogc:gml:featuretype:http___www.xplanung.de_bplangml:Baugrenze_catalog"/><catalog:system uri="Baugrenze/catalog.xml" systemId="urn:ogc:gml:featuretype:http___www.xplanung.de_bplangml:Baugrenze_catalog"/><catalog:delegateURI uriStartString="urn:ogc:gml:featuretype:http___www.xplanung.de_bplangml:DenkmalschutzBereich:" catalog="urn:ogc:gml:featuretype:http___www.xplanung.de_bplangml:DenkmalschutzBereich_catalog"/><catalog:system uri="DenkmalschutzBereich/catalog.xml" systemId="urn:ogc:gml:featuretype:http___www.xplanung.de_bplangml:DenkmalschutzBereich_catalog"/><catalog:delegateURI uriStartString="urn:ogc:gml:featuretype:http___www.xplanung.de_bplangml:DenkmalschutzEnsemble:" catalog="urn:ogc:gml:featuretype:http___www.xplanung.de_bplangml:DenkmalschutzEnsemble_catalog"/><catalog:system uri="DenkmalschutzEnsemble/catalog.xml" systemId="urn:ogc:gml:featuretype:http___www.xplanung.de_bplangml:DenkmalschutzEnsemble_catalog"/><catalog:delegateURI uriStartString="urn:ogc:gml:featuretype:http___www.xplanung.de_bplangml:GemeinbedarfsFlaeche:" catalog="urn:ogc:gml:featuretype:http___www.xplanung.de_bplangml:GemeinbedarfsFlaeche_catalog"/><catalog:system uri="GemeinbedarfsFlaeche/catalog.xml" systemId="urn:ogc:gml:featuretype:http___www.xplanung.de_bplangml:GemeinbedarfsFlaeche_catalog"/><catalog:delegateURI uriStartString="urn:ogc:gml:featuretype:http___www.xplanung.de_bplangml:GruenFlaeche:" catalog="urn:ogc:gml:featuretype:http___www.xplanung.de_bplangml:GruenFlaeche_catalog"/><catalog:system uri="GruenFlaeche/catalog.xml" systemId="urn:ogc:gml:featuretype:http___www.xplanung.de_bplangml:GruenFlaeche_catalog"/><catalog:delegateURI uriStartString="urn:ogc:gml:featuretype:http___www.xplanung.de_bplangml:KennzeichnungFlaeche:" catalog="urn:ogc:gml:featuretype:http___www.xplanung.de_bplangml:KennzeichnungFlaeche_catalog"/><catalog:system uri="KennzeichnungFlaeche/catalog.xml" systemId="urn:ogc:gml:featuretype:http___www.xplanung.de_bplangml:KennzeichnungFlaeche_catalog"/><catalog:delegateURI uriStartString="urn:ogc:gml:featuretype:http___www.xplanung.de_bplangml:LinieAllgemein:" catalog="urn:ogc:gml:featuretype:http___www.xplanung.de_bplangml:LinieAllgemein_catalog"/><catalog:system uri="LinieAllgemein/catalog.xml" systemId="urn:ogc:gml:featuretype:http___www.xplanung.de_bplangml:LinieAllgemein_catalog"/><catalog:delegateURI uriStartString="urn:ogc:gml:featuretype:http___www.xplanung.de_bplangml:NebenanlagenFlaeche:" catalog="urn:ogc:gml:featuretype:http___www.xplanung.de_bplangml:NebenanlagenFlaeche_catalog"/><catalog:system uri="NebenanlagenFlaeche/catalog.xml" systemId="urn:ogc:gml:featuretype:http___www.xplanung.de_bplangml:NebenanlagenFlaeche_catalog"/><catalog:delegateURI uriStartString="urn:ogc:gml:featuretype:http___www.xplanung.de_bplangml:RaeumlicherGeltungsbereich:" catalog="urn:ogc:gml:featuretype:http___www.xplanung.de_bplangml:RaeumlicherGeltungsbereich_catalog"/><catalog:system uri="RaeumlicherGeltungsbereich/catalog.xml" systemId="urn:ogc:gml:featuretype:http___www.xplanung.de_bplangml:RaeumlicherGeltungsbereich_catalog"/><catalog:delegateURI uriStartString="urn:ogc:gml:featuretype:http___www.xplanung.de_bplangml:SchutzgebietFlaeche:" catalog="urn:ogc:gml:featuretype:http___www.xplanung.de_bplangml:SchutzgebietFlaeche_catalog"/><catalog:system uri="SchutzgebietFlaeche/catalog.xml" systemId="urn:ogc:gml:featuretype:http___www.xplanung.de_bplangml:SchutzgebietFlaeche_catalog"/><catalog:delegateURI uriStartString="urn:ogc:gml:featuretype:http___www.xplanung.de_bplangml:SchutzPflegeEntwicklungsFlaeche:" catalog="urn:ogc:gml:featuretype:http___www.xplanung.de_bplangml:SchutzPflegeEntwicklungsFlaeche_catalog"/><catalog:system uri="SchutzPflegeEntwicklungsFlaeche/catalog.xml" systemId="urn:ogc:gml:featuretype:http___www.xplanung.de_bplangml:SchutzPflegeEntwicklungsFlaeche_catalog"/><catalog:delegateURI uriStartString="urn:ogc:gml:featuretype:http___www.xplanung.de_bplangml:Strassenbegrenzungslnie:" catalog="urn:ogc:gml:featuretype:http___www.xplanung.de_bplangml:Strassenbegrenzungslnie_catalog"/><catalog:system uri="Strassenbegrenzungslnie/catalog.xml" systemId="urn:ogc:gml:featuretype:http___www.xplanung.de_bplangml:Strassenbegrenzungslnie_catalog"/><catalog:delegateURI uriStartString="urn:ogc:gml:featuretype:http___www.xplanung.de_bplangml:UeberbaubareGrundstuecksflaeche:" catalog="urn:ogc:gml:featuretype:http___www.xplanung.de_bplangml:UeberbaubareGrundstuecksflaeche_catalog"/><catalog:system uri="UeberbaubareGrundstuecksflaeche/catalog.xml" systemId="urn:ogc:gml:featuretype:http___www.xplanung.de_bplangml:UeberbaubareGrundstuecksflaeche_catalog"/><catalog:delegateURI uriStartString="urn:ogc:gml:featuretype:http___www.xplanung.de_bplangml:VerkehrsFlaeche:" catalog="urn:ogc:gml:featuretype:http___www.xplanung.de_bplangml:VerkehrsFlaeche_catalog"/><catalog:system uri="VerkehrsFlaeche/catalog.xml" systemId="urn:ogc:gml:featuretype:http___www.xplanung.de_bplangml:VerkehrsFlaeche_catalog"/><catalog:delegateURI uriStartString="urn:ogc:gml:featuretype:http___www.xplanung.de_bplangml:VerkehrsflaecheBesondererZweckbestimmung:" catalog="urn:ogc:gml:featuretype:http___www.xplanung.de_bplangml:VerkehrsflaecheBesondererZweckbestimmung_catalog"/><catalog:system uri="VerkehrsflaecheBesondererZweckbestimmung/catalog.xml" systemId="urn:ogc:gml:featuretype:http___www.xplanung.de_bplangml:VerkehrsflaecheBesondererZweckbestimmung_catalog"/><catalog:delegateURI uriStartString="urn:ogc:gml:featuretype:http___www.xplanung.de_bplangml:VerEntsorgungsFlaeche:" catalog="urn:ogc:gml:featuretype:http___www.xplanung.de_bplangml:VerEntsorgungsFlaeche_catalog"/><catalog:system uri="VerEntsorgungsFlaeche/catalog.xml" systemId="urn:ogc:gml:featuretype:http___www.xplanung.de_bplangml:VerEntsorgungsFlaeche_catalog"/><catalog:delegateURI uriStartString="urn:ogc:gml:featuretype:http___www.xplanung.de_bplangml:WaldFlaeche:" catalog="urn:ogc:gml:featuretype:http___www.xplanung.de_bplangml:WaldFlaeche_catalog"/><catalog:system uri="WaldFlaeche/catalog.xml" systemId="urn:ogc:gml:featuretype:http___www.xplanung.de_bplangml:WaldFlaeche_catalog"/><catalog:delegateURI uriStartString="urn:ogc:gml:featuretype:http___www.xplanung.de_bplangml:WasserFlaeche:" catalog="urn:ogc:gml:featuretype:http___www.xplanung.de_bplangml:WasserFlaeche_catalog"/><catalog:system uri="WasserFlaeche/catalog.xml" systemId="urn:ogc:gml:featuretype:http___www.xplanung.de_bplangml:WasserFlaeche_catalog"/><catalog:delegateURI uriStartString="urn:ogc:gml:featuretype:http___www.xplanung.de_bplangml:WasserrechtFlaeche:" catalog="urn:ogc:gml:featuretype:http___www.xplanung.de_bplangml:WasserrechtFlaeche_catalog"/><catalog:system uri="WasserrechtFlaeche/catalog.xml" systemId="urn:ogc:gml:featuretype:http___www.xplanung.de_bplangml:WasserrechtFlaeche_catalog"/></catalog:catalog>

