<?xml version="1.0" encoding="UTF-8"?>
<calcwizard xmlns="xml.model.kalypso.org" 
	xmlns:xsi="http://www.w3.org/2001/XMLSchema-instance">

		
<!-- Vernetzung -->

	<page className="org.kalypso.ui.calcwizard.modelpages.MapAndFeatureWizardPage" pageTitle="Kontrolle Modellvernetzung Pegel Wendlohstraße 1/4" 
		imageLocation="icons/calcwizard/boden.gif" >
		<arg name="mapTemplate" value=".templates/calcCase/Uebersicht.gmt"/>
		<arg name="featureTemplate" value=".templates/calcCase/control.gft#linktype=gml#href=./.nacontrol_1.gml"/> 
		<arg name="mainSash" value="100"/>
		<arg name="rightSash" value="0"/>
		<arg name="selectionID" value="32"/>
		<arg name="clearResultFolder" value="false"/>
		<arg name="selectFirstFeatureByDefault" value="false"/>
				
		<arg name="modelspec" value="modelspec_1.xml"/>
		<arg name="timeserie1" value="nameColumn=name#nameString=%featureprop% - %axisname% - berechnet#linkColumn=qberechnetZR#color=0xff0000"/>
		<arg name="timeserie2" value="nameColumn=name#nameString=%featureprop% - %axisname% - gemessen#linkColumn=pegelZR"/>
    	<arg name="pantoFeatureId" value="Node103"/>
	
		
		<arg name="ignoreType1" value="W"/>
		<arg name="ignoreType2" value="Q"/>
		<arg name="ignoreLabel1" value="Abfluss"/>
		<arg name="ignoreLabel2" value="Wasserstand"/>
		
	</page>

</calcwizard>