<?xml version="1.0" encoding="UTF-8"?><calcCaseConfig xmlns="xml.model.kalypso.org" xmlns:xsi="http://www.w3.org/2001/XMLSchema-instance">	<createTransformations logFile="calcCase.log"><!-- modell kopieren -->		<transformation className="org.kalypso.util.transformation.CopyTransformation">			<argument name="input" value=":project:modell.gml"/>			<argument name="output" value=":calcdir:calcCase.gml"/>		</transformation>		<transformation className="org.kalypso.util.transformation.CopyTransformation">			<argument name="input" value=":project:hydrotop.gml"/>			<argument name="output" value=":calcdir:calcHydrotop.gml"/>		</transformation>		<!-- controls kopieren ... --><!-- copy template ascii -->		<transformation className="org.kalypso.util.transformation.CopyTransformation">			<argument name="input" value=":project:.templates/calcCase/.asciitemplate.zip"/>			<argument name="output" value=":calcdir:.asciitemplate.zip"/>		</transformation><!-- copy sce config -->		<transformation className="org.kalypso.util.transformation.CopyTransformation">			<argument name="input" value=":project:.templates/calcCase/sce.xml"/>			<argument name="output" value=":calcdir:.sce.xml"/>		</transformation><!-- create zml-directories -->		<transformation className="org.kalypso.util.transformation.CopyTransformation">			<argument name="input" value=":project:.model/.info.txt"/>			<argument name="output" value=":calcdir:Niederschlag/.info.txt"/>		</transformation>		<transformation className="org.kalypso.util.transformation.CopyTransformation">			<argument name="input" value=":project:.model/.info.txt"/>			<argument name="output" value=":calcdir:Zufluss/.info.txt"/>		</transformation>		<transformation className="org.kalypso.util.transformation.CopyTransformation">			<argument name="input" value=":project:.model/.info.txt"/>			<argument name="output" value=":calcdir:Ergebnisse/.info.txt"/>		</transformation>		<transformation className="org.kalypso.util.transformation.CopyTransformation">			<argument name="input" value=":project:.model/.info.txt"/>			<argument name="output" value=":calcdir:Pegel/.info.txt"/>		</transformation><!-- Transformationen fuer den ExpertenModus -->		<transformation className="org.kalypso.util.transformation.CopyTransformation">			<argument name="input" value=":project:.templates/calcCase/expertControl.gft"/>			<argument name="output" value=":calcdir:Control/ErgebnisSatz.gft"/>		</transformation>		<transformation className="org.kalypso.util.transformation.CopyTransformation">			<argument name="input" value=":project:.templates/calcCase/expertCalctime.gft"/>			<argument name="output" value=":calcdir:Control/SimZeitraum.gft"/>		</transformation>		<transformation className="org.kalypso.util.transformation.CopyTransformation">			<argument name="input" value=":project:.templates/expertControl.gml"/>			<argument name="output" value=":calcdir:expertControl.gml"/>		</transformation>		<transformation className="org.kalypso.util.transformation.CopyTransformation">			<argument name="input" value=":project:.templates/calcCase/expertKarte.gmt"/>			<argument name="output" value=":calcdir:Karten/Uebersicht.gmt"/>		</transformation>		<transformation className="org.kalypso.util.transformation.CopyTransformation">			<argument name="input" value=":project:.templates/calcCase/Modellvernetzung.gmt"/>			<argument name="output" value=":calcdir:Karten/Modellvernetzung.gmt"/>		</transformation>		<transformation className="org.kalypso.util.transformation.CopyTransformation">			<argument name="input" value=":project:.templates/calcCase/expertTab_KMGewaesser.gtt"/>			<argument name="output" value=":calcdir:Tabellen/KMStraenge.gtt"/>		</transformation>		<transformation className="org.kalypso.util.transformation.CopyTransformation">			<argument name="input" value=":project:.templates/calcCase/expertTab_Knoten.gtt"/>			<argument name="output" value=":calcdir:Tabellen/Knoten.gtt"/>		</transformation>		<transformation className="org.kalypso.util.transformation.CopyTransformation">			<argument name="input" value=":project:.templates/calcCase/expertTab_RHB.gtt"/>			<argument name="output" value=":calcdir:Tabellen/RHBStraenge.gtt"/>		</transformation>		<transformation className="org.kalypso.util.transformation.CopyTransformation">			<argument name="input" value=":project:.templates/calcCase/expertTab_TG-allg.gtt"/>			<argument name="output" value=":calcdir:Tabellen/TG-Allgemein.gtt"/>		</transformation>		<transformation className="org.kalypso.util.transformation.CopyTransformation">			<argument name="input" value=":project:.templates/calcCase/expertTab_TG-Anfangswerte.gtt"/>			<argument name="output" value=":calcdir:Tabellen/TG-Anfangswerte.gtt"/>		</transformation>		<transformation className="org.kalypso.util.transformation.CopyTransformation">			<argument name="input" value=":project:.templates/calcCase/expertTab_TG-Kalibrierung.gtt"/>			<argument name="output" value=":calcdir:Tabellen/TG-Kalibrierung.gtt"/>		</transformation>		<transformation className="org.kalypso.util.transformation.CopyTransformation">			<argument name="input" value=":project:.templates/calcCase/expertTab_TG-Retention.gtt"/>			<argument name="output" value=":calcdir:Tabellen/TG-Retention.gtt"/>		</transformation>		<transformation className="org.kalypso.util.transformation.CopyTransformation">			<argument name="input" value=":project:.templates/calcCase/expertTab_VStraenge.gtt"/>			<argument name="output" value=":calcdir:Tabellen/VirtuelleStraenge.gtt"/>		</transformation>		<transformation className="org.kalypso.util.transformation.CopyTransformation">			<argument name="input" value=":project:.templates/calcCase/Modellvernetzung.gmt"/>			<argument name="output" value=":calcdir:Modell_Karten/Modellvernetzung.gmt"/>		</transformation>	</createTransformations>		<updateTransformations  logFile="calcCase.log">		<!-- Ombrometer --><!--		<transformation className="org.kalypso.util.transformation.ObservationResolver">			<argument name="gml" value=":project:ombrometer.gml"/>			<argument name="feature" value="Ombrometer"/>			<argument name="sourceObservation1" value="NRepository"/>			<argument name="targetObservation" value="N"/>			<argument name="targetFolder" value=":calcdir:"/>			<argument name="startsim" value=":startsim:"/>			<argument name="startforecast" value=":startforecast:"/>			<argument name="endsim" value=":endsim:"/>		</transformation>-->	<!-- Pegel (werden fuer die automatische kalibrierung gebraucht) -->		<transformation className="org.kalypso.util.transformation.ObservationResolver">			<argument name="gml" value=":calcdir:calcCase.gml"/>			<argument name="feature" value="Node"/>			<argument name="sourceObservation1" value="pegelZRRepository"/>			<argument name="targetObservation" value="pegelZR"/>			<argument name="targetFolder" value=":calcdir:"/>			<argument name="startsim" value=":startsim:"/>			<argument name="startforecast" value=":startforecast:"/>			<argument name="endsim" value=":endsim:"/>		</transformation>			<!-- Zufluesse -->		<transformation className="org.kalypso.util.transformation.ObservationResolver">			<argument name="gml" value=":calcdir:calcCase.gml"/>			<argument name="feature" value="Node"/>			<argument name="sourceObservation1" value="zuflussZRRepository"/>			<argument name="sourceObservation2" value="zuflussZRRepositoryVorhersage"/>			<argument name="targetObservation" value="zuflussZR"/>			<argument name="targetFolder" value=":calcdir:"/>			<argument name="startsim" value=":startsim:"/>			<argument name="startforecast" value=":startforecast:"/>			<argument name="endsim" value=":endsim:"/>		</transformation>			<!-- Catchments -->		<transformation className="org.kalypso.util.transformation.ObservationResolver">			<argument name="gml" value=":calcdir:calcCase.gml"/>			<argument name="feature" value="Catchment"/>			<argument name="sourceObservation1" value="niederschlagZRRepository"/>			<argument name="sourceObservation2" value="niederschlagZRRepositoryVorhersage"/>			<argument name="targetObservation" value="niederschlagZR"/>			<argument name="targetFolder" value=":calcdir:"/>			<argument name="startsim" value=":startsim:"/>			<argument name="startforecast" value=":startforecast:"/>			<argument name="endsim" value=":endsim:"/>		</transformation>	</updateTransformations>	<afterCalcTransformations logFile="calcCase.log">			<!-- nach optimierung soll optimierte datei uebernommen werden 		 hinweis: ist die datei nicht vorhanden, soll auch nix kopiert werden, z.B. wenn nicht optimiert wurde -->		<transformation className="org.kalypso.util.transformation.MoveTransformation">			<argument name="input" value=":calcdir:Ergebnisse/calc/expertControl.gml"/>			<argument name="output" value=":calcdir:expertControl.gml"/>			<argument name="ignoreError" value="true"/>		</transformation>	</afterCalcTransformations></calcCaseConfig>