<?xml version="1.0" encoding="UTF-8"?>
<calcwizard xmlns="xml.model.kalypso.org" 
	xmlns:xsi="http://www.w3.org/2001/XMLSchema-instance">

    <page className="org.kalypso.ui.calcwizard.modelpages.ObservationMapTableDiagWizardPage" pageTitle="Kontrolle Niederschlag - Ombrometer" imageLocation="icons/calcwizard/kalypso32.gif" >
        <arg name="mapTemplate" value=".templates/calcCase/Ombrometer.gmt"/>
        <arg name="mainSash" value="50"/>
        <arg name="rightSash" value="50"/>
        <arg name="selectionID" value="1"/>
        <arg name="timeserie1" value="diagDateAxis=d#diagValueAxis=n#nameColumn=name#linkColumn=N"/>
    </page>

    <page className="org.kalypso.ui.calcwizard.modelpages.ObservationMapTableDiagWizardPage" pageTitle="Kontrolle Niederschlag - Gebietsniederschlagsmodell" imageLocation="icons/calcwizard/kalypso32.gif" >
        <arg name="mapTemplate" value=".templates/calcCase/ezg.gmt"/>
        <arg name="mainSash" value="50"/>
        <arg name="rightSash" value="50"/>
        <arg name="selectionID" value="1"/>
        <arg name="timeserie1" value="diagDateAxis=d#diagValueAxis=n#nameColumn=Name#linkColumn=niederschlagZR"/>
    </page>

    <page className="org.kalypso.ui.calcwizard.modelpages.ObservationMapTableDiagWizardPage" pageTitle="Kontrolle Zuflüsse" imageLocation="icons/calcwizard/kalypso32.gif" >
		<arg name="mapTemplate" value=".templates/calcCase/zufluesse.gmt"/>

        <arg name="mainSash" value="50"/>
        <arg name="rightSash" value="50"/>
        <arg name="selectionID" value="4"/>
        
        <arg name="timeserie3" value="diagDateAxis=d#diagValueAxis=a#nameColumn=Name#linkColumn=zuflussZR"/>
    </page>

<!--
 fuer jedes Teilmodell gibt es eine wizardpage,
 fuer jede wizarpage gibt es eine nacontrol_x.gml.
 die wizardpage ist eine Ansicht auf das rootFeature der nacontrol_x.gml.
 
 die wizardpage ist folgendermassen aufgebaut:
     die 5 KallibrierungsParameter aus nacontrol_x.gml
  2. Diagrammview auf den Pegel und auf das Ergebnis
     PegelLink und ErgebnisLink ist ebenfalls im nacontrol_x.gml enthalten.
    (oder fuer jede wizardpage auch eine Diagrammvorlage ?)
 
  es gibt einen Button "berechnen" 
  (evt.) gibt einen Button "ergebnis anpassen": ergebniszeitreihe wird mit pegel verschmolzen

  es gibt einen NEXT-Button:
 
-->
	<page className="org.kalypso.ui.calcwizard.modelpages.KalypsoNAWizardPage" pageTitle="Prognose Pegel Bad Elster 1/17" 
		imageLocation="icons/calcwizard/boden.gif" >
		<arg name="mapTemplate" value=".templates/calcCase/control.gmt"/>
		<arg name="tableTemplate" value=".templates/calcCase/control_1.gtt"/>
		<arg name="diagTemplate" value=".templates/calcCase/control.odt"/>
		<arg name="mainSash" value="40"/>
		<arg name="rightSash" value="30"/>
		<arg name="selectionID" value="32"/>
		<arg name="clearResultFolder" value="false"/>
		<arg name="modelspec" value="modelspec_1.xml"/>
		<arg name="timeserie1" value="diagDateAxis=d#diagValueAxis=q#nameColumn=editor#linkColumn=qberechnetZR"/>
		<arg name="timeserie2" value="diagDateAxis=d#diagValueAxis=q#nameColumn=editor#linkColumn=pegelZR"/>
	</page>

	<page className="org.kalypso.ui.calcwizard.modelpages.KalypsoNAWizardPage" pageTitle="Prognose Pegel Adorf 2/17" 
		imageLocation="icons/calcwizard/boden.gif" >
		<arg name="mapTemplate" value=".templates/calcCase/control.gmt"/>
		<arg name="tableTemplate" value=".templates/calcCase/control_2.gtt"/>
		<arg name="diagTemplate" value=".templates/calcCase/control.odt"/>
		<arg name="mainSash" value="40"/>
		<arg name="rightSash" value="30"/>
		<arg name="selectionID" value="32"/>
		<arg name="clearResultFolder" value="false"/>
		<arg name="modelspec" value="modelspec_2.xml"/>
		<arg name="timeserie1" value="diagDateAxis=d#diagValueAxis=q#nameColumn=editor#linkColumn=qberechnetZR"/>
		<arg name="timeserie2" value="diagDateAxis=d#diagValueAxis=q#nameColumn=editor#linkColumn=pegelZR"/>
	</page>

	<page className="org.kalypso.ui.calcwizard.modelpages.KalypsoNAWizardPage" pageTitle="Prognose Pegel Oelsnitz 3/17" 
		imageLocation="icons/calcwizard/boden.gif" >
		<arg name="mapTemplate" value=".templates/calcCase/control.gmt"/>
		<arg name="tableTemplate" value=".templates/calcCase/control_3.gtt"/>
		<arg name="diagTemplate" value=".templates/calcCase/control.odt"/>
		<arg name="mainSash" value="40"/>
		<arg name="rightSash" value="30"/>
		<arg name="selectionID" value="32"/>
		<arg name="clearResultFolder" value="false"/>
		<arg name="modelspec" value="modelspec_3.xml"/>
		<arg name="timeserie1" value="diagDateAxis=d#diagValueAxis=q#nameColumn=editor#linkColumn=qberechnetZR"/>
		<arg name="timeserie2" value="diagDateAxis=d#diagValueAxis=q#nameColumn=editor#linkColumn=pegelZR"/>
	</page>
	



	<page className="org.kalypso.ui.calcwizard.modelpages.KalypsoNAWizardPage" pageTitle="Prognose Pegel Strassberg 4/17" 
		imageLocation="icons/calcwizard/boden.gif" >
		<arg name="mapTemplate" value=".templates/calcCase/control.gmt"/>
		<arg name="tableTemplate" value=".templates/calcCase/control_4.gtt"/>
		<arg name="diagTemplate" value=".templates/calcCase/control.odt"/>
		<arg name="mainSash" value="40"/>
		<arg name="rightSash" value="30"/>
		<arg name="selectionID" value="32"/>
		<arg name="clearResultFolder" value="false"/>
		<arg name="modelspec" value="modelspec_4.xml"/>
		<arg name="timeserie1" value="diagDateAxis=d#diagValueAxis=q#nameColumn=editor#linkColumn=qberechnetZR"/>
		<arg name="timeserie2" value="diagDateAxis=d#diagValueAxis=q#nameColumn=editor#linkColumn=pegelZR"/>
	</page>



	<page className="org.kalypso.ui.calcwizard.modelpages.KalypsoNAWizardPage" pageTitle="Prognose Pegel Elsterberg 5/17" 
		imageLocation="icons/calcwizard/boden.gif" >
		<arg name="mapTemplate" value=".templates/calcCase/control.gmt"/>
		<arg name="tableTemplate" value=".templates/calcCase/control_5.gtt"/>
		<arg name="diagTemplate" value=".templates/calcCase/control.odt"/>
		<arg name="mainSash" value="40"/>
		<arg name="rightSash" value="30"/>
		<arg name="selectionID" value="32"/>
		<arg name="clearResultFolder" value="false"/>
		<arg name="modelspec" value="modelspec_5.xml"/>
		<arg name="timeserie1" value="diagDateAxis=d#diagValueAxis=q#nameColumn=editor#linkColumn=qberechnetZR"/>
		<arg name="timeserie2" value="diagDateAxis=d#diagValueAxis=q#nameColumn=editor#linkColumn=pegelZR"/>
	</page>

	<page className="org.kalypso.ui.calcwizard.modelpages.KalypsoNAWizardPage" pageTitle="Prognose Pegel Rodewisch 6/17" 
		imageLocation="icons/calcwizard/boden.gif" >
		<arg name="mapTemplate" value=".templates/calcCase/control.gmt"/>
		<arg name="tableTemplate" value=".templates/calcCase/control_6.gtt"/>
		<arg name="diagTemplate" value=".templates/calcCase/control.odt"/>
		<arg name="mainSash" value="40"/>
		<arg name="rightSash" value="30"/>
		<arg name="selectionID" value="32"/>
		<arg name="clearResultFolder" value="false"/>
		<arg name="modelspec" value="modelspec_6.xml"/>
		<arg name="timeserie1" value="diagDateAxis=d#diagValueAxis=q#nameColumn=editor#linkColumn=qberechnetZR"/>
		<arg name="timeserie2" value="diagDateAxis=d#diagValueAxis=q#nameColumn=editor#linkColumn=pegelZR"/>
	</page>

	<page className="org.kalypso.ui.calcwizard.modelpages.KalypsoNAWizardPage" pageTitle="Prognose Pegel Mylau 7/17" 
		imageLocation="icons/calcwizard/boden.gif" >
		<arg name="mapTemplate" value=".templates/calcCase/control.gmt"/>
		<arg name="tableTemplate" value=".templates/calcCase/control_7.gtt"/>
		<arg name="diagTemplate" value=".templates/calcCase/control.odt"/>
		<arg name="mainSash" value="40"/>
		<arg name="rightSash" value="30"/>
		<arg name="selectionID" value="32"/>
		<arg name="clearResultFolder" value="false"/>
		<arg name="modelspec" value="modelspec_7.xml"/>
		<arg name="timeserie1" value="diagDateAxis=d#diagValueAxis=q#nameColumn=editor#linkColumn=qberechnetZR"/>
		<arg name="timeserie2" value="diagDateAxis=d#diagValueAxis=q#nameColumn=editor#linkColumn=pegelZR"/>
	</page>

	<page className="org.kalypso.ui.calcwizard.modelpages.KalypsoNAWizardPage" pageTitle="Prognose Pegel Greiz 8/17" 
		imageLocation="icons/calcwizard/boden.gif" >
		<arg name="mapTemplate" value=".templates/calcCase/control.gmt"/>
		<arg name="tableTemplate" value=".templates/calcCase/control_8.gtt"/>
		<arg name="diagTemplate" value=".templates/calcCase/control.odt"/>
		<arg name="mainSash" value="40"/>
		<arg name="rightSash" value="30"/>
		<arg name="selectionID" value="32"/>
		<arg name="clearResultFolder" value="false"/>
		<arg name="modelspec" value="modelspec_8.xml"/>
		<arg name="timeserie1" value="diagDateAxis=d#diagValueAxis=q#nameColumn=editor#linkColumn=qberechnetZR"/>
		<arg name="timeserie2" value="diagDateAxis=d#diagValueAxis=q#nameColumn=editor#linkColumn=pegelZR"/>
	</page>

	<page className="org.kalypso.ui.calcwizard.modelpages.KalypsoNAWizardPage" pageTitle="Prognose Pegel Weida 9/17" 
		imageLocation="icons/calcwizard/boden.gif" >
		<arg name="mapTemplate" value=".templates/calcCase/control.gmt"/>
		<arg name="tableTemplate" value=".templates/calcCase/control_9.gtt"/>
		<arg name="diagTemplate" value=".templates/calcCase/control.odt"/>
		<arg name="mainSash" value="40"/>
		<arg name="rightSash" value="30"/>
		<arg name="selectionID" value="32"/>
		<arg name="clearResultFolder" value="false"/>
		<arg name="modelspec" value="modelspec_9.xml"/>
		<arg name="timeserie1" value="diagDateAxis=d#diagValueAxis=q#nameColumn=editor#linkColumn=qberechnetZR"/>
		<arg name="timeserie2" value="diagDateAxis=d#diagValueAxis=q#nameColumn=editor#linkColumn=pegelZR"/>
	</page>

	<page className="org.kalypso.ui.calcwizard.modelpages.KalypsoNAWizardPage" pageTitle="Prognose Pegel Gera 10/17" 
		imageLocation="icons/calcwizard/boden.gif" >
		<arg name="mapTemplate" value=".templates/calcCase/control.gmt"/>
		<arg name="tableTemplate" value=".templates/calcCase/control_10.gtt"/>
		<arg name="diagTemplate" value=".templates/calcCase/control.odt"/>
		<arg name="mainSash" value="40"/>
		<arg name="rightSash" value="30"/>
		<arg name="selectionID" value="32"/>
		<arg name="clearResultFolder" value="false"/>
		<arg name="modelspec" value="modelspec_10.xml"/>
		<arg name="timeserie1" value="diagDateAxis=d#diagValueAxis=q#nameColumn=editor#linkColumn=qberechnetZR"/>
		<arg name="timeserie2" value="diagDateAxis=d#diagValueAxis=q#nameColumn=editor#linkColumn=pegelZR"/>
	</page>

	<page className="org.kalypso.ui.calcwizard.modelpages.KalypsoNAWizardPage" pageTitle="Prognose Pegel Zeitz 11/17" 
		imageLocation="icons/calcwizard/boden.gif" >
		<arg name="mapTemplate" value=".templates/calcCase/control.gmt"/>
		<arg name="tableTemplate" value=".templates/calcCase/control_11.gtt"/>
		<arg name="diagTemplate" value=".templates/calcCase/control.odt"/>
		<arg name="mainSash" value="40"/>
		<arg name="rightSash" value="30"/>
		<arg name="selectionID" value="32"/>
		<arg name="clearResultFolder" value="false"/>
		<arg name="modelspec" value="modelspec_11.xml"/>
		<arg name="timeserie1" value="diagDateAxis=d#diagValueAxis=q#nameColumn=editor#linkColumn=qberechnetZR"/>
		<arg name="timeserie2" value="diagDateAxis=d#diagValueAxis=q#nameColumn=editor#linkColumn=pegelZR"/>
	</page>

	<page className="org.kalypso.ui.calcwizard.modelpages.KalypsoNAWizardPage" pageTitle="Prognose Pegel Kleindalzig 12/17" 
		imageLocation="icons/calcwizard/boden.gif" >
		<arg name="mapTemplate" value=".templates/calcCase/control.gmt"/>
		<arg name="tableTemplate" value=".templates/calcCase/control_12.gtt"/>
		<arg name="diagTemplate" value=".templates/calcCase/control.odt"/>
		<arg name="mainSash" value="40"/>
		<arg name="rightSash" value="30"/>
		<arg name="selectionID" value="32"/>
		<arg name="clearResultFolder" value="false"/>
		<arg name="modelspec" value="modelspec_12.xml"/>
		<arg name="timeserie1" value="diagDateAxis=d#diagValueAxis=q#nameColumn=editor#linkColumn=qberechnetZR"/>
		<arg name="timeserie2" value="diagDateAxis=d#diagValueAxis=q#nameColumn=editor#linkColumn=pegelZR"/>
	</page>

	<page className="org.kalypso.ui.calcwizard.modelpages.KalypsoNAWizardPage" pageTitle="Prognose Pegel Albrechtshain 13/17" 
		imageLocation="icons/calcwizard/boden.gif" >
		<arg name="mapTemplate" value=".templates/calcCase/control.gmt"/>
		<arg name="tableTemplate" value=".templates/calcCase/control_13.gtt"/>
		<arg name="diagTemplate" value=".templates/calcCase/control.odt"/>
		<arg name="mainSash" value="40"/>
		<arg name="rightSash" value="30"/>
		<arg name="selectionID" value="32"/>
		<arg name="clearResultFolder" value="false"/>
		<arg name="modelspec" value="modelspec_13.xml"/>
		<arg name="timeserie1" value="diagDateAxis=d#diagValueAxis=q#nameColumn=editor#linkColumn=qberechnetZR"/>
		<arg name="timeserie2" value="diagDateAxis=d#diagValueAxis=q#nameColumn=editor#linkColumn=pegelZR"/>
	</page>

	<page className="org.kalypso.ui.calcwizard.modelpages.KalypsoNAWizardPage" pageTitle="Prognose Pegel Leipzig-Thekla 14/17" 
		imageLocation="icons/calcwizard/boden.gif" >
		<arg name="mapTemplate" value=".templates/calcCase/control.gmt"/>
		<arg name="tableTemplate" value=".templates/calcCase/control_14.gtt"/>
	  <arg name="diagTemplate" value=".templates/calcCase/control.odt"/>
		<arg name="mainSash" value="40"/>
		<arg name="rightSash" value="30"/>
		<arg name="selectionID" value="32"/>
		<arg name="clearResultFolder" value="false"/>
		<arg name="modelspec" value="modelspec_14.xml"/>
		<arg name="timeserie1" value="diagDateAxis=d#diagValueAxis=q#nameColumn=editor#linkColumn=qberechnetZR"/>
		<arg name="timeserie2" value="diagDateAxis=d#diagValueAxis=q#nameColumn=editor#linkColumn=pegelZR"/>
	</page>

	<page className="org.kalypso.ui.calcwizard.modelpages.KalypsoNAWizardPage" pageTitle="Prognose Pegel Oberthau 15/17" 
		imageLocation="icons/calcwizard/boden.gif" >
		<arg name="mapTemplate" value=".templates/calcCase/control.gmt"/>
		<arg name="tableTemplate" value=".templates/calcCase/control_15.gtt"/>
		<arg name="diagTemplate" value=".templates/calcCase/control.odt"/>
		<arg name="mainSash" value="40"/>
		<arg name="rightSash" value="30"/>
		<arg name="selectionID" value="32"/>
		<arg name="clearResultFolder" value="false"/>
		<arg name="modelspec" value="modelspec_15.xml"/>
		<arg name="timeserie1" value="diagDateAxis=d#diagValueAxis=q#nameColumn=editor#linkColumn=qberechnetZR"/>
		<arg name="timeserie2" value="diagDateAxis=d#diagValueAxis=q#nameColumn=editor#linkColumn=pegelZR"/>
	</page>

	<page className="org.kalypso.ui.calcwizard.modelpages.KalypsoNAWizardPage" pageTitle="Prognose Pegel Neukirchen 16/17" 
		imageLocation="icons/calcwizard/boden.gif" >
		<arg name="mapTemplate" value=".templates/calcCase/control.gmt"/>
		<arg name="tableTemplate" value=".templates/calcCase/control_16.gtt"/>
		<arg name="diagTemplate" value=".templates/calcCase/control.odt"/>
		<arg name="mainSash" value="40"/>
		<arg name="rightSash" value="30"/>
		<arg name="selectionID" value="32"/>
		<arg name="clearResultFolder" value="false"/>
		<arg name="modelspec" value="modelspec_16.xml"/>
		<arg name="timeserie1" value="diagDateAxis=d#diagValueAxis=q#nameColumn=editor#linkColumn=qberechnetZR"/>
		<arg name="timeserie2" value="diagDateAxis=d#diagValueAxis=q#nameColumn=editor#linkColumn=pegelZR"/>
	</page>

	<page className="org.kalypso.ui.calcwizard.modelpages.KalypsoNAWizardPage" pageTitle="Goessnitz 17/17" 
		imageLocation="icons/calcwizard/boden.gif" >
		<arg name="mapTemplate" value=".templates/calcCase/control.gmt"/>
		<arg name="tableTemplate" value=".templates/calcCase/control_17.gtt"/>
		<arg name="diagTemplate" value=".templates/calcCase/control.odt"/>
		<arg name="mainSash" value="40"/>
		<arg name="rightSash" value="30"/>
		<arg name="selectionID" value="32"/>
		<arg name="clearResultFolder" value="false"/>
		<arg name="modelspec" value="modelspec_17.xml"/>
		<arg name="timeserie1" value="diagDateAxis=d#diagValueAxis=q#nameColumn=editor#linkColumn=qberechnetZR"/>
		<arg name="timeserie2" value="diagDateAxis=d#diagValueAxis=q#nameColumn=editor#linkColumn=pegelZR"/>
	</page>

	<!-- Ergebniskontrolle NA-Modelle-->
	<!--
	<page className="org.kalypso.ui.calcwizard.ExportResultsWizardPage"
	   pageTitle="Ergebniskontrolle Pegel"
	   imageLocation="icons/calcwizard/boden.gif" >
	   	<arg name="mapTemplate" value="project:.templates/calcCase/ergebniskontrollePegel.gmt"/>
	   	<arg name="tableTemplate"  value="project:.templates/calcCase/ergebniskontrollePegel.gtt"/>
		<arg name="diagTemplate" value=".templates/calcCase/results.odt"/>
	
		<arg name="timeserie1" value="diagDateAxis=d#diagValueAxis=w#nameColumn=Name#linkColumn=PegelBerechnung"/>
		<arg name="timeserie2" value="diagDateAxis=d#diagValueAxis=n#nameColumn=Name#linkColumn=NiederschlagMessung"/>
	
	   	<arg name="mainSash" value="50"/>
	   	<arg name="rightSash" value="40"/>
	   	<arg name="selectionID" value="256"/>
	</page>
-->
	<!-- Ergebnisablage -->
	<page className="org.kalypso.ui.calcwizard.modelpages.ExportResultsWizardPage" pageTitle="Ergebnisbearbeitung und Veröffentlichung" 
		imageLocation="icons/calcwizard/kalypso32.gif" >
		<arg name="mapTemplate" value="project:.templates/calcCase/export.gmt"/>
		<arg name="timeserie1" 
			value="nameColumn=Name#linkColumn=qberechnetZR#filter=&lt;filter&gt;&lt;wqFilter xmlns=&quot;filters.zml.kalypso.org&quot; type=&quot;Q&quot;/&gt;&lt;/filter&gt;"/>
		<arg name="timeserie2" 
			value="nameColumn=Name#linkColumn=pegelZR#filter=&lt;filter&gt;&lt;wqFilter xmlns=&quot;filters.zml.kalypso.org&quot; type=&quot;Q&quot;/&gt;&lt;/filter&gt;"/>
		<arg name="mainSash" value="50"/>
		<arg name="rightSash" value="40"/>
		<arg name="selectionID" value="256"/>
	</page>
</calcwizard>