<?xml version="1.0" encoding="UTF-8"?>
<modeldata xmlns="xml.model.kalypso.org" xmlns:xsi="http://www.w3.org/2001/XMLSchema-instance" typeID="KalypsoNA">
    <input id="MetaSteuerdaten" path=".calculation" relativeToCalcCase="true"/>
    <input id="Modell" path="calcCase.gml" relativeToCalcCase="true"/>
    <input id="Control" path="expertControl.gml" relativeToCalcCase="true"/>
	<input id="Hydrotop" path="calcHydrotop.gml" relativeToCalcCase="true"/>
	<input id="Parameter" path="calcParameter.gml" relativeToCalcCase="true"/>

	<input id="Template" path="project:/.templates/calcCase/.asciitemplate.zip" relativeToCalcCase="false"/>
    <input id="SceConf" path=".sce.xml" relativeToCalcCase="true"/>

	<!-- Zeitreihen als Verzeichnisse -->
    <input id="NiederschlagDir" path="Niederschlag" relativeToCalcCase="true"/>
    <input id="ZuflussDir" path="Zufluss" relativeToCalcCase="true"/>
    <input id="PegelDir" path="Pegel" relativeToCalcCase="true"/>
    <input id="ErgebnisDir" path="Ergebnisse" relativeToCalcCase="true"/>

<!--
	<output id="ERGEBNISSE" path="Ergebnisse" relativeToCalcCase="true"/>
-->
	<output id="OUT_ZML" path="Ergebnisse" relativeToCalcCase="true"/>

	<output id="LOG_INFO" path="logsInfo.txt" relativeToCalcCase="true"/>
	<output id="LOG_EXE_STDOUT" path="logs1.txt" relativeToCalcCase="true"/>
	<output id="LOG_EXE_ERROUT" path="logs2.txt" relativeToCalcCase="true"/>
	<output id="LOG_OUTRES" path="logs3.txt" relativeToCalcCase="true"/>
	<output id="LOG_OUTERR" path="logs4.txt" relativeToCalcCase="true"/>

<!--
    <clearAfterCalc path="Ergebnisse" relativeToCalcCase="true"/>
	<clearAfterCalc path="DivErgebnisse" relativeToCalcCase="true"/>
-->

</modeldata>

