<?xml version="1.0" encoding="UTF-8"?>
<modelspec xmlns="xml.model.kalypso.org" xmlns:xsi="http://www.w3.org/2001/XMLSchema-instance" typeID="KalypsoNA">
    <input id="Modell" path="calcCase.gml" relativeToCalcCase="true"/>
    <input id="Control" path="expertControl.gml" relativeToCalcCase="true"/>
    <input id="MetaSteuerdaten" path=".calculation" relativeToCalcCase="true"/>
    <input id="SceConf" path=".sce.xml" relativeToCalcCase="true"/>
    <input id="Hydrotop" path="calcHydrotop.gml" relativeToCalcCase="true"/>	

	<!-- Zeitreihen als Verzeichnisse -->
    <input id="NiederschlagDir" path="Niederschlag" relativeToCalcCase="true"/>
    <input id="ZuflussDir" path="Zufluss" relativeToCalcCase="true"/>
    <input id="PegelDir" path="Pegel" relativeToCalcCase="true"/>
    <input id="ErgebnisDir" path="Ergebnisse" relativeToCalcCase="true"/>

	<!-- Template als *.zip -->
    <input id="Template" path=".asciitemplate.zip" relativeToCalcCase="true"/>

</modelspec>
