<?xml version="1.0" encoding="UTF-8"?>
<section>
  <sectioninfo>
    <date><indexterm>
        <primary>Vorhersagemodell Bode</primary>
      </indexterm></date>
  </sectioninfo>

  <title>Vorhersagemodell Bode</title>

  <para>Das Vorhersagemodell für die Bode weist gegenüber anderen Modellen die
  Besonderheit auf, dass fünf verschiedene Arten von Berechnungen durchgeführt
  werden können. Diese Berechnungen bauen z.T. auf einander auf bzw. stehen
  teilweise nebeneinander. [[auf Modell-Doku verweisen]] Diese
  Modell-Besonderheit bleibt selbstverständlich in Kalypso erhalten und ihr
  wird durch den Aufbau des Assistenten besonders Rechnung getragen. Hier
  erweist sich die Möglichkeit, mithilfe der Navigation leicht zwischen den
  einzelnen Seiten des Assistenten wechseln zu können, als besonders
  hilfreich. </para>

  <para>Die Datenkontrollen und -eingaben sind abgestimmt auf den nächsten
  Berechnungsschritt und berücksichtigen dessen Notwendigkeiten.</para>

  <section id="SA_Assi_Bode_01_Steuerparams">
    <sectioninfo>
      <date><indexterm>
          <primary>Steuerparameter</primary>

          <secondary>Bode</secondary>
        </indexterm></date>
    </sectioninfo>

    <title>Steuerparameter</title>

    <para>Auf der nächsten Seite des Assistenten (<xref
    linkend="pic_SA_Assi_Bode_01_Steuerparams" />) werden verschiedene
    Informationen angezeigt. Die Einträge werden bei neu angelegten
    Rechenvarianten generiert. Bei fortgeführten oder kopierten
    Rechenvarianten entsprechen die Einträge denen der ursprünglichen
    Rechenvariante.</para>

    <para><figure id="pic_SA_Assi_Bode_01_Steuerparams">
        <title>Steuerparameter - Bode</title>

        <screenshot>
          <mediaobject>
            <imageobject>
              <imagedata align="center"
                         fileref="img/Sachsen_Anhalt/SA_Assi_Bode_01_Steuerparams.png"
                         format="PNG" scale="30" />
            </imageobject>
          </mediaobject>
        </screenshot>
      </figure>Der Eintrag zum <guilabel>Szenario</guilabel>
    (<quote>Normalbetrieb</quote> oder <quote>Testbetrieb</quote>) dient zur
    Information darüber, welchem Szenario die Rechenvariante zugeordnet ist
    (vergl. <xref linkend="SA_Assi_allg_00_Start" />). Dieser Eintrag ist
    unveränderlich.</para>

    <para>Der <guilabel>Start der Simulation</guilabel> gibt den Beginn der
    Simulationsrechnung an. Ab diesem Zeitpunkt werden ggf. die Messwerte aus
    der Zeitreihenablage geholt. <guibutton>Start der Simulation</guibutton>
    wird beim Erzeugen einer neuen Rechenvariante standardmäßig auf fünf Tage
    vor <guilabel>Start der Vorhersage</guilabel> gesetzt. Dieser Eintrag kann
    vom Benutzer angepasst werden.</para>

    <para>Der <guilabel>Start der Vorhersage</guilabel> wird beim Erzeugen
    einer neuen Rechenvariante automatisch auf die letzte volle Stunde der
    aktuellen Uhrzeit gesetzt. Bis zu diesem Zeitpunkt werden ggf. die
    Messwerte aus der Zeitreihenablage geholt. Dieser Eintrag kann vom
    Benutzer angepasst werden. Der Endzeitpunkt der Vorhersage wird durch das
    Modell bestimmt und liegt je nach Pegel 48 Stunden oder 120 Stunden nach
    dem <guilabel>Start der Vorhersage</guilabel>.</para>

    <para>Im Abschnitt <guilabel>Metadaten eingeben</guilabel> werden der
    <guilabel>Ersteller</guilabel>, eine <guilabel>Beschreibung</guilabel>,
    ein <guilabel>Kommentar</guilabel> und der
    <guilabel>Erstellungszeitpunkt</guilabel> eingetragen. Beim Erzeugen einer
    neuen Rechenvariante werden diese Felder mit Standard-Werten belegt. Ein
    detailliertes Ausfüllen dieser Metadaten erleichtert das weitere Arbeiten
    mit der erzeugten Rechenvariante. Jeder dieser Einträge kann vom Benutzer
    geändert werden.</para>

    <para>Ein aktiviertes Kontrollkästchen <guilabel>Zeitreihen
    aktualisieren</guilabel> bewirkt, dass beim Übergang auf die nächste Seite
    des Assistenten die vom Modell benötigten Messwerte für die Zeit vom
    <guilabel>Start der Simulation</guilabel> bis zum <guilabel>Start der
    Vorhersage</guilabel> aus der Zeitreihenablage geholt werden (Niederschlag
    an den Niederschlagsstationen, Wasserstand und W/Q-Beziehung an den
    Pegeln, Volumen und W/V-Beziehung der Speicher, Speicherabgaben). Außerdem
    werden leere Zeitreihen für den Gebietsniederschlag generiert.
    Gleichzeitig wird der Gebietsniederschlag entsprechend des
    Gebietsniederschlagsmodells berechnet (vergl. <xref
    linkend="SA_Assi_Bode_02_Niederschlagsstationen" />). Ist das
    Kontrollkästchen nicht aktiviert, werden die Zeitreihen nicht geholt bzw.
    nicht aktualisiert. Nur beim Anlegen einer neuen Rechenvariante ist dieses
    Kästchen standardmäßig aktiviert.</para>

    <para>Es folgenden nun Seiten für die Kontrolle und Eingabe der
    Eingangsdaten.</para>
  </section>

  <section id="SA_Assi_Bode_02_Niederschlagsstationen">
    <sectioninfo>
      <date><indexterm>
          <primary>Kontrolle Niederschläge - Niederschlagsstationen</primary>

          <secondary>Bode</secondary>
        </indexterm></date>
    </sectioninfo>

    <title>Kontrolle Niederschläge - Niederschlagsstationen</title>

    <para><figure id="pic_SA_Assi_Bode_02_Niederschlagsstationen">
        <title>Kontrolle Niederschläge - Niederschlagsstationen - Bode</title>

        <screenshot>
          <mediaobject>
            <imageobject>
              <imagedata align="center"
                         fileref="img/Sachsen_Anhalt/SA_Assi_Bode_02_Niederschlagsstationen.png"
                         format="PNG" scale="30" />
            </imageobject>
          </mediaobject>
        </screenshot>
      </figure>Auf dieser Seite werden die gemessenen Niederschläge an den
    sechs Niederschlagsstationen grafisch und tabellarisch dargestellt. Für
    die in der Karte markierte Niederschlagsstation wird die Zeitreihe im
    Diagramm dargestellt. Korrekturen und Ergänzungen der Eingangswerte sind
    in der Tabelle möglich (vergl. [[Verweis eintragen]]). Damit sich
    Änderungen an den Niederschlagswerten auch im Modell auswirken, muss der
    Knopf <guilabel>Gebietsniederschlag berechnen</guilabel> gedrückt werden.
    Die Gebietsniederschläge ergeben sich aus einer linearen Gewichtung der
    Niederschläge an den Stationen. Das Gebietsniederschlagsmodell
    berücksichtigt nur die Messwerte, ggf. eingegebene Prognosewerte für die
    Gebietsniederschläge bleiben unverändert.</para>
  </section>

  <section id="SA_Assi_Bode_03_Niederschlagsgebiete">
    <sectioninfo>
      <date><indexterm>
          <primary>Kontrolle und Eingabe Niederschläge -
          Niederschlagsgebiete</primary>

          <secondary>Bode</secondary>
        </indexterm></date>
    </sectioninfo>

    <title>Kontrolle und Eingabe Niederschläge - Niederschlagsgebiete</title>

    <para><figure id="pic_SA_Assi_Bode_03_Niederschlagsgebiete">
        <title>Kontrolle und Eingabe Niederschläge - Niederschlagsgebiete -
        Bode</title>

        <screenshot>
          <mediaobject>
            <imageobject>
              <imagedata align="center"
                         fileref="img/Sachsen_Anhalt/SA_Assi_Bode_03_Niederschlagsgebiete.png"
                         format="PNG" scale="30" />
            </imageobject>
          </mediaobject>
        </screenshot>
      </figure>Diese Seite des Assistenten stellt die ermittelten
    Gebietsniederschläge dar. Hier sind noch die Prognosewerte für die
    Gebietsniederschläge in der Tabelle zu ergänzen. Die Zeitreihenbearbeitung
    wird deutlich erleichtert durch die in [[Verweis machen]] beschriebenen
    Funktionen zur Tabellenbearbeitung. Im Diagramm wird jeweils die Ganglinie
    zu dem Pegel angezeigt, der in der Karte ausgewählt ist.</para>
  </section>

  <section id="SA_Assi_Bode_03_Abfluss_uh_Wend">
    <sectioninfo>
      <date><indexterm>
          <primary>Kontrolle Abflüsse / Wasserstände - Eingabepegel uh.
          Wendefurth</primary>

          <secondary>Bode</secondary>
        </indexterm></date>
    </sectioninfo>

    <title>Kontrolle Abflüsse / Wasserstände - Eingabepegel uh.
    Wendefurth</title>

    <para><figure id="pic_SA_Assi_Bode_03_Abfluss_uh_Wend">
        <title>Kontrolle Abflüsse / Wasserstände - Eingabepegel uh. Wendefurth
        - Bode</title>

        <screenshot>
          <mediaobject>
            <imageobject>
              <imagedata align="center"
                         fileref="img/Sachsen_Anhalt/SA_Assi_Bode_03_Abfluss_uh_wend.png"
                         format="PNG" scale="30" />
            </imageobject>
          </mediaobject>
        </screenshot>
      </figure>Die Kontrolle der Abflüsse bzw. Wasserstände für die
    Eingabepegel, die unterhalb von Wendefurth liegen, findet auf dieser Seite
    statt. Beim Import der Zeitreihen aus der Zeitreihenablage werden
    Wasserstände und W/Q-Beziehungen abgeholt. Somit können auf dieser Seite
    Wasserstände und die daraus berechneten Abflüsse dargestellt werden. Sie
    werden tabellarisch und grafisch dargestellt und können ggf. korrigiert
    werden. Korrekturen können sowohl in der Tabelle zum Wasserstand als auch
    in der Tabelle zum Abfluss vorgenommen werden. Es erfolgt jeweils
    automatisch eine Umrechnung über die W/Q-Beziehung, die Daten bleiben
    damit konsistent. Mithilfe der Optionsknöpfe <guilabel>Abfluss</guilabel>
    und <guilabel>Wasserstand</guilabel> unterhalb des Diagramms kann die
    Darstellung zwischen Abfluss und Wasserstand umgeschaltet werden. Im
    Diagramm wird jeweils die Ganglinie zu dem Pegel angezeigt, der in der
    Karte ausgewählt ist.</para>
  </section>

  <section id="SA_Assi_Bode_04_Abfluss_Speicher">
    <sectioninfo>
      <date><indexterm>
          <primary>Kontrolle und Eingabe Abgabe - Speicher</primary>

          <secondary>Bode</secondary>
        </indexterm></date>
    </sectioninfo>

    <title>Kontrolle und Eingabe Abgabe - Speicher</title>

    <para><figure id="pic_SA_Assi_Bode_04_Abfluss_Speicher">
        <title>Kontrolle und Eingabe Abgabe - Speicher - Bode</title>

        <screenshot>
          <mediaobject>
            <imageobject>
              <imagedata align="center"
                         fileref="img/Sachsen_Anhalt/SA_Assi_Bode_04_Abfluss_Speicher.png"
                         format="PNG" scale="30" />
            </imageobject>
          </mediaobject>
        </screenshot>
      </figure></para>

    <para>In einem nächsten Schritt werden die gemessenen Speicherabgaben
    kontrolliert und die zugehörigen Prognosewerte eingegeben. Die Darstellung
    im Diagramm richtet sich nach der Auswahl in der Karte.</para>
  </section>

  <section id="SA_Assi_Bode_05_Berechnung_uh_Wend">
    <sectioninfo>
      <date><indexterm>
          <primary>Berechnung - Q-Prognose unterhalb Wendefurth</primary>

          <secondary>Bode</secondary>
        </indexterm></date>
    </sectioninfo>

    <title>Berechnung - Q-Prognose unterhalb Wendefurth</title>

    <para><figure id="pic_SA_Assi_Bode_05_Berechnung_uh_Wend">
        <title>Berechnung - Q-Prognose unterhalb Wendefurth - Bode</title>

        <screenshot>
          <mediaobject>
            <imageobject>
              <imagedata align="center"
                         fileref="img/Sachsen_Anhalt/SA_Assi_Bode_05_Berechnung_uh_wend.png"
                         format="PNG" scale="30" />
            </imageobject>
          </mediaobject>
        </screenshot>
      </figure></para>

    <para>Die Eingabe und Kontrolle der Eingangsdaten für den ersten
    Berechnungsschritt ist abgeschlossen, die Rechnung zur Abfluss-Vorhersage
    unterhalb Wendefurth kann nun durchgeführt werden. Dies geschieht durch
    Drücken des Knopfes <guilabel>Q-Prognose uh. Wendefurth</guilabel> unten
    rechts. Die Darstellung im Diagramm erweitert sich nach erfolgter
    Vorhersage-Rechnung um die Vorhersagezeitreihe zu Abfluss bzw.
    Wasserstand. Die Darstellung kann mithilfe der Optionsköpfe
    <guilabel>Abfluss</guilabel> und <guilabel>Wasserstand</guilabel>
    unterhalb des Diagramms umgeschaltet werden. Das Diagramm bietet nun eine
    umfassende Information zu dem in der Karte gewählten Pegel: neben dem
    Abfluss bzw. Wasserstand (Beobachtung und Vorhersage) wird - falls
    vorhanden - auch der Niederschlag dargestellt.</para>
  </section>

  <section id="SA_Assi_Bode_06_Abfluss_oh_Speicher">
    <sectioninfo>
      <date><indexterm>
          <primary>Kontrolle Abflüsse / Wasserstände - Eingabepegel oh.
          Speicher</primary>

          <secondary>Bode</secondary>
        </indexterm></date>
    </sectioninfo>

    <title>Kontrolle Abflüsse / Wasserstände - Eingabepegel oh.
    Speicher</title>

    <para><figure id="pic_SA_Assi_Bode_06_Abfluss_oh_Speicher">
        <title>Kontrolle Abflüsse / Wasserstände - Eingabepegel oh. Speicher -
        Bode</title>

        <screenshot>
          <mediaobject>
            <imageobject>
              <imagedata align="center"
                         fileref="img/Sachsen_Anhalt/SA_Assi_Bode_06_Abfluss_oh_speicher.png"
                         format="PNG" scale="30" />
            </imageobject>
          </mediaobject>
        </screenshot>
      </figure></para>

    <para>In Vorbereitung auf die Abfluss-Vorhersage oberhalb der Speicher
    werden auf dieser Seite die Abflüsse bzw. Wasserstände für die
    Eingabepegel, die oberhalb der Speicher liegen, kontrolliert. Beim Import
    der Zeitreihen aus der Zeitreihenablage werden Wasserstände und
    W/Q-Beziehungen abgeholt. Somit können auf dieser Seite Wasserstände und
    die daraus berechneten Abflüsse dargestellt werden. Sie werden
    tabellarisch und grafisch dargestellt und können ggf. korrigiert werden.
    Korrekturen können sowohl in der Tabelle zum Wasserstand als auch in der
    Tabelle zum Abfluss vorgenommen werden. Es erfolgt jeweils automatisch
    eine Umrechnung über die W/Q-Beziehung, die Daten bleiben damit
    konsistent. Mithilfe der Optionsknöpfe <guilabel>Abfluss</guilabel> und
    <guilabel>Wasserstand</guilabel> unterhalb des Diagramms kann die
    Darstellung zwischen Abfluss und Wasserstand umgeschaltet werden. Im
    Diagramm wird jeweils die Ganglinie zu dem Pegel angezeigt, der in der
    Karte ausgewählt ist.</para>
  </section>

  <section id="SA_Assi_Bode_07_Berechnung_oh_Speicher">
    <sectioninfo>
      <date><indexterm>
          <primary>Berechnung - Q-Prognose oberhalb Speicher</primary>

          <secondary>Bode</secondary>
        </indexterm></date>
    </sectioninfo>

    <title>Berechnung - Q-Prognose oberhalb Speicher</title>

    <para><figure id="pic_SA_Assi_Bode_07_Berechnung_oh_Speicher">
        <title>Berechnung - Q-Prognose oberhalb Speicher - Bode</title>

        <screenshot>
          <mediaobject>
            <imageobject>
              <imagedata align="center"
                         fileref="img/Sachsen_Anhalt/SA_Assi_Bode_07_Berechnung_oh_Speicher.png"
                         format="PNG" scale="30" />
            </imageobject>
          </mediaobject>
        </screenshot>
      </figure></para>

    <para>Die Eingabe und Kontrolle der Eingangsdaten für den zweiten
    Berechnungsschritt ist abgeschlossen, die Rechnung zur Abfluss-Vorhersage
    oberhalb der Speicher kann nun durchgeführt werden. Dies geschieht durch
    Drücken des Knopfes <guilabel>Q-Prognose oh. Speicher</guilabel> unten
    rechts. Die Darstellung im Diagramm erweitert sich nach erfolgter
    Vorhersage-Rechnung um die Vorhersagezeitreihe zu Abfluss bzw.
    Wasserstand. Die Darstellung kann mithilfe der Optionsköpfe
    <guilabel>Abfluss</guilabel> und <guilabel>Wasserstand</guilabel>
    unterhalb des Diagramms umgeschaltet werden. Das Diagramm bietet nun eine
    umfassende Information zu dem in der Karte gewählten Pegel: neben dem
    Abfluss bzw. Wasserstand (Beobachtung und Vorhersage) wird - falls
    vorhanden - auch der Niederschlag dargestellt.</para>
  </section>

  <section id="SA_Assi_Bode_08_Volumen_Speicher">
    <sectioninfo>
      <date><indexterm>
          <primary>Kontrolle Volumen / Wasserstände Speicher</primary>

          <secondary>Bode</secondary>
        </indexterm></date>
    </sectioninfo>

    <title>Kontrolle Volumen / Wasserstände Speicher</title>

    <para><figure id="pic_SA_Assi_Bode_08_Volumen_Speicher">
        <title>Berechnung - Kontrolle Volumen / Wasserstände Speicher -
        Bode</title>

        <screenshot>
          <mediaobject>
            <imageobject>
              <imagedata align="center"
                         fileref="img/Sachsen_Anhalt/SA_Assi_Bode_08_Volumen_Speicher.png"
                         format="PNG" scale="30" />
            </imageobject>
          </mediaobject>
        </screenshot>
      </figure></para>

    <para></para>
  </section>

  <section id="SA_Assi_Bode_09_Abfluss_Speicher">
    <sectioninfo>
      <date><indexterm>
          <primary>Kontrolle und Eingabe Abgabe - Speicher</primary>

          <secondary>Bode</secondary>
        </indexterm></date>
    </sectioninfo>

    <title>Kontrolle und Eingabe Abgabe - Speicher</title>

    <para><figure id="pic_SA_Assi_Bode_09_Abfluss_Speicher">
        <title>Kontrolle und Eingabe Abgabe - Speicher - Bode</title>

        <screenshot>
          <mediaobject>
            <imageobject>
              <imagedata align="center"
                         fileref="img/Sachsen_Anhalt/SA_Assi_Bode_09_Abfluss_Speicher.png"
                         format="PNG" scale="30" />
            </imageobject>
          </mediaobject>
        </screenshot>
      </figure></para>

    <para>In Vorbereitung auf die Speicherrechnungen bzw. Rechnungen zur
    Talsperrensteuerung werden nun die gemessenen Speicherabgaben zur
    Kontrolle und weiteren Eingabe angezeigt. Insbesondere können nun die
    zukünftigen Abgaben für die Talsperre Königshütte festgelegt werden. Die
    Darstellung im Diagramm richtet sich wie gewohnt nach der Auswahl in der
    Karte. </para>
  </section>

  <section id="SA_Assi_Bode_10a_Speicherrechnung">
    <sectioninfo>
      <date><indexterm>
          <primary>Berechnung - Speicherrechnung bei Vorgabe der
          Abgaben</primary>

          <secondary>Bode</secondary>
        </indexterm></date>
    </sectioninfo>

    <title>Berechnung - Speicherrechnung bei Vorgabe der Abgaben</title>

    <para><figure id="pic_SA_Assi_Bode_10a_Speicherrechnung">
        <title>Berechnung - Speicherrechnung bei Vorgabe der Abgaben -
        Bode</title>

        <screenshot>
          <mediaobject>
            <imageobject>
              <imagedata align="center"
                         fileref="img/Sachsen_Anhalt/SA_Assi_Bode_10a_Speicherrechnung.png"
                         format="PNG" scale="30" />
            </imageobject>
          </mediaobject>
        </screenshot>
      </figure></para>

    <para>Die für die Speicherrechnung bei Vorgabe der Abgaben erforderlichen
    Eingaben sind nun abgeschlossen, die Rechnung wird durch Drücken des
    Knopfes <guilabel>Speicherrechnung</guilabel> unten rechts. Die
    Darstellung im Diagramm erweitert sich nach erfolgter Vorhersage-Rechnung
    um die Vorhersagezeitreihe zu Volumen. Das Diagramm bietet nun eine
    umfassende Information zu dem in der Karte gewählten Speicher: neben dem
    Volumen (Beobachtung und Vorhersage) werden die Abgabe und die
    Zufluss-Vorhersage dargestellt.</para>
  </section>

  <section id="SA_Assi_Bode_12_Berichtsablage_Pegel">
    <sectioninfo>
      <date><indexterm>
          <primary>Ergebnisbearbeitung und Veröffentlichung</primary>

          <secondary>Pegel</secondary>

          <tertiary>Bode</tertiary>
        </indexterm></date>
    </sectioninfo>

    <title>Ergebnisbearbeitung und Veröffentlichung - Pegel</title>

    <para><figure id="pic_SA_Assi_Bode_12_Berichtsablage_Pegel">
        <title>Ergebnisbearbeitung und Veröffentlichung - Pegel - Bode</title>

        <screenshot>
          <mediaobject>
            <imageobject>
              <imagedata align="center"
                         fileref="img/Sachsen_Anhalt/SA_Assi_Bode_12_Berichtsablage_Pegel.png"
                         format="PNG" scale="30" />
            </imageobject>
          </mediaobject>
        </screenshot>
      </figure></para>

    <para>Neben einer weiteren visuellen Kontrolle der Ergebnisse im Diagramm
    können auf dieser Seite</para>

    <itemizedlist>
      <listitem>
        <para>die Ergebnisse mit den Daten anderer Rechenvarianten durch
        Überlagerung im Diagramm verglichen,</para>
      </listitem>

      <listitem>
        <para>die Prognosezeitreihen in die Zeitreihenablage
        exportiert,</para>
      </listitem>

      <listitem>
        <para>die Ergebnisse als Berichtsdokumente in der Dokumentenablage
        abgelegt,</para>
      </listitem>

      <listitem>
        <para>die aktuelle Rechenvariante auf dem Server archiviert
        oder</para>
      </listitem>

      <listitem>
        <para>die Zeitreihen mithilfe des Grafikprogramms bearbeitet
        werden.</para>
      </listitem>
    </itemizedlist>

    <section>
      <sectioninfo>
        <date><indexterm>
            <primary>Überlagerung mit anderen Rechenvarianten</primary>

            <secondary>Ilse</secondary>
          </indexterm></date>
      </sectioninfo>

      <title id="SA_Assi_Ilse_05_Berichtsablage_Ueberlagerung">Überlagerung
      mit anderen Rechenvarianten</title>

      <para>In der Liste <guilabel>Rechenvarianten im Diagramm</guilabel> oben
      rechts werden die bisher erzeugten Rechenvarianten aufgelistet. Die
      derzeit aktuelle Rechenvariante ist gelb hervorgehoben. Im Diagramm
      werden alle angekreuzten Rechenvarianten dargestellt. Dadurch können
      Rechenvarianten leicht mit einander verglichen werden.</para>
    </section>

    <section id="SA_Assi_Ilse_05_Berichtsablage_ExpPrognosen">
      <sectioninfo>
        <date><indexterm>
            <primary>Vorhersagen exportieren</primary>

            <secondary>Ilse</secondary>
          </indexterm></date>
      </sectioninfo>

      <title>Vorhersagen exportieren</title>

      <para>Der Export der berechneten Vorhersagezeitreihen in die
      Zeitreihenablage erfolgt über den Knopf <guilabel>Vorhersagen
      exportieren</guilabel>. In einem nächsten Schritt wählt der Benutzer
      aus, für welche Pegel dieser Export erfolgen soll. Entsprechend dem zu
      Beginn gewählten Szenario (vergl. <xref
      linkend="SA_Assi_allg_00_Start" />) werden die Zeitreihen (Wasserstand
      und Abfluss) in die dafür vorgesehenen Container der Zeitreihenablage
      exportiert und stehen dort für weitere Analysen und Auswertungen zu
      Verfügung.</para>
    </section>

    <section id="SA_Assi_Ilse_05_Berichtsablage_ExpBerichte">
      <sectioninfo>
        <date><indexterm>
            <primary>Bericht(e) ablegen</primary>

            <secondary>Ilse</secondary>
          </indexterm></date>
      </sectioninfo>

      <title>Bericht(e) ablegen</title>

      <para>Beim Ablegen von Berichtskomponenten in die Dokumentenablage wird
      der Benutzer durch einen mehrstufigen Dialog geführt. Nach einer Auswahl
      der abzulegenden Berichtskomponenten werden Zusatzinformationen
      (Metadaten) angezeigt zu [[Info über Metadaten]], die zusätzlich mit in
      die Dokumentenablage übergeben werden. Die Ablage folgender
      Berichtskomponenten ist konfiguriert:</para>

      <itemizedlist>
        <listitem>
          <para>Für jeden <guilabel>Vorhersagepegel</guilabel> können eine
          <guilabel>Abflussgrafik</guilabel>, eine
          <guilabel>Wasserstandsgrafik</guilabel> und eine
          <guilabel>Übersichtstabelle (Q / W / P)</guilabel> abgelegt werden.
          Die Abflussgrafik und Wassserstandgrafik entsprechen der jeweiligen
          Diagrammdarstellung. Die Übersichtstabelle ist eine tabellarische
          Zeitreihendarstellung von Abfluss, Wasserstand und
          Gebietsniederschlag.</para>
        </listitem>

        <listitem>
          <para>Desweiteren ist die Ablage von
          <guilabel>Datenübersichten</guilabel> möglich. Dabei handelt es sich
          jeweils um eine tabellarische Zeitreihendarstellung der
          <guilabel>Eingangsdaten Wasserstand</guilabel>,
          <guilabel>Ergebnisdaten Wasserstand</guilabel>,
          <guilabel>Eingangsdaten Abfluss</guilabel>, <guilabel>Ergebnisdaten
          Abfluss</guilabel> und <guilabel>Niederschlag</guilabel> für die
          beiden Vorhersagepegel.</para>
        </listitem>

        <listitem>
          <para>Die <guilabel>Pegelübersichten (Scheitelwerte)</guilabel> für
          Wasserstand bzw. Abfluss sind tabellarische Zusammenfassungen, die
          neben den Pegelnamen, den Gewässernamen, den Maximalwerten der
          Vorhersage, den Eintrittszeitpunkten, den ggf. erreichten
          Alarmstufen und ggf. den Richtwerten der erreichten Alarmstufen auch
          Vorhersagewerte im Abstand von sechs Stunden mit ausgeben.</para>
        </listitem>
      </itemizedlist>
    </section>

    <section id="SA_Assi_Ilse_05_Berichtsablage_VarianteArchivieren">
      <sectioninfo>
        <date><indexterm>
            <primary>Variante archivieren</primary>

            <secondary>Ilse</secondary>
          </indexterm></date>
      </sectioninfo>

      <title>Variante archivieren</title>

      <para>Damit andere Nutzer Zugang zur aktuellen Rechenvariante bekommen
      (vergl. <xref linkend="SA_Assi_allg_04_HWV_starten" />), kann sie
      mithilfe des Knopfes <guilabel>Variante archivieren</guilabel> auf dem
      Server abgelegt werden. Der Name der lokalen Rechenvariante wird dabei
      übernommen.</para>
    </section>

    <section id="SA_Assi_Ilse_05_Berichtsablage_TSBearbeiten">
      <sectioninfo>
        <date><indexterm>
            <primary>Zeitreihe(n) bearbeiten</primary>

            <secondary>Ilse</secondary>
          </indexterm></date>
      </sectioninfo>

      <title>Zeitreihe(n) bearbeiten</title>

      <para>Zur Bearbeitung der im Diagramm dargestellten Zeitreihen wird
      durch Drücken des Knopfes <guilabel>Zeitreihe(n) bearbeiten</guilabel>
      das im Programmumfang enthaltene Grafikprogramm geöffnet. Dieses
      Programm ermöglicht zum Einen eine Korrektur von Daten zum Anderen
      bietet es auch komfortable Möglichkeiten zu weitergehenden Analysen. Im
      Korrekturmodus des Grafikprogramms vorgenommene Änderungen an den Werten
      werden wieder nach KALYPSO übernommen. Die Bedienung des Grafikprogramms
      wird in einem eigenen Handbuch beschrieben.</para>
    </section>
  </section>
</section>