<?xml version="1.0" encoding="ISO-8859-1"?>
<!DOCTYPE book PUBLIC "" "../manual.dtd" [
	<!ENTITY file_bookinfo SYSTEM "../bookinfo.xml">
	<!ENTITY file_allgemeines SYSTEM "../allgemeines_SA.xml">
	<!ENTITY file_programm_start SYSTEM "../Programm-Start_SA.xml">
	<!ENTITY file_gui SYSTEM "../gui_SA.xml">
	<!ENTITY file_repository SYSTEM "../repository_SA.xml">
	<!ENTITY file_wizards_allg SYSTEM "Vorhersage_Assistenten_allg.xml">
	<!ENTITY file_wizard_Ilse SYSTEM "Vorhersage_Assistent_Ilse.xml">
	<!ENTITY file_wizard_Bode SYSTEM "Vorhersage_Assistent_Bode.xml">
	<!ENTITY file_wizard_Saale SYSTEM "Vorhersage_Assistent_Saale.xml">
]>
<book id="book" lang="de">
 
	&file_bookinfo;	
	
	<toc/>

	&file_allgemeines;
	&file_programm_start;

	&file_gui; 
	&file_repository;
	<chapter>
		<chapterinfo>
			<date>
				<indexterm>
					<primary>Vorhersage-Assistenten</primary>
				</indexterm>
			</date>
		</chapterinfo>
		<!-- <title id="Assi_00">Vorhersage-Assistenten</title>-->
		<title id="vorhersage_wizards">Vorhersage-Assistenten</title>
		
			&file_wizards_allg;    
			&file_wizard_Ilse;
			&file_wizard_Bode;
			<!--
			&file_wizard_Saale;-->
	</chapter>
	
	<lot/>
	<!--
	<index/> -->
</book>
