<?xml version="1.0" encoding="UTF-8"?>
<section id="SA_Assi_Saale_01">
  <sectioninfo>
    <date><indexterm>
        <primary>Vorhersagemodell Saale</primary>
      </indexterm></date>
  </sectioninfo>

  <title>Vorhersagemodell Saale</title>

  <section id="SA_Assi_Saale_01_Steuerparams">
    <sectioninfo>
      <date><indexterm>
          <primary>Steuerparameter</primary>

          <secondary>Saale</secondary>
        </indexterm></date>
    </sectioninfo>

    <title>Steuerparameter</title>

    <para>Auf der nächsten Seite des Assistenten (<xref
    linkend="pic_SA_Assi_Saale_01_Steuerparams" />) werden verschiedene
    Informationen angezeigt. Die Einträge werden bei neu angelegten
    Rechenvarianten generiert. Bei fortgeführten oder kopierten
    Rechenvarianten entsprechen die Einträge denen der ursprünglichen
    Rechenvariante.<figure id="pic_SA_Assi_Saale_01_Steuerparams">
        <title>Steuerparameter - Saale</title>

        <screenshot>
          <mediaobject>
            <imageobject>
              <imagedata align="center"
                         fileref="img/Sachsen_Anhalt/SA_Assi_Saale_01_Steuerparameter.png"
                         format="PNG" scale="50" />
            </imageobject>
          </mediaobject>
        </screenshot>
      </figure></para>

    <para>Der Eintrag zum <guilabel>Szenario</guilabel>
    (<quote>Normalbetrieb</quote> oder <quote>Testbetrieb</quote>) dient zur
    Information darüber, welchem Szenario die Rechenvariante zugeordnet ist
    (vergl. <xref linkend="SA_Assi_allg_00_Start" />). Dieser Eintrag ist
    unveränderlich.</para>

    <para>Der <guilabel>Start der Vorhersage</guilabel> wird beim Erzeugen
    einer neuen Rechenvariante automatisch auf die letzte volle Stunde der
    aktuellen Uhrzeit gesetzt. Bis zu diesem Zeitpunkt werden ggf. die
    Messwerte aus der Zeitreihenablage geholt. Dieser Eintrag kann vom
    Benutzer angepasst werden. Der startzeitpunkt der simulationsrechnung wird
    duch das Modell bestimmt und liegt 120 Stunden vor dem <guilabel>Start der
    Vorhersage</guilabel>. Der Endzeitpunkt der Vorhersage wird ebenfalls
    durch das Modell bestimmt und liegt 148 Stunden nach dem <guilabel>Start
    der Vorhersage</guilabel>.</para>

    <para>Im Abschnitt <guilabel>Metadaten eingeben</guilabel> werden der
    <guilabel>Ersteller</guilabel>, eine <guilabel>Beschreibung</guilabel>,
    ein <guilabel>Kommentar</guilabel> und der
    <guilabel>Erstellungszeitpunkt</guilabel> eingetragen. Beim Erzeugen einer
    neuen Rechenvariante werden diese Felder mit Standard-Werten belegt. Ein
    detailliertes Ausfüllen dieser Metadaten erleichtert das weitere Arbeiten
    mit der erzeugten Rechenvariante. Jeder dieser Einträge kann vom Benutzer
    geändert werden.</para>

    <para>Ein aktiviertes Kontrollkästchen <guilabel>Zeitreihen
    aktualisieren</guilabel> bewirkt, dass beim Übergang auf die nächste Seite
    des Assistenten die vom Modell benötigten Messwerte für den
    simulationszeitraum aus der Zeitreihenablage geholt werden (Niederschlag
    an den Niederschlagsstationen, Wasserstand und W/Q-Beziehung an den Pegeln
    usw.). Außerdem werden die aktuell vorliegenden DWD Rasterdaten des
    Lokalmodells des DWD vom Server bezogen und zusammen mit den
    Stationswerten der Vergangenheit als Gebietsniederschlag umgerechnet
    (vergl. <xref linkend="pic_SA_Assi_Saale_02_Ombrometer" />). Ist das
    Kontrollkästchen nicht aktiviert, werden die Zeitreihen nicht geholt bzw.
    nicht aktualisiert. Nur beim Anlegen einer neuen Rechenvariante ist dieses
    Kästchen standardmäßig aktiviert.</para>

    <para>Es folgenden nun Seiten für die Kontrolle und Eingabe der
    Eingangsdaten.</para>
  </section>

  <section id="SA_Assi_Saale_02_Niederschlagsstationen">
    <sectioninfo>
      <date><indexterm>
          <primary>Kontrolle Niederschläge - Niederschlagsstationen</primary>

          <secondary>Saale</secondary>
        </indexterm></date>
    </sectioninfo>

    <title>Kontrolle Niederschläge - Omrbometer</title>

    <para><figure id="pic_SA_Assi_Saale_02_Ombrometer">
        <title>Kontrolle Niederschläge - Ombrometer - Saale</title>

        <screenshot>
          <mediaobject>
            <imageobject>
              <imagedata align="center"
                         fileref="img/Sachsen_Anhalt/SA_Assi_Saale_02_Ombrometer.png"
                         format="PNG" scale="50" />
            </imageobject>
          </mediaobject>
        </screenshot>
      </figure>Auf dieser Seite werden die gemessenen Niederschläge an den
    Ombromtern grafisch und tabellarisch dargestellt. Für die in der Karte
    markierte Niederschlagsstation wird die Zeitreihe im Diagramm dargestellt.
    Korrekturen und Ergänzungen der Eingangswerte sind in der Tabelle möglich
    (vergl. [[Verweis eintragen]]). Damit sich Änderungen an den
    Niederschlagswerten auch im Modell auswirken, muss der Knopf
    <guilabel>Gebietsniederschlag berechnen</guilabel> gedrückt werden. Die
    Gebietsniederschläge ergeben sich aus einer linearen Gewichtung der
    Niederschläge an den Stationen sowie den DWD Rasterdaten. Letztere sind
    durch den benutzer nicht veränderbar.</para>
  </section>

  <section id="SA_Assi_Saale_03_Niederschlagsgebiete">
    <sectioninfo>
      <date><indexterm>
          <primary>Kontrolle und Eingabe Niederschläge -
          Niederschlagsgebiete</primary>

          <secondary>Saale</secondary>
        </indexterm></date>
    </sectioninfo>

    <title>Kontrolle und Eingabe Niederschläge - Niederschlagsgebiete</title>

    <para><figure id="pic_SA_Assi_Saale_03_Niederschlagsgebiete">
        <title>Kontrolle und Eingabe Niederschläge - Niederschlagsgebiete -
        Saale</title>

        <screenshot>
          <mediaobject>
            <imageobject>
              <imagedata align="center"
                         fileref="img/Sachsen_Anhalt/SA_Assi_Saale_03_Niederschlagsgeiete.png"
                         format="PNG" scale="50" />
            </imageobject>
          </mediaobject>
        </screenshot>
      </figure></para>

    <para>Aufgrund der Vielzahl der Niederschlagsgebiete erfolgt die Eingabe
    und Kontrolle der Gebietsniederschläge auf mehreren Seiten, die Aufteilung
    der Gebiete erfolgt nach den im Modell definierten Regionen.</para>

    <para>Auf diesen Seiten des Assistenten werden die ermittelten
    Gebietsniederschläge dargestellt. Die Zeitreihenbearbeitungn wird deutlich
    erleichtert durch die in [[Verweis machen]] beschriebenen Funktionen zur
    Tabellenbearbeitung. Im Diagramm wird jeweils die Ganglinie zu dem Pegel
    angezeigt, der in der Karte ausgewählt ist. Eventuelle manuelle Änderungen
    in den Gebietsniederschlägen werden im Falle eines erneuten Rechnens des
    Gebietsniederschlagsmodells auf der vorhergehenden Seite wieder
    überschrieben.</para>
  </section>

  <section id="SA_Assi_Saale_04_Volumen">
    <sectioninfo>
      <date><indexterm>
          <primary>Kontrolle Volumen / Wasserstände - Talsperren</primary>

          <secondary>Saale</secondary>
        </indexterm></date>
    </sectioninfo>

    <title>Kontrolle Volumen / Wasserstände - Talsperren</title>

    <para><figure id="pic_SA_Assi_Saale_04_Volumen">
        <title>Kontrolle Volumen / Wasserstände - Talsperren - Saale</title>

        <screenshot>
          <mediaobject>
            <imageobject>
              <imagedata align="center"
                         fileref="img/Sachsen_Anhalt/SA_Assi_Saale_04_Volumen.png"
                         format="PNG" scale="50" />
            </imageobject>
          </mediaobject>
        </screenshot>
      </figure>Die Kontrolle der Volumen bzw. Wasserstände der Talsperren
    findet auf dieser Seite statt. Beim Import der Zeitreihen aus der
    Zeitreihenablage werden Volumen und W/V-Beziehungen abgeholt. Somit können
    auf dieser Seite Volumen und die daraus berechneten Wasserstände
    dargestellt werden. Sie werden tabellarisch und grafisch dargestellt und
    können ggf. korrigiert werden. Korrekturen können sowohl in der Tabelle
    zum Wasserstand als auch in der Tabelle zum Volumen vorgenommen werden. Es
    erfolgt jeweils automatisch eine Umrechnung über die W/V-Beziehung, die
    Daten bleiben damit konsistent. Mithilfe der Optionsknöpfe
    <guilabel>Volumen</guilabel> und <guilabel>Wasserstand</guilabel>
    unterhalb des Diagramms kann die Darstellung zwischen Volumen und
    Wasserstand umgeschaltet werden. Im Diagramm wird jeweils die Ganglinie zu
    der Talsperre angezeigt, der in der Karte ausgewählt ist.</para>
  </section>

  <section id="SA_Assi_Saale_05_Abfluesse">
    <sectioninfo>
      <date><indexterm>
          <primary>Kontrolle Abflüsse / Wasserstände</primary>
        </indexterm></date>
    </sectioninfo>

    <title>Kontrolle Abflüsse / Wasserstände - Eingabepegel</title>

    <para><figure id="pic_SA_Assi_Saale_05_Abfluss">
        <title>Kontrolle Abflüsse / Wasserstände - Eingabepegel -
        Saale</title>

        <screenshot>
          <mediaobject>
            <imageobject>
              <imagedata align="center"
                         fileref="img/Sachsen_Anhalt/SA_Assi_Saale_05_Abfluesse.png"
                         format="PNG" scale="50" />
            </imageobject>
          </mediaobject>
        </screenshot>
      </figure></para>

    <para>Aufgrund der hohen Anzahl von Eingabepegeln sowie der vorgegebenen
    Modellstruktur des Saale-Modells wurde die Eingabe und Kontrolle der
    Abflüsse bzw. Wasserstände der Eingabepegel in die jeweils vor einer
    Talsperre liegenden Pegel aufgeteilt. Nach jeder dieser Seiten folgt eine
    weitere Seite zur Eingabe der Steuerungsart der Talsperre. </para>

    <para>Die Kontrolle der Abflüsse bzw. Wasserstände findet auf Seiten
    dieser Art statt. Beim Import der Zeitreihen aus der Zeitreihenablage
    werden Wasserstände und W/Q-Beziehungen abgeholt. Somit können auf dieser
    Seite Wasserstände und die daraus berechneten Abflüsse dargestellt werden.
    Sie werden tabellarisch und grafisch dargestellt und können ggf.
    korrigiert werden. Korrekturen können sowohl in der Tabelle zum
    Wasserstand als auch in der Tabelle zum Abfluss vorgenommen werden. Es
    erfolgt jeweils automatisch eine Umrechnung über die W/Q-Beziehung, die
    Daten bleiben damit konsistent. Mithilfe der Optionsknöpfe
    <guilabel>Abfluss</guilabel> und <guilabel>Wasserstand</guilabel>
    unterhalb des Diagramms kann die Darstellung zwischen Abfluss und
    Wasserstand umgeschaltet werden. Im Diagramm wird jeweils die Ganglinie zu
    dem Pegel angezeigt, der in der Karte ausgewählt ist.</para>
  </section>

  <section id="SA_Assi_Saale_06_Steuerung_TS">
    <sectioninfo>
      <date><indexterm>
          <primary>Steuerung Talsperre</primary>

          <secondary>Saale</secondary>
        </indexterm></date>
    </sectioninfo>

    <title>Steuerung Talsperre</title>

    <para><figure id="pic_SA_Assi_Saale_06_Steuerung_Talsperre">
        <title>Steuerung Talsperre - Saale</title>

        <screenshot>
          <mediaobject>
            <imageobject>
              <imagedata align="center"
                         fileref="img/Sachsen_Anhalt/SA_Assi_Saale_06_SteuerungTS.png"
                         format="PNG" scale="50" />
            </imageobject>
          </mediaobject>
        </screenshot>
      </figure>Die Eingabe der Steuerungsart der i mjeweiligen Abschnitt
    behandelten Talsperre findet auf diesen Seiten statt. Die Eingabe der
    Vorgabewerte für die Steuerung findet jeweils auf der vorhergehenden Seite
    Kontrolle Abflüsse / Wasserstände - Eingabepegel statt.</para>
  </section>

  <section id="SA_Assi_Saale_07_Steuerung_SW">
    <sectioninfo>
      <date><indexterm>
          <primary>Steuerung Schwarze und Weiße Elster</primary>
        </indexterm></date>
    </sectioninfo>

    <title>Steuerung Schwarze und Weiße Elster</title>

    <para><figure id="pic_SA_Assi_Saale_07_SteuerungSW">
        <title>Steuerung Schwarze bzw. Weiße Elster</title>

        <screenshot>
          <mediaobject>
            <imageobject>
              <imagedata align="center"
                         fileref="img/Sachsen_Anhalt/SA_Assi_Saale_07_SteuerungSW.png"
                         format="PNG" scale="50" />
            </imageobject>
          </mediaobject>
        </screenshot>
      </figure>Eine Besonderheit bilden die beiden Seiten zur Steuerung der
    Schwarze und der Weißen Elster. Das Saale-Modell bietet die Auswahl, ob
    eine Berechnung des Abschnittes gewünscht wird, oder ob der abgabepegel
    vorgegeben ist. Die Auswahl der Option erfolgt analog zur Steuerung der
    Talsperren. Ebenso werden die für den Berechnungsabschnitt benötigten
    Wasserdtands bzw. Abflusswerte in der Seite davor eingegeben.</para>
  </section>

  <section id="SA_Assi_Saale_08_Berechnung">
    <sectioninfo>
      <date><indexterm>
          <primary>Ergebnisse Saale</primary>

          <secondary>Saale</secondary>
        </indexterm></date>
    </sectioninfo>

    <title>Vorhersage - Ergebnispegel Saale</title>

    <para><figure id="pic_SA_Assi_Saale_08_Vorhersage">
        <title>Vorhersage - Ergebnispegel - Saale</title>

        <screenshot>
          <mediaobject>
            <imageobject>
              <imagedata align="center"
                         fileref="img/Sachsen_Anhalt/SA_Assi_Saale_08_Vorhersage.png"
                         format="PNG" scale="50" />
            </imageobject>
          </mediaobject>
        </screenshot>
      </figure></para>

    <para>Die Eingabe und Kontrolle der Eingangsdaten ist abgeschlossen, die
    Vorhersagerechnung kann nun durchgeführt werden. Dies geschieht durch
    Drücken des Knopfes <guilabel>Vorhersage druchfüheren</guilabel> unten
    rechts. Die Darstellung im Diagramm erweitert sich nach erfolgter
    Vorhersage-Rechnung um die Vorhersagezeitreihe zu Abfluss bzw.
    Wasserstand. Die Darstellung kann mithilfe der Optionsköpfe
    <guilabel>Abfluss</guilabel> und <guilabel>Wasserstand</guilabel>
    unterhalb des Diagramms umgeschaltet werden. Das Diagramm bietet nun eine
    umfassende Information zu dem in der Karte gewählten Pegel: neben dem
    Abfluss bzw. Waserstand (Beobachtung und Vorhersage) wird bei
    Niederschlagsgebieten auch der Niederschlag dargestellt.</para>

    <para>Analog zu der Aufteilung bei der Eingabe der Wasserstands- bzw.
    abflussdaten erfolgt die Kontrolle der Ergebnisse ebenfalls für mehrere
    Seiten des Assistenten. Die Einteilung ist identisch zu den
    Eingabeseiten.</para>
  </section>

  <section id="SA_Assi_Saale_09_Ergebnisse_Talsperren">
    <sectioninfo>
      <date><indexterm>
          <primary>Ergebnisse Talsperren Saale</primary>

          <secondary>Saale</secondary>
        </indexterm></date>
    </sectioninfo>

    <title>Ergebnisse - Talsperren Saale</title>

    <para><figure id="pic_SA_Assi_Saale_09_Ergebnisse_Talsperren">
        <title>Ergebnisse - Talsperren - Saale</title>

        <screenshot>
          <mediaobject>
            <imageobject>
              <imagedata align="center"
                         fileref="img/Sachsen_Anhalt/SA_Assi_Saale_09_Ergebnisse.png"
                         format="PNG" scale="50" />
            </imageobject>
          </mediaobject>
        </screenshot>
      </figure></para>

    <para>Auf dieser Seite erfolgt die Darstellung der Ergebnisse der
    Modellrechnung an den Talsperren. Es werden die für die Talsperre
    relevanten Pegel (Abgabe, Steuerung, Zufluss) sowie die beobachtete
    respektive berechnete Volumenkurve dargestellt.</para>
  </section>

  <section id="SA_Assi_Saale_10_Berichtsablage_Pegel">
    <sectioninfo>
      <date><indexterm>
          <primary>Ergebnisbearbeitung und Veröffentlichung</primary>

          <secondary>Saale</secondary>
        </indexterm></date>
    </sectioninfo>

    <title>Berichtsablage Pegel</title>

    <para><figure id="pic_SA_Assi_Saale_10_BerichtsablagePegel">
        <title>Berichtsablage - Pegel - Saale</title>

        <screenshot>
          <mediaobject>
            <imageobject>
              <imagedata align="center"
                         fileref="img/Sachsen_Anhalt/SA_Assi_Saale_10_BerichtsablagePegel.png"
                         format="PNG" scale="50" />
            </imageobject>
          </mediaobject>
        </screenshot>
      </figure></para>

    <para>Neben einer weiteren visuellen Kontrolle der Ergebnispegel im
    Diagramm können auf dieser Seite</para>

    <itemizedlist>
      <listitem>
        <para>die Ergebnisse mit den Daten anderer Rechenvarianten durch
        Überlagerung im Diagramm verglichen,</para>
      </listitem>

      <listitem>
        <para>die Prognosezeitreihen in die Zeitreihenablage
        exportiert,</para>
      </listitem>

      <listitem>
        <para>die Ergebnisse als Berichtsdokumente in der Dokumentenablage
        abgelegt,</para>
      </listitem>

      <listitem>
        <para>die aktuelle Rechenvariante auf dem Server archiviert
        oder</para>
      </listitem>

      <listitem>
        <para>die Zeitreihen mithilfe des Grafikprogramms bearbeitet
        werden.</para>
      </listitem>
    </itemizedlist>

    <section>
      <sectioninfo>
        <date><indexterm>
            <primary>Überlagerung mit anderen Rechenvarianten</primary>

            <secondary>Saale</secondary>
          </indexterm></date>
      </sectioninfo>

      <title id="SA_Assi_Saale_05_Berichtsablage_Ueberlagerung">Überlagerung
      mit anderen Rechenvarianten</title>

      <para>In der Liste <guilabel>Rechenvarianten im Diagramm</guilabel> oben
      rechts werden die bisher erzeugten Rechenvarianten aufgelistet. Die
      derzeit aktuelle Rechenvariante ist gelb hervorgehoben. Im Diagramm
      werden alle angekreuzten Rechenvarianten dargestellt. Dadurch können
      Rechenvarianten leicht mit einander verglichen werden.</para>
    </section>

    <section id="SA_Assi_Saale_05_Berichtsablage_ExpPrognosen">
      <sectioninfo>
        <date><indexterm>
            <primary>Vorhersagen exportieren</primary>

            <secondary>Saale</secondary>
          </indexterm></date>
      </sectioninfo>

      <title>Vorhersagen exportieren</title>

      <para>Der Export der berechneten Vorhersagezeitreihen in die
      Zeitreihenablage erfolgt über den Knopf <guilabel>Vorhersagen
      exportieren</guilabel>. In einem nächsten Schritt wählt der Benutzer
      aus, für welche Pegel dieser Export erfolgen soll. Entsprechend dem zu
      Beginn gewählten Szenario (vergl. <xref
      linkend="SA_Assi_allg_00_Start" />) werden die Zeitreihen (Wasserstand
      und Abfluss) in die dafür vorgesehenen Container der Zeitreihenablage
      exportiert und stehen dort für weitere Analysen und Auswertungen zu
      Verfügung.</para>
    </section>

    <section id="SA_Assi_Saale_05_Berichtsablage_ExpBerichte">
      <sectioninfo>
        <date><indexterm>
            <primary>Bericht(e) ablegen</primary>

            <secondary>Saale</secondary>
          </indexterm></date>
      </sectioninfo>

      <title>Bericht(e) ablegen</title>

      <para>Beim Ablegen von Berichtskomponenten in die Dokumentenablage wird
      der Benutzer durch einen mehrstufigen Dialog geführt. Nach einer Auswahl
      der abzulegenden Berichtskomponenten werden Zusatzinformationen
      (Metadaten) angezeigt zu [[Info über Metadaten]], die zusätzlich mit in
      die Dokumentenablage übergeben werden. Die Ablage folgender
      Berichtskomponenten ist konfiguriert:</para>

      <itemizedlist>
        <listitem>
          <para>Für jeden <guilabel>Vorhersagepegel</guilabel> können eine
          <guilabel>Abflussgrafik</guilabel>, eine
          <guilabel>Wasserstandsgrafik</guilabel> und eine
          <guilabel>Übersichtstabelle (Q / W / P)</guilabel> abgelegt werden.
          Die Abflussgrafik und Wassserstandgrafik entsprechen der jeweiligen
          Diagrammdarstellung. Die Übersichtstabelle ist eine tabellarische
          Zeitreihendarstellung von Abfluss, Wasserstand und
          Gebietsniederschlag.</para>
        </listitem>

        <listitem>
          <para>Desweiteren ist die Ablage von
          <guilabel>Datenübersichten</guilabel> möglich. Dabei handelt es sich
          jeweils um eine tabellarische Zeitreihendarstellung der
          <guilabel>Eingangsdaten Wasserstand</guilabel>,
          <guilabel>Ergebnisdaten Wasserstand</guilabel>,
          <guilabel>Eingangsdaten Abfluss</guilabel>, <guilabel>Ergebnisdaten
          Abfluss</guilabel> und <guilabel>Niederschlag</guilabel> für die
          beiden Vorhersagepegel.</para>
        </listitem>

        <listitem>
          <para>Die <guilabel>Pegelübersichten (Scheitelwerte)</guilabel> für
          Wasserstand bzw. Abfluss sind tabellarische Zusammenfassungen, die
          neben den Pegelnamen, den Gewässernamen, den Maximalwerten der
          Vorhersage, den Eintrittszeitpunkten, den ggf. erreichten
          Alarmstufen und ggf. den Richtwerten der erreichten Alarmstufen auch
          Vorhersagewerte im Abstand von sechs Stunden mit ausgeben.</para>
        </listitem>
      </itemizedlist>
    </section>

    <section id="SA_Assi_Saale_05_Berichtsablage_VarianteArchivieren">
      <sectioninfo>
        <date><indexterm>
            <primary>Variante archivieren</primary>

            <secondary>Saale</secondary>
          </indexterm></date>
      </sectioninfo>

      <title>Variante archivieren</title>

      <para>Damit andere Nutzer Zugang zur aktuellen Rechenvariante bekommen
      (vergl. <xref linkend="SA_Assi_allg_04_HWV_starten" />), kann sie
      mithilfe des Knopfes <guilabel>Variante archivieren</guilabel> auf dem
      Server abgelegt werden. Der Name der lokalen Rechenvariante wird dabei
      übernommen.</para>
    </section>

    <section id="SA_Assi_Saale_05_Berichtsablage_TSBearbeiten">
      <sectioninfo>
        <date><indexterm>
            <primary>Zeitreihe(n) bearbeiten</primary>

            <secondary>Saale</secondary>
          </indexterm></date>
      </sectioninfo>

      <title>Zeitreihe(n) bearbeiten</title>

      <para>Zur Bearbeitung der im Diagramm dargestellten Zeitreihen wird
      durch Drücken des Knopfes <guilabel>Zeitreihe(n) bearbeiten</guilabel>
      das im Programmumfang enthaltene Grafikprogramm geöffnet. Dieses
      Programm ermöglicht zum Einen eine Korrektur von Daten zum Anderen
      bietet es auch komfortable Möglichkeiten zu weitergehenden Analysen. Im
      Korrekturmodus des Grafikprogramms vorgenommene Änderungen an den Werten
      werden wieder nach KALYPSO übernommen. Die Bedienung des Grafikprogramms
      wird in einem eigenen Handbuch beschrieben.</para>
    </section>
  </section>

  <section id="SA_Assi_Saale_11_Berichtsablage_Speicher">
    <sectioninfo>
      <date><indexterm>
          <primary>Ergebnisbearbeitung und Veröffentlichung</primary>

          <secondary>Saale</secondary>
        </indexterm></date>
    </sectioninfo>

    <title>Berichtsablage Speicher</title>

    <para><figure id="pic_SA_Assi_Saale_11_BerichtsablageSpeicher">
        <title>Berichtsablage - Speicher - Saale</title>

        <screenshot>
          <mediaobject>
            <imageobject>
              <imagedata align="center"
                         fileref="img/Sachsen_Anhalt/SA_Assi_Saale_11_BerichtsablageSpeicher.png"
                         format="PNG" scale="50" />
            </imageobject>
          </mediaobject>
        </screenshot>
      </figure></para>

    <para>Diese Seite ist analog zur vorhergehenden Seite augebaut. Im
    Gegensatz zu den Ergebnispegeln werden hier aber die berechneten
    Volumenganglinien der Talsperren dargestellt. Ebenso beziehen Sich die
    Möglichkeiten der Datenbearbeitung und Ablage auf die
    volumenganglinien.</para>
  </section>
</section>