<?xml version="1.0" encoding="UTF-8"?>
<chapter>
  <title>Modelle</title>

  <para>KALYPSO erlaubt die Integration und Verwaltung von hydraulischen und
  hydrologischen Simulationsmodellen innerhalb einer einheitlichen
  Benutzeroberfläche. Die Modelle erweitern die Basisfunktionalitäten der
  Oberfläche durch die Handhabbarkeit der modellspezifischen Datenstruktur und
  der Integration des Modellrechendienstes. Zur Zeit werden in der Kalypso
  Oberfläche verschiedene Modellrechendienste angeboten. In diesem Kapitel
  werden in dieser Version integrierte Modelle erläutert.</para>

  <section id="kalypso_na">
    <sectioninfo>
      <date><indexterm>
          <primary>Niederschlag-Abfluss-Modell KALYPSO-NA</primary>
        </indexterm></date>
    </sectioninfo>

    <title>Niederschlag-Abfluss-Modell KALYPSO-NA</title>

    <para>Das am Arbeitsbereich Wasserbau der TUHH verwendete
    Niederschlag-Abfluss-Modell Kalypso-NA ist eine OpenSource Modell zur
    Simulation des vollständigen, landgebundenen Teils der globalen
    Wasserbilanz. Hierbei werden die Teilprozesse Schneespeicherung,
    Evapotranspiration, Bodenwasserspeicherung, Grundwasserneubildung,
    Oberflächenabfluss, Interflow, Grundwasserabfluss und Wellentransport im
    Gerinne des Wasserkreislaufes berücksichtigt. Bei dem Modell handelt es
    sich um ein konzeptionelles, deterministisches, nicht lineares,
    detailliert hydrologisches Modell.</para>

    <para>Der Rechenkern basiert ursprünglich auf dem Programm BCENA der Firma
    Björnsen Beratende Ingenieure GmbH, welcher am Arbeitsbereich Wasserbau
    unter dem Namen Kalypso-NA ständig weiter entwickelt wird. Das
    Anwendungsgebiet des NA-Modells ist sowohl in der Prozessanalyse, der
    Berechnung von Planungszuständen (wie z.B. Renaturierungen und Integration
    von Hochwasserentlastungsanlagen) und der Hochwasservorhersage im
    operativen Einsatz (Schutz vor Hochwasser durch Wasserstandsvorhersage) zu
    sehen. Das Modellkonzept beruht auf der Simulation der einzelnen
    hydrologischen Teilprozesse als Speicherelemente, die über Wasserflüsse
    miteinander zu einer Kaskade von Speichern gekoppelt sind. Der Prozess der
    Abflussbildung wird als eindimensional-vertikal angenommen und auf
    Hydrotopebene simuliert. Zur Beschreibung der Abflusskonzentration werden
    die entstandenen Abflussvolumina auf Teilgebietsebene aggregiert und unter
    Berücksichtigung der charakteristischen Fließzeiten nach Translation und
    Retention als Teilgebietsabfluss gesammelt und einem Knoten im
    Gerinnennetz zugeordnet. Dabei werden die Prozesse als lateral
    eindimensional aufgefasst. Die Abflussverformung im Gerinne erfolgt nach
    dem Verfahren von Kalinin-Miljukov.</para>

    <section>
      <sectioninfo>
        <date><indexterm>
            <primary>Preprocessing</primary>
          </indexterm></date>
      </sectioninfo>

      <title>Preprocessing</title>

      <para>Für die Erstellung eines Niederschlag-Abfluss-Modells sind
      umfangreiche Vorarbeiten notwendig. Die zu erwartende Genauigkeit der
      Simulationsergebnisse hängt in hohem Maße von der Qualität der
      Grundlagendaten ab. Deshalb ist eine sorgfältige Recherche in
      verschiedensten Bereichen ein wesentlicher Grundstein für den späteren
      Erfolg. Nach dem ersten Schritt, der Datenaquisition, ist eine
      Aufbereitung der Daten notwendig. Diese beinhaltet sowohl eine Prüfung
      der Daten, als auch eine detaillierte Bearbeitung der Daten. Hierzu
      werden Geografische Infomationssysteme (GIS) verwendet, die es erlauben,
      Daten mit geografischem Bezug in Datenbanken oder Dateisystemen
      abzulegen und zu bearbeiten. Ebenfalls zu der Vorbereitungsphase
      (Preprocessing) gehören die Berechnungen verschiedener Eingabedaten, die
      entweder gar nicht oder in nicht ausreichender Genauigkeit nach der
      Datenaquisition vorliegen.</para>

      <para>Datenakquisition:</para>

      <itemizedlist>
        <listitem>
          <para>Meteorologische und hydrologische Daten, Pegeldaten</para>
        </listitem>

        <listitem>
          <para>Topographische Daten</para>
        </listitem>

        <listitem>
          <para>Pedologische und geologische Daten</para>
        </listitem>

        <listitem>
          <para>Landnutzungsdaten</para>
        </listitem>

        <listitem>
          <para>Sielnetzinformationen</para>
        </listitem>

        <listitem>
          <para>Bauwerksinformationen (Rückhalteräume, Schöpf- und
          Pumpwerke)</para>
        </listitem>

        <listitem>
          <para>Hydraulische Eingangsdaten</para>
        </listitem>
      </itemizedlist>

      <para>Preprocessing:</para>

      <itemizedlist>
        <listitem>
          <para>Teilgebietsunterliederung</para>
        </listitem>

        <listitem>
          <para>Ermittlung der Landnutzungsverteilung/ Ableitung der
          Flächennutzungsparameter</para>
        </listitem>

        <listitem>
          <para>Ermittlung der geologischen und pedologischen
          Gebietscharakteristika/ Ableitung von Bodenschichtung und
          -kennwerten</para>
        </listitem>

        <listitem>
          <para>Bildung von Hydrotopen</para>
        </listitem>

        <listitem>
          <para>Logische Verknüpung der Systemelemente (Teilgebiete, Knoten,
          Stränge) - Systemplan</para>
        </listitem>

        <listitem>
          <para>Aufbereitung der Zeitreihen</para>
        </listitem>

        <listitem>
          <para>hydraulische Berechnung</para>
        </listitem>

        <listitem>
          <para>Ermittlung der Teilgebiets und Strangdaten (z.B.
          Schneeparameter, Grundwasserparameter, Speicherkennwerte)</para>
        </listitem>

        <listitem>
          <para>Ermittlung der Retentionskonstanten</para>
        </listitem>

        <listitem>
          <para>Ermittlung der Zeitflächenfunktion je Teilgebiet</para>
        </listitem>
      </itemizedlist>

      <para>Sind alle notwendigen Daten vorhanden, kann mit der Aufstellung
      des Basismodelles in der Oberfläche begonnen werden.</para>

      <figure>
        <title>Vorgehensweise zum Modellaufbau</title>

        <mediaobject>
          <imageobject>
            <imagedata align="center"
                       fileref="img/modelle/kalypso_na/arbeitsschritte_na.png"
                       scale="60" />
          </imageobject>
        </mediaobject>
      </figure>
    </section>

    <section>
      <sectioninfo>
        <date><indexterm>
            <primary>Processing</primary>
          </indexterm></date>
      </sectioninfo>

      <title>Processing</title>

      <para>Nach der Datenaufbereitung im betrachteten Einzugsgebiet kann mit
      dem eigentlichen Modellaufbau begonnen werden. Hierbei werden folgende
      Teilschritte bearbeitet:</para>

      <orderedlist>
        <listitem>
          <para>Ein neues Projekt anlegen (Import der Shape-Dateien, siehe
          <xref linkend="kalypso_na-neues_projekt" />)</para>
        </listitem>

        <listitem>
          <para>Systemvernetzung erstellen (Aufbau der logischen Struktur der
          Wasserwege, siehe <xref
          linkend="kalypso_na-systemvernetzung" />)</para>
        </listitem>

        <listitem>
          <para>Modellparameter setzen (einfache Parameter,
          Korrekturparameter, Zeit-Flächen-Funktion,
          WQV-Rückhaltebecken,...)</para>
        </listitem>

        <listitem>
          <para>"Natürliche" Parameter setzen (Boden-, Nutzungs- und
          Schneedaten)</para>
        </listitem>

        <listitem>
          <para>Rechenvariante erstellen</para>
        </listitem>

        <listitem>
          <para>Zeitreihen anbinden (Datenrepository- und Modellverknüpfung
          der Niederschlag-, Verdunstung-, Temperatur-, Pegel- und
          Zuflussganglinien)</para>
        </listitem>

        <listitem>
          <para>Berechnungskonfiguration durchführen</para>
        </listitem>

        <listitem>
          <para>Berechnung durchführen</para>
        </listitem>

        <listitem>
          <para>Langzeitkalibrierung</para>
        </listitem>

        <listitem>
          <para>Kurzzeitkalibrierung/ - validierung</para>
        </listitem>
      </orderedlist>

      <section id="kalypso_na-neues_projekt">
        <sectioninfo>
          <date><indexterm>
              <primary>Projekt anlegen</primary>
            </indexterm></date>
        </sectioninfo>

        <title>Ein neues Projekt anlegen</title>

        <para>Ein neues NA-Modell erfordert im Rahmen des Preprocessings die
        Aufbereitung der geometrischen Eingangsdaten (Teilgebiete, Stränge und
        Knoten), sowie die Erstellung der hydrologischen Einheiten (Hydrotope)
        in einem GIS. Notwendige Inhalte der GIS Grundlagendateien sind in den
        Tabellen <xref linkend="kalypso_na-mapping_teilgebiete" /> bis <xref
        linkend="kalypso_na-mapping_hydrotope" /> zu finden. Im Kalypso
        Modeler (siehe <xref linkend="programm_start" />) können diese Daten
        dann in ein neues NA-Modell Projekt integriert werden.</para>

        <para>Ein neues Projekt kann durch Auswahl des Menüpunktes
        <guimenuitem>Datei &gt; Neu &gt; Andere</guimenuitem> mit Hilfe eines
        Assistenten angelegt werden. Es ist der Assistent <guimenuitem>Andere
        &gt; NA Projekt</guimenuitem> auszuwählen. Mit Hilfe des darauf
        folgenden Dialoges kann ein NA-Modell Projekt erstellt werden, indem
        die Inhalte der im Preprozessing erstellten Shape-Dateien den
        Elementen des NA-Modelles zugeordnet werden.</para>

        <para>Die erste Abfrage des Assistenten bezieht sich auf den Namen
        sowie den Speicherort des neuen Projektes. Durch klicken des Buttons
        <guibutton>weiter</guibutton> wird die Abfrage fortgeführt. Die
        folgende Abfrage des Assistenten bezieht sich auf allgemeine
        Projektvoreinstellungen. Es können die Anzahl der modellierten
        Bodenschichten (es wird die entsprechende Anzahl von
        Bodenkorrekturparametern für die Teilgebiete angelegt), sowie die
        Anzahl der mit Hilfe des Hydraulikmodells (WspWin) ermittelten
        Abflüsse (es wird die entsprechende Anzahl von Kalinin-Miljukov
        Parametern angelegt - zur Zeit sind immer 5 erforderlich). Im
        Anschluss sind nacheinander die Shape Dateien der Teilgebiete,
        Stränge, Knoten und Hydrotope mit Hilfe des Dateibrowsers auszuwählen
        und die Inhalte den Modellelementen zuzuordnen. Hierzu ist ein Mapping
        vorgesehen, welches auf der Seite der Quelle die Informationen aus der
        Shape-Datei vorhält, um diese den Elementen des Zieles (des neuen
        Modelles) zuzuordnen. Die Zuordnung richtete sich nach den Inhalten
        der Shape Datei, wobei auch die Datentypen berücksichtigt werden.
        Nachfolgende Tabellen zeigen eine Übersicht der Elemente, welche bei
        der Modellerstellung in den Shape-Dateien vorhanden sein sollten. Da
        eine Assoziation der Elemente anhand von Nummerierungen zur
        Übersichtlichkeit beiträgt, wird diese Nummer der Elemente dem
        Zielobjekt <literal>name</literal> zugeordnet. Zusätzlich ist das
        Element <literal>description</literal> für eine allgemeine
        Beschreibung bzw. einen wirklichen Namen (z.B. Pegelname) optional zu
        besetzen. Die Flächen der Geometrieobjekte werden automatisch vom
        Programm ermittelt und müssen somit nicht Zugeordnet werden. Da das
        Mapping unabhängig der Namensgebung der Quelle (Spaltenbezeichung in
        der Shape-Datei) ist, enthält die Tabelle neben Quelle und Ziel auch
        eine Beschreibung der einzusetzenden Daten. Zusätzliche Elemente sind
        wahlweise in die Shape-Dateien zu integrieren und mit Hilfe des
        Assistenten den jeweiligen Modellelementen zuzuordnen. Alle Elemente,
        welche nicht über das Mapping übertragen werden, können später bei der
        Modellvervollständigung in entsprechenden Tabellen bearbeitet werden.
        Es ist aufgrund der Datenredundanz sinnvoll nur die vorgeschlagenen
        statischen Informationen in den Shape-Dateien vorzuhalten.</para>

        <table id="kalypso_na-mapping_teilgebiete">
          <title>Mapping Shape-Datei - Modellelement (Teilgebiete)</title>

          <tgroup cols="3">
            <tbody>
              <row>
                <entry>Quelle</entry>

                <entry>Ziel</entry>

                <entry>Bedeutung</entry>
              </row>

              <row>
                <entry>GEOM</entry>

                <entry>Ort</entry>

                <entry>Geometrie</entry>
              </row>

              <row>
                <entry>TeilgebNr</entry>

                <entry>name</entry>

                <entry>Teilgebietsnummer</entry>
              </row>
            </tbody>
          </tgroup>
        </table>

        <table id="kalypso_na-mapping_straenge">
          <title>Mapping Shape-Datei - Modellelement (Straenge)</title>

          <tgroup cols="3">
            <tbody>
              <row>
                <entry>Quelle</entry>

                <entry>Ziel</entry>

                <entry>Beschreibung</entry>
              </row>

              <row>
                <entry>GEOM</entry>

                <entry>Ort</entry>

                <entry>Geometrie</entry>
              </row>

              <row>
                <entry>StrangNr</entry>

                <entry>name</entry>

                <entry>Strangnummer</entry>
              </row>

              <row>
                <entry>Strangart</entry>

                <entry>StrangArt</entry>

                <entry>Art des Strangs (0 = virtueller Strang; 1 =
                Kalinin-Miljukov-Strang; 2 = Rückhaltebeckenstrang)</entry>
              </row>
            </tbody>
          </tgroup>
        </table>

        <table>
          <title>Mapping Shape-Datei - Modellelemente (Knoten)</title>

          <tgroup cols="3">
            <tbody>
              <row>
                <entry>Quelle</entry>

                <entry>Ziel</entry>

                <entry>Beschreibung</entry>
              </row>

              <row>
                <entry>GEOM</entry>

                <entry>Ort</entry>

                <entry>Geometrie</entry>
              </row>

              <row>
                <entry>KnotenNr</entry>

                <entry>name</entry>

                <entry>Nummer</entry>
              </row>
            </tbody>
          </tgroup>
        </table>

        <table id="kalypso_na-mapping_hydrotope">
          <title>Mapping Shape-Dateien - Modellelemente (Hydrotope)</title>

          <tgroup cols="3">
            <tbody>
              <row>
                <entry>Quelle</entry>

                <entry>Ziel</entry>

                <entry>Beschreibung</entry>
              </row>

              <row>
                <entry>GEOM</entry>

                <entry>Ort</entry>

                <entry>Geometrie</entry>
              </row>

              <row>
                <entry>NutzungALB</entry>

                <entry>Nutzungsschlüssel</entry>

                <entry>Kürzel der Landnutzung (Zuordnung zu den global
                definierten Nutzungsparametern)</entry>
              </row>

              <row>
                <entry>Bodentyp</entry>

                <entry>Bodenschlüssel</entry>

                <entry>Kürzel des Bodenaufbaus. (Zuordnung zu den global
                definierten Bodenparametern)</entry>
              </row>

              <row>
                <entry>MaxPerRate</entry>

                <entry>max. Perkolationsrate</entry>

                <entry>Hydraulische Leitfähigkeit, mit der das aus der letzten
                Bodenschicht perkolierte Wasser in das GW eindringen
                kann.</entry>
              </row>

              <row>
                <entry>GWFaktor</entry>

                <entry>Zuflussanteil GW</entry>

                <entry>Anteil des Grundwassers, das im oberen
                Grundwasserleiter verbleibt. Der Differenzanteil wird in den
                Tiefengrundwasserleiter abgeschlagen.</entry>
              </row>

              <row>
                <entry>VersiegGr</entry>

                <entry>Versiegelungsgrad</entry>

                <entry>Von der Landnutzung abhängig definierter
                Versiegelungsgrad</entry>
              </row>

              <row>
                <entry>VersiegKor</entry>

                <entry>Faktor Versiegelung</entry>

                <entry>multiplikativer Korrekturfaktor des
                Versiegelungsgrades</entry>
              </row>

              <row>
                <entry>EntwArt</entry>

                <entry>Entwaesserung</entry>

                <entry>Unterscheidung in besielte und unbesielte
                Flächen</entry>
              </row>
            </tbody>
          </tgroup>
        </table>
      </section>

      <section id="kalypso_na-allgemeine_projektstruktur">
        <sectioninfo>
          <date><indexterm>
              <primary>Allgemeine Datenstruktur</primary>
            </indexterm></date>
        </sectioninfo>

        <title>Allgemeine Projektstruktur</title>

        <para>Die Verwaltung des Na-Modelles erfolgt in einer einheitlichen
        und abgschlossenen Projektstruktur. Unter dem eigentlichen
        Hauptverzeichnis befinden sich die Daten des Basismodelles. Von diesem
        ausgehend werden im späteren Verlauf der Modellberechnung
        Rechenvarianten erstellt, welche der Kalibrierung, Simulations- und
        Szenarienberechnung dienen. Es ist somit sichergestellt, dass bei
        einer Modellveränderung immer auf das Hauptmodell zurückgegriffen
        werden kann. Hierbei ist zu beachten, dass jede Rechenvariante eine
        Kopie des Basismodelles darstellt, welches somit immer den aktuellen
        Parametersatz beinhalten sollte.</para>

        <para>Die Verwaltung der Modelldaten für das Niederschlag-Abfluss
        Modell KALYPSO-NA erfolgt hauptsächlich in Tabellen. Neben dem
        <emphasis role="bold">(Basis)Tabellen</emphasis>-Verzeichnis ist ein
        Übersichtslagepan im <emphasis
        role="bold">(Basis)Karten</emphasis>-Verzeichnis enthalten. Die zur
        Visualisierung benötigten Shape-Dateien können im <emphasis
        role="bold">Shape</emphasis>-Verzeichnis abgelegt werden. Für das
        Abholen der Zeitreihen (aus einer Datenbank/ einem lokalen Verzeichnis
        o.ä.) in eine Rechenvariante sind im Verzeichnis <emphasis
        role="bold">ZeitreihenControl</emphasis> Tabellen zum Zuordnen der
        verschiedenen Zeitreihentypen vordefiniert. Der Name des Ordners für
        die Rechenvarianten ist frei wählbar. Standardmäßig ist ein Ordner
        <emphasis role="bold">Rechenvarianten</emphasis> im Projekt
        vordefiniert. Unter den Verzeichnissen der angelegten Rechenvarianten
        findet sich die jeweiligen Strukturen zur Datenbearbeitung ähnlich dem
        Hauptverzeichnis wieder.</para>

        <para>Es sei nochmals darauf hingewiesen, dass die Modelldaten selbst
        in den jeweiligen *.gml-Dateien zumeist im Haupt- bzw.
        Rechenvariantenverzeichnis abgelegt sind. Die jeweiligen Editoren
        stellen lediglich unterschiedliche Ansichten dieser Daten dar (siehe
        <xref linkend="gui-oeffnen_ansichten" />).</para>

        <figure id="pic_we_navigator">
          <title>Navigator NA-Modell</title>

          <mediaobject>
            <imageobject>
              <imagedata align="center" fileref="img/modelle/navigator.png"
                         scale="60" />
            </imageobject>
          </mediaobject>
        </figure>

        <para><emphasis role="bold">Verzeichnis
        (Basis)Tabellen</emphasis></para>

        <para>Die Eingabe bzw. Änderung von Modellparametern erfolgt in
        Tabellen. Die Editierungsmöglichkeiten von Tabellen wird in <xref
        linkend="menu_tabelle" /> beschrieben. Die in den Tabellen enthaltenen
        Modellparameter werden in <xref
        linkend="kalypso_na_modellparameter" /> erläutert. Folgende Tabellen
        sind im Projekt zur bearbeitung der Modellparameter enthalten:</para>

        <itemizedlist>
          <listitem>
            <para><filename>Teilgebiete.gtt</filename></para>

            <para>Parameter, die den einzelnen Teilgebieten zugeordnet
            werden.</para>
          </listitem>

          <listitem>
            <para><filename>Knoten.gtt</filename></para>

            <para>Parameter für die Modellknoten (z.B. Pegel)</para>
          </listitem>

          <listitem>
            <para><filename>KMStraenge.gtt</filename></para>

            <para>Parameter für die Realen (Kalinin-Miljukov) -Gerinnestränge
            (Berechnung der Gerinneretention).</para>
          </listitem>

          <listitem>
            <para><filename>VirtStraenge.gtt</filename></para>

            <para>Übersicht der Stränge ohne Retention (virtuelle
            Modellierungsstränge)</para>
          </listitem>

          <listitem>
            <para><filename>RHBStraenge.gtt</filename></para>

            <para>Parameter der Speicherstränge</para>
          </listitem>

          <listitem>
            <para><filename>Hydrotope.gtt</filename></para>

            <para>Parameter der Hydrotope</para>
          </listitem>
        </itemizedlist>

        <para>Zusätzlich zu den Tabellen der Modellparameter sind folgende
        Tabellen zur Bearbeitung der statischen Parameter im Unterverzeichnis
        Parameter vorhanden:</para>

        <para><itemizedlist>
            <listitem>
              <para><filename>Nutzung.gtt</filename></para>

              <para>Parameter der Landnutzung, welche den Hydrotopen
              zugeordnet sind.</para>
            </listitem>

            <listitem>
              <para><filename>Schnee.gtt</filename></para>

              <para>Parameter der Schneetypen, welche den Teilgebieten
              zugeordnet sind.</para>
            </listitem>

            <listitem>
              <para><filename>BodenProfil.gtt</filename></para>

              <para>Bodenprofile welche den Hydrotopen zugeordnet sind.</para>
            </listitem>

            <listitem>
              <para><filename>BodenArt.gtt</filename></para>

              <para>Parameter der Bodenhorizonte, welche den definierten
              Profiltypen zugrunde liegen.</para>
            </listitem>
          </itemizedlist></para>

        <para><emphasis> <emphasis role="bold">Verzeichnis
        (Basis)Karten</emphasis> </emphasis></para>

        <para>Zur Visualisierung der Geometriedaten sind standardmäßig drei
        Kartenvorlagen enthalten:</para>

        <itemizedlist>
          <listitem>
            <para><filename>Übersicht.gmt</filename></para>

            <para>Übersicht der Modellelemente (Teilgebiete, Knoten,
            Stränge)</para>
          </listitem>

          <listitem>
            <para><filename>Hydrotope.gmt</filename></para>

            <para>Übersichtskarte mit der Erweiterung Hydrotopdaten</para>
          </listitem>

          <listitem>
            <para><filename>Modellvernetzung.gmt</filename></para>

            <para>Systemelemente als Vernetzungselemente (dient der
            Modellvernetzung mit dem Relationseditor)</para>
          </listitem>
        </itemizedlist>

        <para><emphasis role="bold">Verzeichnis
        ZeitreihenControl</emphasis></para>

        <para>Zur Anbindung der Zeitreihen aus verschiedenen Datenquellen
        (Dateisystem, Datenbank) sind zu jedem Zeitreihentyp Verknüfungen mit
        Hilfe folgender Tabellen herzustellen, um die Zeitreihen bei der
        Erstellung eines Rechenfalles im gewünschten Berechnungszeitraum aus
        der Datenquelle abzuholen :</para>

        <itemizedlist>
          <listitem>
            <para><filename>Niederschlag.gtt</filename></para>
          </listitem>

          <listitem>
            <para><filename>Pegel.gtt</filename></para>
          </listitem>

          <listitem>
            <para><filename>Temperatur.gtt</filename></para>
          </listitem>

          <listitem>
            <para><filename>Verdunstung.gtt</filename></para>
          </listitem>

          <listitem>
            <para><filename>Zufluss.gtt</filename></para>
          </listitem>
        </itemizedlist>

        <para>Die Kartenansichten und die dargestellten Elemente können
        beliebig geändert werden (siehe <xref
        linkend="ansichtssteuerung" />).</para>
      </section>

      <section id="kalypso_na-systemvernetzung">
        <sectioninfo>
          <date><indexterm>
              <primary>System Vernetzung - Netzeditor</primary>
            </indexterm></date>
        </sectioninfo>

        <title>System Vernetzung - Netzeditor</title>

        <para>Die Vernetzung des Modelles erfolgt auf Basis übertragener
        Geometrien der Shape-Dateien. Mit Hilfe der Karte Modellvernetzung
        werden die Geometrien als Punktelemente dargestellt, welche mit Hilfe
        des Netzeditors entsprechend des realen Entwässerungssystems verbunden
        werden können.</para>

        <para><figure>
            <title>Karte Modellvernetzung</title>

            <mediaobject>
              <imageobject>
                <imagedata align="center"
                           fileref="img/modelle/karte_modellvernetzung.png"
                           scale="70" />
              </imageobject>
            </mediaobject>
          </figure>Die Relationen können in der Karte mit der Kartenfunktion
        <guimenuitem>Karte &gt; Relation setzen</guimenuitem> editiert werden.
        Bei Aktivierung der Funktion Relation setzen erscheint zur Hilfe die
        Ansicht Edit Optionen. Diese Ansicht dient der Auswahl der zu
        setzenden Realtionen, um den Umfang der möglichen Realtionen zu
        reduzieren und so den Netzaufbau übersichtlich zu gestalten. Es können
        einzelne Relationen durch setzen eines Hakens im Kontrollkästchen an-
        bzw. ausgeschaltet werden. Hierbei ist es durch die hierarchische
        Anordnung möglich, ganze Gruppen zu bedienen. Um eine Relation zu
        setzen, wählt man zuerst das Anfangselement durch Mausklick aus.
        Danach wird das Zielelement ebenfalls durch Mausklick (hierbei die
        Maustaste etwas gedrückt halten) ausgewählt. Falls die Realation
        zulässig ist wird diese sogleich durch einen Pfeil der entsprechenden
        Farbe des Ausgangselementes symbolisiert (Darstellung entsprechend des
        gewählten Styles).</para>

        <para>Der Verlauf des abzubildenenden Gewässers wird durch Relationen
        von Strängen zu Knoten und wiederum weiter von Knoten zu Strängen
        realisiert. Die Verbindungen werden jeweils in Richtung Unterwasser
        bzw. in Fließrichtung getätigt. An das so entstandene Gewässersystem
        werden die Teilgebiete durch eine Relation von Teilgebiet zu Strang
        angebunden (die Entwässerung des Teilgebietes erfolgt am
        Unterwasserknoten des Stranges). Zusätzlich wird das unterirische
        Einzugsgebiet - das Grundwassersystem - durch die Verbindung von
        Teilgebiet zu Teilgebieten abgebildet. Für weitere Spezialfälle wie
        Zuflüsse, Verzweigungen, Entnahmen, usw. sind zusätzliche Knoten zu
        Knoten Relationen möglich. Sind bei der Verknüpfung zweier Elemente
        mehrere Verbindungsmöglichkeiten vorhanden, so kann die entsprechend
        gewünschte Verbindung durch einen Auswahldialog gewählt werden.</para>

        <para>Die Relationen sind durch die Tatsache, dass die Systemstruktur
        eine gerichtete Baumstruktur sein muss in ihrer Anordnung begrenzt.
        Sollte eine Relation nicht möglich sein, so kann sie auch nicht
        "gezogen" werden. Als Information über die getätigte Auswahl der
        Elemente und eventuell auftretender Probleme bei der Vernetzung dient
        eine das Informationsfenster am unteren Rand der Ansicht Edit
        Optionen.</para>

        <para>Das Löschen einer Verbindung funktioniert bei Auswahl der Option
        <guimenuitem>Relationen entfernen</guimenuitem> im Fenster Edit
        Optionen der in gleicher Weise.</para>

        <figure>
          <title>Ansicht Edit Optionen</title>

          <mediaobject>
            <imageobject>
              <imagedata align="center"
                         fileref="img/modelle/ansicht_edit_optionen.png"
                         scale="50" />
            </imageobject>
          </mediaobject>
        </figure>
      </section>

      <section>
        <sectioninfo>
          <date><indexterm>
              <primary>Parameter editieren</primary>
            </indexterm></date>
        </sectioninfo>

        <title>Parameter editieren</title>

        <para>Die Parameter können in den Karten,Tabellen sowie in der Feature
        (Element)- und Baumansicht geändert werden. Prinzipiell können alle
        einfachen Datentypen direkt in den entsprechenden Feldern editiert
        werden. Bei komplizierteren Datentypen, wie z.B.
        Zeitreihenverknüpfungen und Diagrammelementen erfolgt die Bearbeitung
        in einem Zusatzdialog.</para>

        <para><emphasis role="bold">Bearbeiten von
        Zeitreihenverknüpfungen</emphasis></para>

        <para>Die Bearbeitung von Zeitreihenverknüpfungen kommt zum einen beim
        Verknüpfen von Originalzeitreihen aus dem Repository
        (Datenverzeichnis, Datanbank, o.ä) mit den entsprechenden
        Zielzeitreihen im Rechenfall und zum anderen zur Verknüpfung der
        Zeitreihen im Modell mit den Zeitreihen im Rechenfall zum
        tragen.</para>

        <figure>
          <title>Zeitreihenverknüpfungen</title>

          <mediaobject>
            <imageobject>
              <imagedata align="center"
                         fileref="img/modelle/kalypso_na/zeitreihen_control-na.png"
                         scale="100" />
            </imageobject>
          </mediaobject>
        </figure>

        <para>Das Editieren einer Zeitreihenverknüpfung erfogt zumeist durch
        einen Mausklick auf die ensprechende Tabellenzelle, worauf sich der
        Zeitreihenlink-Editor (siehe <xref
        linkend="na-zeitreihenlink_editor" />) öffnet. Der Editor bietet die
        Möglichkeit sowohl lokale Zeitreihen, welche im Projektverzeichnis
        gespeichert sind, als auch Zeitreihen aus einem Zeitreihen Repository
        (in Bearbeitung) anzubinden. Ist eine Veränderung der verlinkten
        Zeitreihe erforderlich, so kann diese durch entsprechende
        Filteroperation erfolgen (in Bearbeitung). Wurde der Zeitreihenlink
        erfolgreich bearbeitet, so ist der Pfad nach dem Speichern in der
        entsprechenden Tabellenzelle ersichtlich.</para>

        <figure id="na-zeitreihenlink_editor">
          <title>Zeitreihenlink-Editor</title>

          <mediaobject>
            <imageobject>
              <imagedata align="center"
                         fileref="img/modelle/kalypso_na/zeitreihenlink-na.png"
                         scale="70" />
            </imageobject>
          </mediaobject>
        </figure>

        <para><emphasis role="bold">Bearbeiten von
        Diagrammelementen</emphasis></para>

        <para>Diagrammelemente, wie z.B. die Zeitflächenfunktion und die
        Wasserstands-Abfluss-Volumenbeziehung eines Rückhaltebeckens, werden
        in der Kalypso-Oberfläche ähnlich zum Zeitreihenformat aufgefasst und
        auch mit dem Zeitreihenlink-Editor bearbeitet. Hierbei können die
        Diagrammdaten direkt in der Oberfläche bearbeitet werden oder in
        externen Programmen vorgehalten und durch die Zwischenablage
        importiert werden.</para>

        <figure>
          <title>Bearbeitung von Diagrammdatentypen</title>

          <mediaobject>
            <imageobject>
              <imagedata align="center"
                         fileref="img/modelle/kalypso_na/diagrammtypen-na.png"
                         scale="70" />
            </imageobject>
          </mediaobject>
        </figure>

        <itemizedlist>
          <listitem>
            <para>Diagramm löschen</para>

            <para>Der Button <guibutton>löschen</guibutton> bewirkt das
            Löschen der Werte des aktuellen Diagrammelementes</para>
          </listitem>

          <listitem>
            <para>Diagramm neu</para>

            <para>Der Button <guibutton>neu</guibutton> ermöglicht das
            Erstellen neuer Diagrammdaten. Durch die Vorgaben einiger Daten
            (Minimum, Intervall, Anzahl der Wertepaare und Default Wert) wird
            zunächst ein neues Diagramm erstellt, welches dann detailliert in
            der Tabelle weiter bearbeitet werden kann. Es ist hierbei darauf
            zu achten, dass die Hauptdiagrammachse in der Tabelle nicht
            bearbeitet werden kann. Sollte daher ein diskontinuierliches
            Intervall auf der Hauptdiagrammachse vorliegen, so ist dieses
            Diagramm durch den Import der Daten aus der Zwischenablage zu
            erstellen.</para>

            <figure>
              <title>Erzeugung eines neuen Diagrammes</title>

              <mediaobject>
                <imageobject>
                  <imagedata align="center"
                             fileref="img/modelle/kalypso_na/diagramm_neu_schritte-na.png"
                             scale="80" />
                </imageobject>
              </mediaobject>
            </figure>
          </listitem>

          <listitem>
            <para>Diagramm Import/ Export aus Zwischenspeicher</para>

            <para>Es besteht neben der Diagrammerstellung in der Oberfläche
            auch die Möglichkeit Daten aus dem Zwischenspeicher zu
            Importieren. Diese Daten können in einem externen Programm
            aufbereitet werden und über die Kopierfunktion in die
            Zwischenablage gespeichet werden. Aus der Zwischenablage werden
            die Daten dann direkt über den Button <guibutton>Import aus
            Zwischenspeicher</guibutton> in das Diagrammelement importiert.
            Diese Funktion kann auch in umgekehrter Weise verwendet werden, um
            Daten aus der Kalypso-Oberfläche zur Bearbeitung in ein externes
            Programm zu überführen (<guibutton>Export in
            Zwischenablage</guibutton>).</para>

            <figure>
              <title>Datenimport aus Microsoft Excel</title>

              <mediaobject>
                <imageobject>
                  <imagedata align="center"
                             fileref="img/modelle/kalypso_na/diagramm_import_schritte-na.png"
                             scale="80" />
                </imageobject>
              </mediaobject>
            </figure>
          </listitem>
        </itemizedlist>
      </section>

      <section id="weisse_elster_rechenlaeufe">
        <sectioninfo>
          <date><indexterm>
              <primary>Rechenvarianten</primary>
            </indexterm></date>
        </sectioninfo>

        <title>Rechenvarianten</title>

        <para>Das Verzeichnis Rechenvarianten enthält alle zur
        Modellberechnung notwendigen Dateien. Diese werden beim Anlegen einer
        neuen Rechenvariante automatisch vom Programm in das entsprechende
        Verzeichnis kopiert. Es werden verknüpfte Zeitreihen und
        Modellparameter des Basismodelles in das Verzeichnis der
        Rechenvariante abgelegt. Pegel- und Zuflussganglinien sowie
        Niederschlags- und Klimazeitreihen werden für den Simulationszeitraum
        aus dem verknüpften Zeitreihenrepository geladen und im angegebenen
        Zielverzeichnis der Rechenvariante gespeichert (entsprechend der im
        Verzeichnis ZeitreihenControl enthaltenen Zuordnungstabellen).</para>

        <figure id="pic_weisse_elster_rechenlauf">
          <title>Verzeichnis Rechenvarianten</title>

          <mediaobject>
            <imageobject>
              <imagedata align="center"
                         fileref="img/modelle/navigator_rechenvariante.png"
                         scale="60" />
            </imageobject>
          </mediaobject>
        </figure>

        <para>Die Steuerdaten der Berechnung können in der Eingabemaske
        <emphasis>AusgabeManagement.gft</emphasis> und
        S<emphasis>imulationsManagement.gtt</emphasis> geändert werden. Neben
        den Zeitpunkten für den Start der Berechnung und das Ende der
        Simulation kann auch der Berechnungszeitschritt vorgegeben werden.
        Daneben folgen die Ausgabeoptionen für die Berechnung. Es können
        Zeitreihen für den Gesamtabfluss, die einzelnen Abflusskomponenten
        eines Teilgebietes, die Eingangszeitreihen (Niederschlag, Temperatur,
        Verdunstung) für ein Teilgebiet und weitere Berechnungsergebnisse an
        den Knoten ausgegeben werden. Nach Änderung der Steuerdaten
        (Simulationszeitraum bzw. Zeitschritt) werden die Zeitreihen nicht
        automatisch aktualisiert. Dies muss vom Anwender über den Menüpunkt
        <guimenu>Rechenvariante &gt; Zeitreihen aktualisieren</guimenu>
        vorgenommen werden.</para>

        <para>Um für ein Modellknoten bzw. Pegel, Teilgebiet oder
        Rückhaltebeckenstrang Ergebnisse aus Berechnungen auszugeben, muss in
        der jeweiligen Thementabelle das Attribut
        <emphasis>berechnen</emphasis> <emphasis> (generate Result)</emphasis>
        gesetzt werden. Die Anzahl der gesetzten Häkchen ist dabei beliebig.
        Für jedes gewählte Modellelement wird nach der Berechnung die
        jeweiligen (in Ausgabemenagement.gft gewählten) Zeitreihen im
        Unterordner <guimenu>Ergebnisse</guimenu> abgelegt.</para>
      </section>

      <section>
        <sectioninfo>
          <date><indexterm>
              <primary>Berechnung starten</primary>
            </indexterm></date>
        </sectioninfo>

        <title>Eine Berechnung starten</title>

        <para>Nachdem alle Modellparameter gesetzt wurden kann die Rechnung
        gestartet werden. Hierzu muss zunächst ein Rechenfall markiert werden,
        welcher dann über das <guimenuitem>Menü &gt; Rechenvariante
        Berechnung(en)</guimenuitem> durchführen gestartet wird. Generell ist
        auch die Berechnung mehrerer Rechanvarianten in einem Schritt Möglich,
        indem das Rechenvariantenverzeichnis ausgewählt wird und im
        Auswahldialog die Rechenvarianten markiert werden, welche berechnet
        werden sollen.</para>

        <para>Die Berechnung selbst wird bei vorhandenem Server auf diesem
        durchgeführt, so dass die Arbeit am Arbeitsplatzrechner weiter
        durchgeführt werden kann. Ist kein Server vorhanden, so werden die
        Berechnungen auf dem lokalen Rechner durchgeführt.</para>
      </section>
    </section>

    <section>
      <sectioninfo>
        <date><indexterm>
            <primary>Postprocessing</primary>
          </indexterm></date>
      </sectioninfo>

      <title>Postprocessing</title>

      <para>Ist die Berechnung erfolgreich durchgeführt, so können die
      Ergebnisse im Unterordner der Rechenvariante angeschaut werden. Hierzu
      dient im ersten Schritt die Diagrammansicht der Zeitreihe (siehe <xref
      linkend="gui-zml_diagramm_ansicht" />). Sollen weitere Auswertungen der
      Zeitreihe erfolgen, so sind diese im Grafikprogramm (siehe <xref
      linkend="zeitreihen_bearbeiten" />) durchzuführen.</para>
    </section>

    <section id="kalypso_na_modellparameter">
      <sectioninfo>
        <date><indexterm>
            <primary>Liste der Modellparameter</primary>
          </indexterm></date>
      </sectioninfo>

      <title>Liste der Modellparameter</title>

      <para>Im Folgenden werden alle verwendeten Modellparameter für das
      Niederschlag-Abfluss-Modell KALYPSO-NA erläutert. Die Eingabe der
      Parameter erfolgt in den Modelltabellen und Eingabemasken im KALYPSO
      Modeler oder eingeschränkt im Vorhersage-Wizard.</para>

      <table>
        <title>ModellparameterTeilgebiete</title>

        <tgroup cols="6">
          <tbody>
            <row>
              <entry>Parameter</entry>

              <entry>Label</entry>

              <entry>Einheit</entry>

              <entry>Beispielwert</entry>

              <entry>Bedeutung</entry>

              <entry>Datentyp</entry>
            </row>

            <row>
              <entry>Ort</entry>

              <entry>Ort</entry>

              <entry>[ - ]</entry>

              <entry></entry>

              <entry>Geometrie des Objektes</entry>

              <entry>gml:PolygonPropertyType</entry>
            </row>

            <row>
              <entry>flaech</entry>

              <entry>TG-Flaeche</entry>

              <entry>[m^2]</entry>

              <entry></entry>

              <entry>Teilgebietsfläche (nur zur Information, wird vom Programm
              beim Import der Shape-Daten ermittelt). Berechnungsfläche
              erfolgt aus Hydrotopdaten.</entry>

              <entry>long</entry>
            </row>

            <row>
              <entry>zft</entry>

              <entry>Zeitflächenfunktion</entry>

              <entry>[h,-]</entry>

              <entry></entry>

              <entry>Zeitflächenfunktion, Abflusswirksame Fläche (normiert) in
              abhängigkeit der Zeit</entry>

              <entry>zmlinline:ZmlInlineTAType</entry>
            </row>

            <row>
              <entry>snowtype</entry>

              <entry>Schneetyp</entry>

              <entry>-</entry>

              <entry></entry>

              <entry>Schneetyp - Zur Zuordnung der Schneeparameter</entry>

              <entry>string</entry>
            </row>

            <row>
              <entry>Relationen</entry>

              <entry></entry>

              <entry></entry>

              <entry></entry>

              <entry></entry>

              <entry></entry>
            </row>

            <row>
              <entry>entwaesserungsStrangMember</entry>

              <entry>Zielstrang</entry>

              <entry>[ - ]</entry>

              <entry></entry>

              <entry>Relation zum dem Strang, in welchen das Teilgebiet
              entwässert.</entry>

              <entry>na:ChannelAssociationType</entry>
            </row>

            <row>
              <entry>izkn_vers</entry>

              <entry>Zielknoten Qvers</entry>

              <entry>[-]</entry>

              <entry></entry>

              <entry>Zielknoten des versiegelten Oberflächenabflusses.
              Optional anzugeben, falls dieser nicht dem Zielstrang
              entspricht.</entry>

              <entry>na:NodeAssociationType</entry>
            </row>

            <row>
              <entry>Retentionskonstanten</entry>

              <entry></entry>

              <entry></entry>

              <entry></entry>

              <entry></entry>

              <entry></entry>
            </row>

            <row>
              <entry>retvs</entry>

              <entry>k QObfl.vers.</entry>

              <entry>[h]</entry>

              <entry></entry>

              <entry>Retentionskonstante versiegelter Abfluss</entry>

              <entry>double</entry>
            </row>

            <row>
              <entry>retob</entry>

              <entry>k QObfl.nat.</entry>

              <entry>[h]</entry>

              <entry></entry>

              <entry>Retentionskonstante Oberflächenabfluss</entry>

              <entry>double</entry>
            </row>

            <row>
              <entry>retint</entry>

              <entry>k QIntf.</entry>

              <entry>[h]</entry>

              <entry></entry>

              <entry>Retentionskonstante Interflow</entry>

              <entry>double</entry>
            </row>

            <row>
              <entry>retbas</entry>

              <entry>k QBasis</entry>

              <entry>[h]</entry>

              <entry></entry>

              <entry>Retentionskonstante Basisabfluss</entry>

              <entry>double</entry>
            </row>

            <row>
              <entry>retgw</entry>

              <entry>k QGw</entry>

              <entry>[h]</entry>

              <entry></entry>

              <entry>Retentionskonstante Grundwasserabfluss</entry>

              <entry>double</entry>
            </row>

            <row>
              <entry>retklu</entry>

              <entry>k Q tiefenGw</entry>

              <entry>[h]</entry>

              <entry></entry>

              <entry>Retentionskonstante Tiefengrundwasser</entry>

              <entry>double</entry>
            </row>

            <row>
              <entry>Grundwasser</entry>

              <entry></entry>

              <entry></entry>

              <entry></entry>

              <entry></entry>

              <entry></entry>
            </row>

            <row>
              <entry>hgru</entry>

              <entry>min h GW</entry>

              <entry>[m]</entry>

              <entry></entry>

              <entry>minimale Stauhöhe GW-Speicher</entry>

              <entry>double</entry>
            </row>

            <row>
              <entry>hgro</entry>

              <entry>max h GW</entry>

              <entry>[m]</entry>

              <entry></entry>

              <entry>maximale Stauhöhe GW-Speicher</entry>

              <entry>double</entry>
            </row>

            <row>
              <entry>pors</entry>

              <entry>Porositaet GW</entry>

              <entry>[ - ]</entry>

              <entry></entry>

              <entry>Porosität des GW-Leiters</entry>

              <entry>double</entry>
            </row>

            <row>
              <entry>rtr</entry>

              <entry>Aufteilungsfaktor GW</entry>

              <entry>[ - ]</entry>

              <entry></entry>

              <entry>Aufteilungsfaktor GW-Speicher und
              Tiefengrundwasser</entry>

              <entry>double</entry>
            </row>

            <row>
              <entry>grundwasserabflussmember</entry>

              <entry>Link GW Relation</entry>

              <entry>-</entry>

              <entry></entry>

              <entry>Teilgebietsnummer und GWAnteil für den GW-Abfluss in
              Nachbargebiete.</entry>

              <entry>na:grundwasserabflussAssociationType</entry>
            </row>

            <row>
              <entry>ngwzu</entry>

              <entry>TG Nummer GW-Relation</entry>

              <entry>[ - ]</entry>

              <entry></entry>

              <entry>Teilgebietsnummer des Gebietes, in welches das
              Grundwasser aus dem aktuellen Gebiet fliesst</entry>

              <entry>na:CatchmentLinkType</entry>
            </row>

            <row>
              <entry>gwwi</entry>

              <entry>Anteil GW-Abfluss</entry>

              <entry>[-]</entry>

              <entry></entry>

              <entry>Wichtung der GW-Abflüsse in Nachbarteilgebiete (Summe =
              1)</entry>

              <entry>double</entry>
            </row>

            <row>
              <entry>gwsent</entry>

              <entry>Entnahme GW</entry>

              <entry>[m^3/s]</entry>

              <entry></entry>

              <entry>Entnahme aus dem GW-Speicher</entry>

              <entry>double</entry>
            </row>

            <row>
              <entry>klupor</entry>

              <entry>Zuflussrate tiefenGW</entry>

              <entry>[%]</entry>

              <entry></entry>

              <entry>Zuflussrate Tiefengrundwasserleiter</entry>

              <entry>double</entry>
            </row>

            <row>
              <entry>izkn</entry>

              <entry>Relation tiefenGW</entry>

              <entry>-</entry>

              <entry></entry>

              <entry>Zielknoten des Tiefengrundwassers (optional)</entry>

              <entry>na:NodeAssociationType</entry>
            </row>

            <row>
              <entry>Korrekturfaktoren</entry>

              <entry></entry>

              <entry></entry>

              <entry></entry>

              <entry></entry>

              <entry></entry>
            </row>

            <row>
              <entry>faktn</entry>

              <entry>Faktor Niederschlag</entry>

              <entry>[ - ]</entry>

              <entry>1</entry>

              <entry>Niederschlagsfaktor (multipilkativ)</entry>

              <entry>double</entry>
            </row>

            <row>
              <entry>ftem</entry>

              <entry>Temperaturverschiebung</entry>

              <entry>[°C]</entry>

              <entry>0</entry>

              <entry>Korrekturfaktor Temperatur (additiv)</entry>

              <entry>double</entry>
            </row>

            <row>
              <entry>fver</entry>

              <entry>Faktor Verdunstung</entry>

              <entry>[ - ]</entry>

              <entry>1</entry>

              <entry>Korrekturfaktor Verdunstung (multiplikativ)</entry>

              <entry>double</entry>
            </row>

            <row>
              <entry>fint</entry>

              <entry>Faktor Interzeptionsspeicher</entry>

              <entry>[ - ]</entry>

              <entry>1</entry>

              <entry>Faktor Interzeptionsspeicher Winterhalbjahr</entry>

              <entry>double</entry>
            </row>

            <row>
              <entry>ftra</entry>

              <entry>Faktor Verdunstung (Winter)</entry>

              <entry>[ - ]</entry>

              <entry>1</entry>

              <entry>Faktor Verdunstung Winterhalbjahr</entry>

              <entry>double</entry>
            </row>

            <row>
              <entry>bimax</entry>

              <entry>Faktor max. Interzeption</entry>

              <entry>[ - ]</entry>

              <entry>1</entry>

              <entry>Korrekturfaktor max. Inhalt Interzeptionsspeicher</entry>

              <entry>double</entry>
            </row>

            <row>
              <entry>bianf</entry>

              <entry>Faktor Inhalt Interzeption</entry>

              <entry>[ - ]</entry>

              <entry>1</entry>

              <entry>Korrekturfaktor Anfangsinhalt
              Interzeptionsspeicher</entry>

              <entry>double</entry>
            </row>

            <row>
              <entry>f_eva</entry>

              <entry>Korr. Verdunstung Vegetationsabhaengig</entry>

              <entry>[-]</entry>

              <entry></entry>

              <entry>Vegetationsabhängige Verdunstungskorrektur</entry>

              <entry>double</entry>
            </row>

            <row>
              <entry>tint</entry>

              <entry>Anstieg Interflow</entry>

              <entry>[mm/h]</entry>

              <entry></entry>

              <entry>Anstiegsrate Interflow</entry>

              <entry>double</entry>
            </row>

            <row>
              <entry>rintmx</entry>

              <entry>max Interflow</entry>

              <entry>[mm]</entry>

              <entry></entry>

              <entry>maximaler Interflow</entry>

              <entry>double</entry>
            </row>

            <row>
              <entry>Anfangswerte</entry>

              <entry></entry>

              <entry></entry>

              <entry></entry>

              <entry></entry>

              <entry></entry>
            </row>

            <row>
              <entry>aint</entry>

              <entry>Anfangsinhalt Interzeptionsspeicher</entry>

              <entry>[ - ]</entry>

              <entry></entry>

              <entry>Anfangsinhalt Interzeptionsspeicher</entry>

              <entry>double</entry>
            </row>

            <row>
              <entry>aigw</entry>

              <entry>Anfangsinhalt Grundwasserspeicher</entry>

              <entry>[m]</entry>

              <entry></entry>

              <entry>Anfangsinhalt Grundwasserspeicher</entry>

              <entry>double</entry>
            </row>

            <row>
              <entry>Optimierungsfaktoren</entry>

              <entry></entry>

              <entry></entry>

              <entry></entry>

              <entry></entry>

              <entry></entry>
            </row>

            <row>
              <entry>faktorAigw</entry>

              <entry>faktorAigw</entry>

              <entry>[ - ]</entry>

              <entry></entry>

              <entry>Faktor Anfangsinhalt Grundwasserspeicher. Parameter der
              Modelloptimierung im Vorhersagefall - anderenfalls
              unbesetzt.</entry>

              <entry>double</entry>
            </row>

            <row>
              <entry>faktorBianf</entry>

              <entry>Faktor AIGW</entry>

              <entry>[ - ]</entry>

              <entry></entry>

              <entry>Korrekturfaktor Anfangsbodenfeuchte (max: 1,0). Parameter
              der Modelloptimierung im Vorhersagefall - anderenfalls
              unbesetzt.</entry>

              <entry>double</entry>
            </row>

            <row>
              <entry>faktorRetobRetint</entry>

              <entry>Faktor RETOB,RETINT</entry>

              <entry>[ - ]</entry>

              <entry></entry>

              <entry>Faktor Retention Oberflächenabfluss und Interflow.
              Parameter der Modelloptimierung im Vorhersagefall - anderenfalls
              unbesetzt.</entry>

              <entry>double</entry>
            </row>

            <row>
              <entry>Verknüpfungen Zeitreihen</entry>

              <entry></entry>

              <entry></entry>

              <entry></entry>

              <entry></entry>

              <entry></entry>
            </row>

            <row>
              <entry>temperaturZR</entry>

              <entry>Zeitreihe T lokal</entry>

              <entry>-</entry>

              <entry></entry>

              <entry>Link zur lokalen Temperaturzeitreihe</entry>

              <entry>obslink:TimeseriesLinkFeatureProperty</entry>
            </row>

            <row>
              <entry>niederschlagZR</entry>

              <entry>Zeitreihe N lokal</entry>

              <entry>-</entry>

              <entry></entry>

              <entry>Link zur lokalen Niederschlagszeitreihe</entry>

              <entry>obslink:TimeseriesLinkFeatureProperty</entry>
            </row>

            <row>
              <entry>verdunstungZR</entry>

              <entry>Zeitreihe V lokal</entry>

              <entry>-</entry>

              <entry></entry>

              <entry>Link zur lokalen Verdunstungszeitreihe</entry>

              <entry>obslink:TimeseriesLinkFeatureProperty</entry>
            </row>

            <row>
              <entry>Bodenkorrekturparameter</entry>

              <entry></entry>

              <entry></entry>

              <entry></entry>

              <entry></entry>

              <entry></entry>
            </row>

            <row>
              <entry>bodenkorrekturmember</entry>

              <entry>Link Bodenkorrektur</entry>

              <entry>-</entry>

              <entry></entry>

              <entry>Link auf Korrekturparameter der einzelnen
              Bodenhorizonte</entry>

              <entry>na:bodenschichtkorrekturAssociationType</entry>
            </row>

            <row>
              <entry>cinh</entry>

              <entry>KZ-Faktor cin</entry>

              <entry>[ - ]</entry>

              <entry></entry>

              <entry>Multiplikativer Korrekturfaktor des
              Infiltrationsparameters in der Kurzzeitsimulation</entry>

              <entry>double</entry>
            </row>

            <row>
              <entry>cind</entry>

              <entry>LZ-Faktor cin</entry>

              <entry>[ - ]</entry>

              <entry></entry>

              <entry>Multiplikativer Korrekturfaktor des
              Infiltrationsparameters in der Langzeitsimulation</entry>

              <entry>double</entry>
            </row>

            <row>
              <entry>cex</entry>

              <entry>Faktor cex</entry>

              <entry>[ - ]</entry>

              <entry></entry>

              <entry>Multiplikativer Korrekturfaktor des
              Perkolationsparameters des Bodenhorizontes</entry>

              <entry>double</entry>
            </row>

            <row>
              <entry>bmax</entry>

              <entry>Faktor max. Porenvolumen</entry>

              <entry>[ - ]</entry>

              <entry></entry>

              <entry>Multiplikativer Korrekturfaktor des maximalen
              Porenvolumens</entry>

              <entry>double</entry>
            </row>

            <row>
              <entry>banf</entry>

              <entry>Anfangsbodenfeuchte</entry>

              <entry>[ - ]</entry>

              <entry></entry>

              <entry>Anfangswert der Bodenfeuchte fuer des ersten
              Berechnungszyklus</entry>

              <entry>double</entry>
            </row>

            <row>
              <entry>fko</entry>

              <entry>Faktor nFK</entry>

              <entry>[ - ]</entry>

              <entry></entry>

              <entry>Multiplikativer Korrekturfaktor der nutzbaren
              Feldkapazitaet</entry>

              <entry>double</entry>
            </row>

            <row>
              <entry>retlay</entry>

              <entry>Faktor k QIntf.</entry>

              <entry>[ - ]</entry>

              <entry></entry>

              <entry>Multiplikativer Korrekturfaktor der Retentionskonstante
              Interflow</entry>

              <entry>double</entry>
            </row>
          </tbody>
        </tgroup>
      </table>

      <table>
        <title>Modellparameter Knoten</title>

        <tgroup cols="6">
          <tbody>
            <row>
              <entry>Parameter</entry>

              <entry>Label</entry>

              <entry>Einheit</entry>

              <entry>Beispielwert</entry>

              <entry>Bedeutung</entry>

              <entry>Datentyp</entry>
            </row>

            <row>
              <entry>Ort</entry>

              <entry>Ort</entry>

              <entry>[ - ]</entry>

              <entry></entry>

              <entry>Geometrie des Objektes</entry>

              <entry>gml:PointPropertyType</entry>
            </row>

            <row>
              <entry>generateResult</entry>

              <entry>berechnen</entry>

              <entry>[ - ]</entry>

              <entry></entry>

              <entry>Auswahl bewirkt, dass bei einer Berechnung ein Ergebnis
              für diesen Knoten erzeugt wird.</entry>

              <entry>boolean</entry>
            </row>

            <row>
              <entry>downStreamChannelMember</entry>

              <entry>Unterwasserstrang</entry>

              <entry>[ - ]</entry>

              <entry></entry>

              <entry>Gewaesserstrang, welcher im weiteren Fliessverlauf
              Unterwasser anschliesst</entry>

              <entry>na:ChannelAssociationType</entry>
            </row>

            <row>
              <entry>Verknüpfungen Zeitreihen</entry>

              <entry></entry>

              <entry></entry>

              <entry></entry>

              <entry></entry>

              <entry></entry>
            </row>

            <row>
              <entry>pegelZR</entry>

              <entry>Pegel (lok)</entry>

              <entry>[ - ]</entry>

              <entry></entry>

              <entry>Zeitreihe Pegel (lokal)</entry>

              <entry>obslink:TimeseriesLinkFeatureProperty</entry>
            </row>

            <row>
              <entry>qberechnetZR</entry>

              <entry>Abfluss berechnet</entry>

              <entry>[ - ]</entry>

              <entry></entry>

              <entry>Berechneter Pegel (optional)</entry>

              <entry>obslink:TimeseriesLinkFeatureProperty</entry>
            </row>

            <row>
              <entry>pegelBerechnetZRAblage</entry>

              <entry>ZR Ablage Berechnung</entry>

              <entry>[ - ]</entry>

              <entry></entry>

              <entry>Verknüpfung zur Ablage des Ergebnisses in der Datenbank
              (optional)</entry>

              <entry>obslink:TimeseriesLinkFeatureProperty</entry>
            </row>

            <row>
              <entry>zuflussZR</entry>

              <entry>Zufluss Berechnung</entry>

              <entry>[ - ]</entry>

              <entry></entry>

              <entry>Zufluss Zeitreihe (lokal)</entry>

              <entry>obslink:TimeseriesLinkFeatureProperty</entry>
            </row>

            <row>
              <entry>Knoten zu Knoten Beziehung</entry>

              <entry></entry>

              <entry></entry>

              <entry></entry>

              <entry></entry>

              <entry></entry>
            </row>

            <row>
              <entry>branchingMember</entry>

              <entry>Knoten zu Knoten</entry>

              <entry>[ - ]</entry>

              <entry></entry>

              <entry>Optionale Verbindung mit einem Zielknoten bzw. mit
              außerhalb des Netzwerkes vorhandenen Elementen (kont. Zugabe und
              Entnahme, Überlauf, Zuflusspegel, Verzweigung)</entry>

              <entry>BranchingAssociationType</entry>
            </row>

            <row>
              <entry>branchingNodeMember</entry>

              <entry>Relationsknoten</entry>

              <entry>-</entry>

              <entry></entry>

              <entry>Knoten zu welchem verzweigt wird</entry>

              <entry>NodeAssociationType</entry>
            </row>

            <row>
              <entry>qzug</entry>

              <entry>Zugabemenge</entry>

              <entry>[m^3/s]</entry>

              <entry></entry>

              <entry>kont. Zugabemenge [m^3/s], welche dem Knoten zugeschlagen
              wird</entry>

              <entry>double</entry>
            </row>

            <row>
              <entry>qabg</entry>

              <entry>Entnahmemenge</entry>

              <entry>[m^3/s]</entry>

              <entry></entry>

              <entry>kont. Entnahmemenge [m^3/s], welche dem Zielknoten
              zugeschlagen wird</entry>

              <entry>double</entry>
            </row>

            <row>
              <entry>queb</entry>

              <entry>Überlaufhöhe</entry>

              <entry>[m^3/s]</entry>

              <entry></entry>

              <entry>Überlaufhöhe [m^3/s], bei Überschreitung wird der darüber
              liegende Abfluss dem Zielknoten zugeschlagen</entry>

              <entry>double</entry>
            </row>

            <row>
              <entry>zproz</entry>

              <entry>Verzweigungsanteil</entry>

              <entry>[-]</entry>

              <entry>0-1</entry>

              <entry>Anteil des Abflusses, der dem Verzweigungsknoten
              zugefuehrt wird</entry>

              <entry>double</entry>
            </row>
          </tbody>
        </tgroup>
      </table>

      <table>
        <title>Modellparameter der Gerinneelemente</title>

        <tgroup cols="6">
          <tbody>
            <row>
              <entry>Parameter</entry>

              <entry>Label</entry>

              <entry>Einheit</entry>

              <entry>Beispielwert</entry>

              <entry>Bedeutung</entry>

              <entry>Datentyp</entry>
            </row>

            <row>
              <entry>Ort</entry>

              <entry>Ort</entry>

              <entry>[ - ]</entry>

              <entry></entry>

              <entry>Geometrie des Objektes</entry>

              <entry>gml:LineStringPropertyType</entry>
            </row>

            <row>
              <entry>downStreamNodeMember</entry>

              <entry>Relation UW-Knoten</entry>

              <entry>[ - ]</entry>

              <entry></entry>

              <entry>Relation zum Unterwasserknoten des Stranges</entry>

              <entry>na:NodeAssociationType</entry>
            </row>

            <row>
              <entry>KM Stränge</entry>

              <entry></entry>

              <entry></entry>

              <entry></entry>

              <entry></entry>

              <entry></entry>
            </row>

            <row>
              <entry>qfmax</entry>

              <entry>Q-Bordvoll</entry>

              <entry>[m^3/s]</entry>

              <entry></entry>

              <entry>bordvoller Abfluss eines Gerinneabschnittes</entry>

              <entry>double</entry>
            </row>

            <row>
              <entry>c</entry>

              <entry>Aufteilungsfaktor F-V</entry>

              <entry>[ - ]</entry>

              <entry></entry>

              <entry>Aufteilungsfaktor Gerinne - Vorland</entry>

              <entry>double</entry>
            </row>

            <row>
              <entry>KMParameterMember</entry>

              <entry>Ref. KM-Parameter</entry>

              <entry>[ - ]</entry>

              <entry></entry>

              <entry>Link zu Datensatz mit Kalinin-Miljukov-Parametern (n und
              k)</entry>

              <entry>na:KMParameterAssociationType</entry>
            </row>

            <row>
              <entry>Kalinin-Miljukov-Parameter</entry>

              <entry></entry>

              <entry></entry>

              <entry></entry>

              <entry></entry>

              <entry></entry>
            </row>

            <row>
              <entry>qrk</entry>

              <entry>Abfluss</entry>

              <entry>[m^3/s]</entry>

              <entry></entry>

              <entry>Es sollten mindestens 5 verschiedene Abfluessfaelle
              angegeben werden</entry>

              <entry>double</entry>
            </row>

            <row>
              <entry>rkf</entry>

              <entry>K Fluss</entry>

              <entry>[h]</entry>

              <entry></entry>

              <entry>peicherkonstante K des Flusses (Kalinin-Muljukov)</entry>

              <entry>double</entry>
            </row>

            <row>
              <entry>rnf</entry>

              <entry>n Fluss</entry>

              <entry>[ - ]</entry>

              <entry></entry>

              <entry>Anzahl n der Speicher des Flusses
              (Kalinin-Miljukov)</entry>

              <entry>double</entry>
            </row>

            <row>
              <entry>rkv</entry>

              <entry>K Vorland</entry>

              <entry>[h]</entry>

              <entry></entry>

              <entry>Speicherkonstante K des Vorlandes
              (Kalinin-Muljukov)</entry>

              <entry>double</entry>
            </row>

            <row>
              <entry>rnv</entry>

              <entry>n Vorland</entry>

              <entry>[ - ]</entry>

              <entry></entry>

              <entry>Anzahl n der Speicher des Vorlandes
              (Kalinin-Miljukov)</entry>

              <entry>double</entry>
            </row>

            <row>
              <entry>Optimierungsfaktoren</entry>

              <entry></entry>

              <entry></entry>

              <entry></entry>

              <entry></entry>

              <entry></entry>
            </row>

            <row>
              <entry>faktorRKf</entry>

              <entry>Faktor k</entry>

              <entry>[ - ]</entry>

              <entry></entry>

              <entry>Korrekturfaktor Speicherkonstante. Parameter der
              Modelloptimierung im Vorhersagefall - anderenfalls
              unbesetzt.</entry>

              <entry>double</entry>
            </row>

            <row>
              <entry>faktorRnf</entry>

              <entry>Faktor n</entry>

              <entry>[ - ]</entry>

              <entry></entry>

              <entry>Korrekturfaktor Anzahl der Speicher. Parameter der
              Modelloptimierung im Vorhersagefall - anderenfalls
              unbesetzt.</entry>

              <entry>double</entry>
            </row>

            <row>
              <entry>RHB Stränge</entry>

              <entry></entry>

              <entry></entry>

              <entry></entry>

              <entry></entry>

              <entry></entry>
            </row>

            <row>
              <entry>generateResult</entry>

              <entry>berechnen</entry>

              <entry>[ - ]</entry>

              <entry></entry>

              <entry>Auswahl bewirkt, dass bei einer Berechnung ein Ergebnis
              für diesen Knoten erzeugt wird.</entry>

              <entry>boolean</entry>
            </row>

            <row>
              <entry>iknotNodeMember</entry>

              <entry>Überlaufknoten</entry>

              <entry>[ - ]</entry>

              <entry></entry>

              <entry>Zielknoten auf den die Hochwasserentlastungsanlage
              abschlägt (Falls unbesetzt, wird der Überlauf zum Grundabfluss
              addiert und dem Endknoten des Speicherstranges
              zugeschlagen)</entry>

              <entry>na:NodeAssociationType</entry>
            </row>

            <row>
              <entry>c</entry>

              <entry>Aufteilungsfaktor</entry>

              <entry>[ - ]</entry>

              <entry>normal: 0.0</entry>

              <entry>Aufteilungsfaktor zwischen den Stationsgrößen QAA und QAN
              im Konvergenzkriterium</entry>

              <entry>double</entry>
            </row>

            <row>
              <entry>sv</entry>

              <entry>Anfangsinhalt</entry>

              <entry>[hm^3]</entry>

              <entry></entry>

              <entry>Beckeninhalt zu Beginn der Simulation</entry>

              <entry>double</entry>
            </row>

            <row>
              <entry>vmax</entry>

              <entry>max. Inhalt</entry>

              <entry>[hm^3]</entry>

              <entry></entry>

              <entry>maximaler Beckeninhalt</entry>

              <entry>double</entry>
            </row>

            <row>
              <entry>vmin</entry>

              <entry>min. Inhalt</entry>

              <entry>[hm^3]</entry>

              <entry></entry>

              <entry>minimaler Beckeninhalt</entry>

              <entry>double</entry>
            </row>

            <row>
              <entry>hvvsqd</entry>

              <entry>WVQ-Beziehung</entry>

              <entry>[ mNN, hm^3, m^3/s]</entry>

              <entry></entry>

              <entry>Beziehung zwischen Wasserstand [mNN], Volumen/ Inhalt
              [hm^3] und Abgabe/ Abfluss [m^3/s] aus dem Speicher (max. 24
              Wertetripel)</entry>

              <entry>ZmlInlineWVQType</entry>
            </row>
          </tbody>
        </tgroup>
      </table>

      <table>
        <title>Parameter der Hydrotope</title>

        <tgroup cols="6">
          <tbody>
            <row>
              <entry>Parameter</entry>

              <entry>Label</entry>

              <entry>Einheit</entry>

              <entry>Beispielwert</entry>

              <entry>Bedeutung</entry>

              <entry>Datentyp</entry>
            </row>

            <row>
              <entry>Ort</entry>

              <entry>Ort</entry>

              <entry>[ - ]</entry>

              <entry></entry>

              <entry>Geometrie des Objektes</entry>

              <entry>gml:PolygonPropertyType</entry>
            </row>

            <row>
              <entry>flaech</entry>

              <entry>Hydrotopfläche</entry>

              <entry>[ m^2 ]</entry>

              <entry></entry>

              <entry>Gesamtfläche des Hydrotopes ( wird vom Programm beim
              Import der Shape-Daten ermittelt)</entry>

              <entry>double</entry>
            </row>

            <row>
              <entry>nutz</entry>

              <entry>Nutzungsschlüssel</entry>

              <entry>[ - ]</entry>

              <entry></entry>

              <entry>vorhandene Nutzung -Link zum Nutzungschlüssel, welcher in
              der Nutzungsdatensammlung vorhanden sein muss (siehe
              Nutzungsparameter Bezeichnung).</entry>

              <entry>string</entry>
            </row>

            <row>
              <entry>boden</entry>

              <entry>Bodenschlüssel</entry>

              <entry>[ - ]</entry>

              <entry></entry>

              <entry>anstehender Boden - Link zum Bodenschlüssel, welcher in
              der Bodendatensammlung vorhanden sein muss (siehe
              Bodentypparameter Profilbezeichnung)</entry>

              <entry>string</entry>
            </row>

            <row>
              <entry>m_perkm</entry>

              <entry>max. Perkolationsrate</entry>

              <entry>[ mm/d ]</entry>

              <entry></entry>

              <entry>maximale Perkolationsrate</entry>

              <entry>double</entry>
            </row>

            <row>
              <entry>m_f1gws</entry>

              <entry>Zuflussanteil GW</entry>

              <entry>[ - ]</entry>

              <entry></entry>

              <entry>Zuflussanteil Grundwasser</entry>

              <entry>double</entry>
            </row>

            <row>
              <entry>m_vers</entry>

              <entry>Versiegelungsgrad</entry>

              <entry>[ - ]</entry>

              <entry></entry>

              <entry>Versiegelungsgrad des Hydrotopes</entry>

              <entry>double</entry>
            </row>

            <row>
              <entry>fak_vers</entry>

              <entry>Faktor Versiegelung</entry>

              <entry>[ - ]</entry>

              <entry></entry>

              <entry>Korrekturfaktor Versiegelungsgrad</entry>

              <entry>double</entry>
            </row>

            <row>
              <entry>entwArt</entry>

              <entry>Entwässerung</entry>

              <entry>[ - ]</entry>

              <entry></entry>

              <entry>Untergliederung der in besielte und unbesielte Flächen
              (wird zur Zeit noch nicht im Modell verwendet)</entry>

              <entry>string</entry>
            </row>
          </tbody>
        </tgroup>
      </table>

      <table>
        <title>"natürliche" Parameter</title>

        <tgroup cols="6">
          <tbody>
            <row>
              <entry>Parameter</entry>

              <entry>Label</entry>

              <entry>Einheit</entry>

              <entry>Beispielwert</entry>

              <entry>Bedeutung</entry>

              <entry>Datentyp</entry>
            </row>

            <row>
              <entry morerows="">Schneeparameter</entry>

              <entry></entry>

              <entry></entry>

              <entry></entry>

              <entry></entry>

              <entry></entry>
            </row>

            <row>
              <entry>texttyp</entry>

              <entry>Schneetyp</entry>

              <entry>[text]</entry>

              <entry></entry>

              <entry>Schneetyp, welcher einem Gebiet zugeordnet werden
              kann</entry>

              <entry>string</entry>
            </row>

            <row>
              <entry morerows="">xwwo</entry>

              <entry>Neuschneedichte</entry>

              <entry>[ - ]</entry>

              <entry></entry>

              <entry>Wasseranteil im Schnee (Neuschneedichte)</entry>

              <entry>double</entry>
            </row>

            <row>
              <entry morerows="">xwwmax</entry>

              <entry>max. Wasseranteil</entry>

              <entry>[ - ]</entry>

              <entry></entry>

              <entry>maximaler Wasseranteil (maximale Lagerungsdichte - Beginn
              der Schneeschmelze) [-] (= 0-1)</entry>

              <entry>double</entry>
            </row>

            <row>
              <entry morerows="">xsnotem</entry>

              <entry>strahl. Schneeschmelzrate</entry>

              <entry>[mm/h]</entry>

              <entry></entry>

              <entry>strahlungsabhängige Schneeschmelzrate</entry>

              <entry>double</entry>
            </row>

            <row>
              <entry morerows="">xh0</entry>

              <entry>Anfangsschneehöhe</entry>

              <entry>[mm]</entry>

              <entry></entry>

              <entry>Anfangsschneehöhe</entry>

              <entry>double</entry>
            </row>

            <row>
              <entry morerows="">Nutzungsparameter</entry>

              <entry></entry>

              <entry></entry>

              <entry></entry>

              <entry></entry>

              <entry></entry>
            </row>

            <row>
              <entry morerows="">text</entry>

              <entry>Bezeichnung</entry>

              <entry>[ - ]</entry>

              <entry></entry>

              <entry>Nutzungsbezeichnung (hierher wird aus den Hydrotop
              verwiesen)</entry>

              <entry>string</entry>
            </row>

            <row>
              <entry morerows="">NutzungParameterMember</entry>

              <entry>Nutzungsparameter</entry>

              <entry>[ - ]</entry>

              <entry></entry>

              <entry>Nutzungsparameter</entry>

              <entry>par:NutzungParameterAssociationType</entry>
            </row>

            <row>
              <entry morerows="">dat</entry>

              <entry>Datum</entry>

              <entry>[ - ]</entry>

              <entry></entry>

              <entry>Datum</entry>

              <entry>string</entry>
            </row>

            <row>
              <entry morerows="">xkc</entry>

              <entry>Korrekturfaktor der Verdunstung</entry>

              <entry>[ - ]</entry>

              <entry></entry>

              <entry>Korrekturfaktor der Verdunstung gegenüber potentieller
              Verdunstung</entry>

              <entry>double</entry>
            </row>

            <row>
              <entry morerows="">xwt</entry>

              <entry>Wurzeltiefe</entry>

              <entry>[dm]</entry>

              <entry></entry>

              <entry>Wurzeltiefe</entry>

              <entry>double</entry>
            </row>

            <row>
              <entry morerows="">xlai</entry>

              <entry>Speicherinhalt Interzeptionsspeicher</entry>

              <entry>[mm]</entry>

              <entry></entry>

              <entry>Speicherinhalt Interzeptionsspeicher</entry>

              <entry>double</entry>
            </row>

            <row>
              <entry morerows="">Bodentypparameter</entry>

              <entry></entry>

              <entry></entry>

              <entry></entry>

              <entry></entry>

              <entry></entry>
            </row>

            <row>
              <entry morerows="">text6</entry>

              <entry>Profilbezeichnung</entry>

              <entry>[-]</entry>

              <entry></entry>

              <entry>Bodenprofilschlüssel (hierher wird aus den Hydrotopen
              verwiesen)</entry>

              <entry>string</entry>
            </row>

            <row>
              <entry morerows="">BodArtParameterMember</entry>

              <entry>Bodenhorizonte</entry>

              <entry>[-]</entry>

              <entry></entry>

              <entry>Bodenhorizonte des Bodenprofils</entry>

              <entry>par:BodArtParameterAssociationType</entry>
            </row>

            <row>
              <entry morerows="">BodArtLink</entry>

              <entry>Bodenartschlüssel</entry>

              <entry>[ - ]</entry>

              <entry></entry>

              <entry>Jedem Horizont ist eine Bodenart durch einen
              Bodenartschlüssel zugewiesen (siehe Bodenartparameter
              Bodenartschlüssel)</entry>

              <entry>par:BodenartAssociationType</entry>
            </row>

            <row>
              <entry morerows="">xtief</entry>

              <entry>Mächtigkeit</entry>

              <entry>[dm]</entry>

              <entry></entry>

              <entry>Mächtigkeit des Bodenhorizontes</entry>

              <entry>double</entry>
            </row>

            <row>
              <entry morerows="">xret</entry>

              <entry>Flag Interflow</entry>

              <entry>[-]</entry>

              <entry></entry>

              <entry>Auswahl, ob Interflow in diesem Horizont zugelassen
              wird</entry>

              <entry>double</entry>
            </row>

            <row>
              <entry morerows="">Bodenartparameter</entry>

              <entry></entry>

              <entry></entry>

              <entry></entry>

              <entry></entry>

              <entry></entry>
            </row>

            <row>
              <entry morerows="">typchar</entry>

              <entry>Bodenartschlüssel</entry>

              <entry>[ - ]</entry>

              <entry></entry>

              <entry>Bodenartschlüssel auf den der Link aus der Bodentyppdatei
              bezogen ist (siehe Bodentypparameter Bodenartschlüssel)</entry>

              <entry>string</entry>
            </row>

            <row>
              <entry morerows="">typkap</entry>

              <entry>[ - ]</entry>

              <entry>[ - ]</entry>

              <entry></entry>

              <entry>[ - ]</entry>

              <entry>string</entry>
            </row>

            <row>
              <entry morerows="">typwp</entry>

              <entry>Welkepunkt</entry>

              <entry>[mm/dm]</entry>

              <entry></entry>

              <entry>Welkepunkt</entry>

              <entry>double</entry>
            </row>

            <row>
              <entry morerows="">typfk</entry>

              <entry>Feldkapazität</entry>

              <entry>[mm/dm]</entry>

              <entry></entry>

              <entry>Feldkapazität</entry>

              <entry>double</entry>
            </row>

            <row>
              <entry morerows="">typbfm</entry>

              <entry>maximales Porenvolumen</entry>

              <entry>[mm/dm]</entry>

              <entry></entry>

              <entry>maximales Porenvolumen</entry>

              <entry>double</entry>
            </row>

            <row>
              <entry morerows="">typkf</entry>

              <entry>Hydraulic conductivity</entry>

              <entry>[mm/d]</entry>

              <entry></entry>

              <entry>Hydraulic conductivity</entry>

              <entry>double</entry>
            </row>

            <row>
              <entry morerows="">typbf0</entry>

              <entry>Anfangsbodenfeuchte</entry>

              <entry>[-]</entry>

              <entry></entry>

              <entry>Anfangsbodenfeuchtigkeit</entry>

              <entry>double</entry>
            </row>
          </tbody>
        </tgroup>
      </table>
    </section>
  </section>
</chapter>