<?xml version="1.0" encoding="UTF-8"?>
<chapter id="grafische_oberflaeche">
  <?dbhh topicname="Grafische Oberfläche" topicid="2"?>

  <chapterinfo>
    <date><indexterm>
        <primary>Beschreibung der grafischen Oberfläche
        Expertenmodus</primary>
      </indexterm></date>
  </chapterinfo>

  <title>Grafische Oberfläche</title>

  <para>Im vorliegenden Kapitel wird die grafische Benutzeroberfläche (GUI)
  für den KALYPSO Modeler (Expertenmodus) erläutert. Die KALYPSO Modeler
  Perspektive kann entweder über das vorhandene Symbol in der Auswahlleiste
  oder über das Menü <guimenuitem>Fenster</guimenuitem> geöffnet
  werden.</para>

  <figure>
    <title>KALYPSO Modeler Perspektive öffnen</title>

    <mediaobject>
      <imageobject>
        <imagedata align="center" fileref="img/gui/perspektive_modeler.png"
                   scale="70" />
      </imageobject>
    </mediaobject>
  </figure>

  <section id="allgemeines_zur_gui">
    <title>Allgemeines zur GUI</title>

    <para id="dummy6">Die grafische Benutzeroberfläche im Expertenmodus
    besteht im Wesentlichen aus folgenden Ansichten:</para>

    <itemizedlist>
      <listitem>
        <para>Navigator: Der Navigator ermöglicht die Ansicht auf das lokale
        Arbeitsverzeichnis und die dort vorliegende Datenstruktur.</para>
      </listitem>

      <listitem>
        <para>Karten-Ansicht: Mit Hilfe der Karten-Ansicht können vorab
        definierte Kartenvorlagen - einschließlich der in der Vorlage
        referenzierten Geo-Informationen - im Lageplan visualisiert werden.
        Die Karten-Ansicht eignet sich für die Darstellung von geografischen
        Modelldaten (z.B. Einzugsgebietsgrenzen) sowie relevanten
        Hintergrundkarten (z.B. Topografische Grundkarten).</para>
      </listitem>

      <listitem>
        <para>Tabellen-Ansicht: Die Tabellen-Ansicht erlaubt den Zugriff auf
        Modellparameter bzw. geografische Attribute, welche gleichzeitig mit
        der Kartenvorlage verknüpft sind. Ebenfalls sind Zeitreihenwerte mit
        der Tabellenansicht darstellbar und veränderbar.</para>
      </listitem>

      <listitem>
        <para>Feature-Ansicht: Die Feature Ansicht ermöglicht den Zugriff auf
        alle Daten des selektierten Elementes.</para>
      </listitem>

      <listitem>
        <para>Baumansicht: Die Baumansicht stellt eine Gesamtübersicht der
        betrachteten Daten in Baumform bereit. Innere Abhangigkeiten sind so
        editierbar.</para>
      </listitem>

      <listitem>
        <para>Diagramm-Ansicht (QuickView): Anhand der Diagramm-Ansicht werden
        Zeitreihen (z.B. Wasserstandsganglinien oder Niederschlagsmessreihen)
        als Ganglinie oder Blockdiagramm dargestellt. In der Diagramm-Ansicht
        können mehrere Zeitreihen zugleich angezeigt werden. Zur Bearbeitung
        von Zeitreihen wird das Grafikprogramm benutzt.</para>
      </listitem>

      <listitem>
        <para>Grafikprogramm: Das Postprocessing von Berechnungsergebnissen
        erfordert i.d.R. komplexe Operationen an Zeitreihen. Hierfür steht das
        Grafikprogramm zur Verfügung, wo u.a. mehrere Zeitreihen gleichzeitig
        dargestellt, Zeitreihen mit unterschiedlichen Ordinaten-Achsen
        behandelt sowie Zeitreihenwerte verändert werden können.</para>
      </listitem>
    </itemizedlist>

    <para>Die Ergonomie und Logik der Oberfläche ist ähnlich wie bei gängigen
    GIS-Softwareprodukten - jedoch ergänzt durch generelle Funktionen zur
    Bearbeitung und Verwaltung hydrologischer / hydraulischer Modelle (siehe
    u.a. <xref linkend="grundfunktionen" />).</para>

    <para>I.d.R. beinhaltet jede der oben genannten Ansichten ein spezifisches
    Untermenü bzw. Werkzeuge in Form von Toolbars. Z.B. umfasst die
    Karten-Ansicht Menüpunkte zum Ein- und Ausblenden von Themen oder zum
    Zoomen innerhalb der Ansicht (siehe <xref
    linkend="ansichtssteuerung" />).</para>

    <section id="gui-oeffnen_ansichten">
      <title>Öffnen einzelner Ansichten</title>

      <para>Der Navigator öffnet sich automatisch beim Start des Expertenmodus
      und zeigt die lokal verfügbaren Modelle an.</para>

      <para>Die Ansichten für Karten, Tabellen, Diagramme, Modellbäume und
      Modellelemente werden geöffnet, indem die jeweilige Datei - d.h.
      Kartenvorlage (*.gmt), GIS-Tabelle (*.gtt), Diagramm (*.odt) oder
      Zeitreihentabelle (*.ott), Baumvorlage (*.gmv) oder Elementvorlage
      (*.gft) - im Navigator ausgewählt wird. Wenn dabei die rechte Maustaste
      gedrückt wird, kann über <guimenuitem>Öffnen mit</guimenuitem> ein für
      den Dateityp speziell konfigurierter Editor gewählt werden. Z.B. ist
      dies im Falle der Karten-Ansicht der KALYPSO Karten-Editor (siehe <xref
      linkend="gis_view_editor" />) und bei Tabellen der KALYPSO
      Tabellen-Editor.</para>

      <figure id="gis_view_editor">
        <title>Öffnen einer Karte anhand des Karten-Editors</title>

        <mediaobject>
          <imageobject>
            <imagedata align="center" fileref="img/gui/GISviewEditor.png"
                       scale="50" />
          </imageobject>
        </mediaobject>
      </figure>

      <para>Zusätzlich zum jeweils speziell konfigurierten Editor stehen auch
      Editoren zur Verfügung, welche das Editieren des ursprünglichen XML-
      bzw. GML-Formats erlauben. Neben dem einfachen Texteditor kann eine
      Gesamtübersicht der Inhalte einer *.gml Datei mit der KALYPSO Standard
      Baumansicht oder dem KALYPSO Standard Feature Editor erreicht
      werden.</para>

      <para>Bei Doppelklick mit linker Maustaste auf die zu öffnende Datei
      wird derjenige Editor zum Öffnen benutzt, mit dem die Datei zuletzt
      aufgerufen wurde. Bei bestimmten Dateitypen (z.B. Zeitreihen (*.zml))
      wird bei Doppelklick auf die Datei ein Vorlagenauswahl-Fenster geöffnet.
      Hier besteht die Möglichkeit, die Datei unterschiedlich zu visualisieren
      (Tabelle, Diagramm).</para>

      <para>Eine Datei kann nur einmal geöffnet werden und folglich nicht
      parallel mit unterschiedlichen Editoren bearbeitet werden.</para>
    </section>

    <section id="arbeiten_mit_ansichten">
      <title>Arbeiten mit mehreren Ansichten</title>

      <para>Zur Bearbeitung von Modelldaten oder Zeitreihen ist das Arbeiten
      mit mehreren Ansichten sinnvoll, sodass z.B. die geografischen
      Informationen und Modelldaten in der Karten-Ansicht simultan mit der
      Tabellen-Ansicht angezeigt werden können. Dabei sind die Ansichten
      gekoppelt, d.h., der in der Tabelle selektierte Bezugspunkt bzw. das
      Gebiet wird gleichzeitig in der Karte markiert und umgekehrt. Somit
      lässt sich in der Modellbearbeitung permanent ein Lagebezug
      herstellen.</para>

      <figure id="gis_view_multi">
        <title>Parallele Ansicht von Karte und Tabelle</title>

        <mediaobject>
          <imageobject>
            <imagedata align="center" fileref="img/gui/Mehrere_Ansichten.png"
                       scale="50" />
          </imageobject>
        </mediaobject>
      </figure>

      <para>Karten und Tabellen können in der Gesamtansicht parallel wie folgt
      angezeigt werden:</para>

      <itemizedlist>
        <listitem>
          <para>Karte und Tabelle nacheinander mit KALYPSO Karten-Editor und
          Tabellen-Editor öffnen. Karte und Tabelle werden sich danach
          überlagern. Zwischen den Ansichten kann durch Mausklick auf den
          Karten- oder Tabellennamen in der oberen Leiste des Ansichtsfensters
          gewechselt werden.</para>
        </listitem>

        <listitem>
          <para>Durch Klick mit der linken Maustaste auf den Karten- oder
          Tabellennamen in der oberen Leiste des Ansichtsfensters und
          nachfolgendem Ziehen des Cursors - linke Maustaste dabei gedrückt
          halten - auf die seitlichen Berandungen des Ansichtsfensters oder in
          Nachbaransichten hinein, lassen sich die Ansichten beliebig vertikal
          oder horizontal zueinander anordnen. Die Anordnung wird vollzogen
          sobald die linke Maustaste losgelassen wird.</para>
        </listitem>
      </itemizedlist>

      <para>Geöffnete Ansichten werden durch Mausklick in das jeweilige
      Ansichtsfenster aktiviert. Die aktive Ansicht wird durch farbliche
      Hervorhebung des Ansichtsnamens (und des -rahmens) in der oberen
      Ansichtsleiste markiert.</para>

      <para>Die geöffneten Ansichten können geschlossen werden, indem z.B. mit
      der Maus auf das Kreuz neben dem Ansichtsnamen in der oberen
      Ansichtsleiste geklickt wird.</para>

      <para id="menu_fenster">Generell können die Ansichtsfenster auch über
      das Menü <guimenu>Fenster</guimenu> im Hauptmenü von KALYPSO gesteuert
      werden (siehe <xref linkend="fenster" />).</para>

      <figure id="fenster">
        <title>Menü Fenster zur Ansichtssteuerung</title>

        <mediaobject>
          <imageobject>
            <imagedata align="center" fileref="img/gui/expert_fenster.png"
                       scale="50" />
          </imageobject>
        </mediaobject>
      </figure>

      <para>Zum Verständnis der Funktionen im Menü <guimenu>Fenster</guimenu>
      muss der Unterschied zwischen Perspektive und Sicht erläutert werden.
      Perspektive ist der Oberbegriff. Die Gesamtansicht des KALYPSO Modeler
      (Expertenmodus) definiert beispielsweise eine Perspektive. Auch die
      Hochwasser Vorhersage und die Zeitreihen-Ablage repräsentieren jeweils
      eine Perspektive. Die einzelnen Perspektiven setzen sich aus mehreren
      (An)Sichten zusammen.</para>

      <para>Mit dieser Begriffserläuterung ist das Menü
      <guimenu>Fenster</guimenu> selbsterläuternd. Damit lassen sich
      Perspektiven und Sichten beliebig Ergänzen, Maximieren, Speichern,
      Schließen, etc.</para>
    </section>
  </section>

  <section id="ansichtssteuerung">
    <sectioninfo>
      <date><indexterm>
          <primary>Beschreibung der Ansichtssteuerung</primary>
        </indexterm></date>
    </sectioninfo>

    <title>Ansichtssteuerung</title>

    <para id="para2">Die verschiedenen Ansichten in KALYPSO beinhalten
    generell Untermenüs, die u.a. die Navigation innerhalb der Ansicht
    ermöglichen. Die wichtigsten und speziell auf die Darstellung und
    Bearbeitung hydrologischer / hydraulischer Modelle zielenden Ansichten und
    ihre Anpassungsmöglichkeiten werden nachfolgend erläutert.</para>

    <section>
      <title>Ansichts-Vorlagen</title>

      <para>Das Arbeiten mit unterschiedlichen Ansichten setzt Kenntnisse über
      das Arbeiten mit Ansichts-Vorlagen voraus. Prinzipiell ist in KALYPSO
      vorgesehen, nicht die Originaldaten selbst, sondern mit Vorlagen zu
      arbeiten, die Informationen über die Darstellungsweise bestimmter
      Modell-Dateien enthalten. In KALYPSO sind Vorlagen definiert, die das
      Visualisieren von Modelldaten in Form von Karten, Diagrammen und
      Tabellen ermöglichen. Im Einzelnen existieren folgende Vorlagen:</para>

      <itemizedlist>
        <listitem>
          <para>Kartenvorlage <xref linkend="menu_karte" /> (*.gmt)</para>

          <para>Diese Vorlage dient zum Visualisieren von Modelldaten in einer
          Kartendarstellung.</para>
        </listitem>

        <listitem>
          <para>Tabellenvorlage (*.gtt)</para>

          <para>Modelldaten werden in Form von Tabellen dargestellt.</para>
        </listitem>

        <listitem>
          <para>Baumvorlage (*.gmv)</para>

          <para>Diese Vorlage visualisiert die Modelldaten in Form eines
          Baumes. Innere Abhangigkeiten sind so editierbar.</para>
        </listitem>

        <listitem>
          <para>Feature(Element)vorlage (*.gft)</para>

          <para>Diese Vorlage dient der Ansicht einzelner Elemente. Sie stellt
          eine Gesamtübersicht der Daten eines Elementes dar.</para>
        </listitem>

        <listitem>
          <para>Zeitreihentabelle (*.ott)</para>

          <para>Die Werte von Zeitreihen im zml-Format werden in Form einer
          Tabelle dargestellt. Die Werte sind in der Tabelle
          editierbar.</para>
        </listitem>

        <listitem>
          <para>Zeitreihendiagramm (*.odt)</para>

          <para>Zeitreihen im zml-Format werden in einem Diagramm angezeigt,
          Optional kann auch die Bearbeitung der Zeitreihe mit Hilfe des
          Grafikprogramms erfolgen.</para>
        </listitem>
      </itemizedlist>

      <para>Die Vorlagen sind teilweise durch den Benutzer editierbar, so dass
      eine Erstellung und Änderung von Formatvorlagen nach eigenen Vorlieben
      möglich. In den folgenden Abschnitten sind die Darstellungsmöglichkeiten
      beschrieben, die sich aus den einzelnen Formatvorlagen ergeben.</para>
    </section>

    <section id="menu_karte">
      <title>Karten-Ansicht</title>

      <para>Sobald eine Kartenvorlage (*.gmt) mit dem Karten-Editor geöffnet
      wird, erscheint im Hauptmenü zwischen den Menüpunkten
      <guimenu>Modell</guimenu> und <guimenu>Fenster</guimenu> ein
      zusätzlicher Menüpunkt <guimenu>Karte</guimenu> (siehe <xref
      linkend="navigation_karten_ansicht" />). Die Funktionen im Menü
      <guimenu>Karte</guimenu> sind erst ausführbar, wenn eine Karten-Ansicht
      aktiviert bzw. in diese hinein geklickt wird (Kartenname wird farblich
      hervorgehoben).</para>

      <para>Anhand der verfügbaren Funktionen kann die Darstellung vergrößert
      oder verkleinert (Zoom), der Bildausschnitt maximiert und verschoben
      (Pan) werden.</para>

      <para>Im Menü <guimenu>Karte</guimenu> kann die Editierfunktion
      (<guimenuitem>Objekt Editieren</guimenuitem>) aktiviert werden. Um
      Elemente in der Karte zu selektieren und ggf. Attribute zu verändern,
      muss zuvor das gewünschte Thema in der Gliederung-Ansicht ausgewählt und
      aktiviert werden. Die Aktivierungsfunktion befindet sich im Submenü in
      der Ansichtsleiste Gliederung.</para>

      <para>Die Gliederung-Ansicht öffnet sich i.d.R. zusammen mit der
      Karten-Ansicht, sofern dies bei der letzten Arbeitssitzung so
      eingestellt wurde (Workspace). Andernfalls kann die Gliederung über das
      Menü <guimenu>Fenster &gt; Sicht anzeigen</guimenu> geöffnet werden. In
      der Gliederung-Ansicht werden die Themen der Kartenvorlage gelistet. In
      Anlehnung an übliche GIS-Funktionalitäten können die Themen einzeln in
      der Karten-Ansicht an- und ausgeblendet werden (Häckchen vor dem Thema
      aktivieren bzw. deaktivieren), die Darstellungsreihenfolge der Themen
      kann verändert oder Themen gänzlich gelöscht werden. Letztere Funktionen
      sind im Submenü in der Ansichtsleiste Gliederung verfügbar.</para>

      <figure id="navigation_karten_ansicht">
        <title>Navigation in der Karten-Ansicht</title>

        <mediaobject>
          <imageobject>
            <imagedata align="center" fileref="img/gui/navi_karte.png"
                       scale="50" />
          </imageobject>
        </mediaobject>
      </figure>

      <para>Mit Hilfe des grünen Plus-Symbols in der Werkzeugleiste der
      Gliederung kann einer Karte ein neues Thema hinzugefügt werden. Die
      Auswahl des neu hinzuzufügenden Themas wird durch einen Wizard
      vereinfacht. Es besteht die Möglichkeit im Projekt vorhandene
      (importierte) ESRI Shape Dateien, Geometriedaten aus einer GML-Instanz,
      Rasterdaten oder Daten von einem Web Feature Service bzw. Web Map
      Service hinzuzufügen. Durch einen Doppelklick auf die gewünschte
      Datenform wird der spezifische Assistent zum Datenimport gestartet
      (siehe <xref linkend="gui-layer_hinzufuegen" />).</para>

      <para>Das Layout der Karten-Ansicht bzw. der Kartenvorlage wird anhand
      des Style-Editors angepasst (siehe <xref linkend="style_editor" />).
      Dazu wird in der Gliederung-Ansicht ein Thema ausgewählt, für welches
      die Darstellung verändert werden soll. Beim Klicken auf das Plus-Symbol
      vor dem Themennamen erscheint eine Untergliederung unter dem
      Themennamen. I.d.R. gibt es unter dem Themennamen nur eine
      Untergliederung mit einer identischen Bezeichnung wie der Themenname.
      Sofern die Untergliederung mit Mausklick aktiviert wird, erscheint in
      der Ansichtsleiste Gliederung die Funktion <guimenu>Style
      ändern</guimenu>. Nur diese ist jetzt in der Ansichtsleiste verfügbar -
      alle anderen sind Grau hinterlegt. Alternativ zur Ansichtsleiste kann
      anhand Rechtsklick mit der Maus (Untergliederung des Themas muss aktiv
      sein) ein Untermenü geöffnet werden, wo <guimenu>Style
      verändern</guimenu> ausgewählt werden kann, sodass sich die
      Style-Editor-Ansicht öffnet. Mit dem Style-Editor können
      Symboldarstellungen, Farben, Fonts, etc. interaktiv verändert werden.
      Damit die Veränderungen für die Kartenvorlage wirksam werden, ist der
      veränderte Style entsprechend zu speichern.</para>

      <figure id="style_editor">
        <title>Veränderung der Karten-Ansicht / Kartenvorlage mit dem Style
        Editor</title>

        <mediaobject>
          <imageobject>
            <imagedata align="center" fileref="img/gui/style_editor.png"
                       scale="50" />
          </imageobject>
        </mediaobject>
      </figure>

      <para>Die vorgenommenen Änderungen an der Karten-Ansicht werden in der
      aufgerufenen Kartenvorlage aktualisiert, sobald die Speicherung
      durchgeführt wird, sodass die Änderungen an der Ansicht für spätere
      Aufrufe der Kartenvorlage wirksam sind.</para>

      <para>Eine neue Karte kann im Projekt durch den Menüpunkt <guimenu>Datei
      &gt; Neu &gt; Andere</guimenu> hinzugefügt werden. Hierzu ist der
      Assistent GiSMapView unter dem Ordner Andere auszuwählen. Mit Hilfe des
      Assistenten kann der Speicherort sowie der Name der neuen Karte bestimmt
      werden.</para>

      <para id="pic_neue_karte"><figure>
          <title>Neue Karte erzeugen</title>

          <mediaobject>
            <imageobject>
              <imagedata align="center" fileref="img/gui/gis_neue_karte.png"
                         scale="60" />
            </imageobject>
          </mediaobject>
        </figure></para>

      <section id="gui-layer_hinzufuegen">
        <title>Layer hinzufügen</title>

        <para>In einer neuen oder auch bestehenden Karte kann ein Layer mit
        Hilfe des plus Symbols hinzugefügt werden.</para>

        <figure>
          <title>Button Layer hinzufügen</title>

          <mediaobject>
            <imageobject>
              <imagedata align="center"
                         fileref="img/gui/Button-Layer_hinzufuegen.png"
                         scale="80" />
            </imageobject>
          </mediaobject>
        </figure>

        <para>Der neue Layer kann hierbei aus verschiedenen
        Informationsquellen innerhalb des Arbeitsverzeichnisses oder durch
        Anbindung eines Web Services eingebunden werden. Hierzu ist der dem
        entsprechende Assistent durch Doppelklick im Auswahlfenster zu
        starten. Im dann folgenden quellspezifischen Dialog wird die
        Datenquelle eingebunden.</para>

        <figure>
          <title>Auswahl der Datenquelle</title>

          <mediaobject>
            <imageobject>
              <imagedata align="center"
                         fileref="img/gui/layer_import_auswahl.png" scale="80" />
            </imageobject>
          </mediaobject>
        </figure>
      </section>
    </section>

    <section id="menu_tabelle">
      <title>Tabellen-Ansicht (Modellparameter)</title>

      <para>Sobald eine Tabellenvorlage (*.gtt) mit dem Tabellen-Editor
      geöffnet wird, erscheint im Hauptmenü zwischen den Menüpunkten
      <guimenu>Modell</guimenu> und <guimenu>Fenster</guimenu> ein
      zusätzlicher Menüpunkt <guimenu>Tabelle</guimenu> (siehe <xref
      linkend="navigation_tabellen_ansicht" />). Die Funktionen im Menü
      <guimenu>Tabelle</guimenu> sind erst ausführbar, wenn eine
      Tabellen-Ansicht aktiviert bzw. in diese hinein geklickt wird
      (Tabellenname wird farblich hervorgehoben).</para>

      <figure id="navigation_tabellen_ansicht">
        <title>Navigation in der Tabellen-Ansicht (Modellparameter)</title>

        <mediaobject>
          <imageobject>
            <imagedata align="center" fileref="img/gui/navi_tabelle.png"
                       scale="50" />
          </imageobject>
        </mediaobject>
      </figure>

      <para>Die wesentliche Funktion zur Steuerung der Tabellen-Ansicht
      besteht darin, Spalten der Tabelle ein- und auszublenden. Durch drücken
      der rechten maustaste in der Tabelle wird eine Ausswahlliste geöffnet,
      welche alle verfügbaren Parameter aufführt. Spalten können ein- und
      ausgeblendet werden, indem die darzustellenden Spalten per Mausklick
      ausgewählt und aktiviert (Häckchen an) bzw. deaktiviert werden
      können.</para>

      <para>Die vorgenommenen Änderungen an der Tabellen-Ansicht werden in der
      aufgerufenen Tabellenvorlage aktualisiert, sobald die Speicherung
      durchgeführt wird, sodass die Änderungen an der Ansicht für spätere
      Aufrufe der Tabellenvorlage wirksam sind.</para>

      <para>Zum Speichern von geänderten Daten innerhalb einer Tabelle muss
      der Menüpunkt <guimenu>Tabelle &gt; Daten speichern</guimenu> gewählt
      werden. Alternativ kann auch die entsprechende Schaltfläche in der
      Menü-Leiste benutzt werden (<xref
      linkend="pic_tabelle_button" />).</para>

      <figure id="pic_tabelle_button">
        <title>Schaltflächen in der Tabellen-Ansicht</title>

        <mediaobject>
          <imageobject>
            <imagedata align="center" fileref="img/gui/Button-Tabelle.png"
                       scale="50" />
          </imageobject>
        </mediaobject>
      </figure>
    </section>

    <section>
      <title>Baumansicht (in Bearbeitung)</title>

      <para>Sobald eine Baumvorlage (*.gmv) mit dem Baum-Editor oder eine
      GML-Datei mit Hilfe der Standard Baumansicht geöffnet wird , erscheint
      im Hauptmenü zwischen den Menüpunkten <guimenu>Modell</guimenu> und
      <guimenu>Fenster</guimenu> ein zusätzlicher Menüpunkt
      <guimenu>Baum</guimenu> (siehe <xref
      linkend="navigation_tabellen_ansicht" />). Die Funktionen im Menü
      <guimenu>Baum</guimenu> sind erst ausführbar, wenn eine Baum-Ansicht
      aktiviert bzw. in diese hinein geklickt wird (Baumname wird farblich
      hervorgehoben).</para>

      <figure>
        <title>Navigation in der Baumansicht</title>

        <mediaobject>
          <imageobject>
            <imagedata align="center" fileref="img/gui/gui-navi_baum.png"
                       scale="50" />
          </imageobject>
        </mediaobject>
      </figure>

      <para>Die Baumansicht dient dem allgemeinen Überblick der gesamten
      Projektverknüpfung. Sie stellt die Verbindungen, Ableitungen und
      Verknüpfungen im Modell in einer geordneten abwärts gerichteten
      Baumstruktur dar. Primäre Funktionen im Baum sind das Hinzufügen und
      Löschen von Elementen (Features), welche durch Klicken der rechten
      Maustaste im Kontextmenü verfügbar werden. Zudem wird durch die Funktion
      <guimenuitem>Feature editieren</guimenuitem> eine direkte Bearbeitung
      der Einzelelemente durch die Verknüpfung mit dem Feature Editor
      möglich.</para>

      <figure>
        <title>Kontextmenu in der Baumansicht</title>

        <mediaobject>
          <imageobject>
            <imagedata align="center" fileref="img/gui/gui-baum_menue.png"
                       scale="80" />
          </imageobject>
        </mediaobject>
      </figure>
    </section>

    <section>
      <title>Feature (Element) Ansicht (in Bearbeitung)</title>

      <para>Die Feature Ansicht ist eine flexibel gestaltete Ansicht zur
      Betrachtung einzelner Elemente oder Elementgruppen. Das Öffnen der
      Ansicht ist aufgrund der Flexibilität durch verschiedenste Optionen
      möglich, welche im Folgenden aufgeführt werden sollen:</para>

      <itemizedlist>
        <listitem>
          <para>Öffnen einer GML-Datei mit Hilfe des Standard Feature
          Editors</para>
        </listitem>

        <listitem>
          <para>Öffnen einer *.gft Datei mit dem Feature Editor</para>
        </listitem>

        <listitem>
          <para>Ansicht der Selektierten Elemente (Karte, Tabelle) in der
          geöffneten Feature View Ansicht</para>
        </listitem>
      </itemizedlist>

      <figure>
        <title>Öffnen der Feature View Ansicht auf selektierte
        Elemente</title>

        <mediaobject>
          <imageobject>
            <imagedata align="center"
                       fileref="img/gui/gui-featureview_karte.png" scale="60" />
          </imageobject>
        </mediaobject>
      </figure>
    </section>

    <section>
      <title>Tabellen-Ansicht (Zeitreihen)</title>

      <para>Zeitreihen im zml-Format (*.zml) können in der KALYPSO-Oberfläche
      als Tabelle oder Diagramm geöffnet werden (<xref
      linkend="navigation_ansichtsauswahl" />). Durch Doppelklick auf eine
      Zeitreihe und Auswahl von <guimenu>Standard Tabellen Editor</guimenu>
      wird die Zeitreihe in der Tabellen-Ansicht dargestellt (<xref
      linkend="navigation_tabelle_zml" />).</para>

      <figure id="navigation_ansichtsauswahl">
        <title>Ansichtsauswahl beim Öffnen einer Zeitreihe</title>

        <mediaobject>
          <imageobject>
            <imagedata align="center" fileref="img/gui/ansichtsauswahl.png"
                       scale="50" />
          </imageobject>
        </mediaobject>
      </figure>

      <figure id="navigation_tabelle_zml">
        <title>Navigation in der Tabellen-Ansicht (Zeitreihen)</title>

        <mediaobject>
          <imageobject>
            <imagedata align="center"
                       fileref="img/gui/tabellen-ansicht_zml.png" scale="30" />
          </imageobject>
        </mediaobject>
      </figure>

      <para>In der Tabellen-Ansicht können die Werte einer Zeitreihe editiert
      werden (Doppelklick in eine Zelle). Über das Plus- bzw. Minus-Symbol in
      der Werkzeugleiste können der Tabelle Zeilen hinzugefügt bzw. wieder
      entfernt werden.</para>

      <para>Wenn bereits eine Zeitreihe in der Tabellen-Ansicht geöffnet ist,
      können über Drag and Drop (linke Maustaste) aus dem Navigator in die
      Gliederung-Ansicht mehrere Zeitreihen dargestellt werden. Dies ist auch
      möglich, wenn es sich um Zeitreihen mit unterschiedlichen Einheiten
      handelt (Niederschlag, Abfluss, Wasserstand). Zusätzlich ist es in der
      Gliederungsansicht möglich, einzelne Datensätze einer Zeitreihe (z.B.
      Wasserstands- und Abflusswerte eines Pegels) individuell darstellen zu
      lassen oder in der Ansicht auszuschalten (Aktivieren bzw. Deaktivieren
      des Häkchens).</para>

      <para>Zum Speichern von geänderten Daten innerhalb einer Tabelle muss
      der Menüpunkt <guimenu>Tabelle &gt; Daten speichern</guimenu> gewählt
      werden. Alternativ kann auch die entsprechende Schaltfläche in der
      Menü-Leiste benutzt werden (siehe <xref
      linkend="pic_tabelle_button" />). Alle Änderungen in den Zeitreihen
      betreffen die lokal gespeicherte zml-Datei.</para>
    </section>

    <section id="gui-zml_diagramm_ansicht">
      <title>Diagramm-Ansicht (Zeitreihen)</title>

      <para>Durch Doppelklick auf eine Zeitreihe (*.zml) und Auswahl von
      <guimenu>Standard Diagramm Editor</guimenu> wird die Zeitreihe in der
      Diagramm-Ansicht dargestellt (siehe <xref
      linkend="navigation_diagramm_ansicht" />).</para>

      <para>Die Diagramm-Ansicht dient ausschließlich der schnellen Übersicht
      und Darstellung von Zeitreihen. Die Möglichkeit der
      Zeitreihenbearbeitung ist mit dem Werkzeug nicht vorgesehen. Zur
      komplexen Zeitreihenbearbeitung mittels Zeitreihen-Vorlagen (*.odt)
      steht das Grafikprogramm (siehe <xref
      linkend="zeitreihen_bearbeiten" />) zur Verfügung.</para>

      <para>Wenn bereits eine Zeitreihe in der Diagramm-Ansicht dargestellt
      ist, dann können über Drag and Drop (linke Maustaste) aus dem Navigator
      in die Gliederung-Ansicht mehrere Zeitreihen dargestellt werden.
      Voraussetzung ist allerdings, dass die Zeitreihen die gleiche Einheit
      auf der Ordinaten-Achse vorweisen. Zusätzlich ist es in der
      Gliederungsansicht möglich, einzelne Datensätze einer Zeitreihe (z.B.
      Wasserstands- und Abflusswerte eines Pegels) individuell darstellen zu
      lassen oder in der Ansicht auszuschalten (Aktivieren bzw. Deaktivieren
      des Häkchens).</para>

      <para>Zum Entfernen einer Zeitreihe aus der Diagramm-Ansicht dient das
      rote Kreuz oben rechts im Gliederung-Fenster.</para>

      <figure id="navigation_diagramm_ansicht">
        <title>Navigation in der Diagramm-Ansicht (QuickView)</title>

        <mediaobject>
          <imageobject>
            <imagedata fileref="img/gui/diagramm.png" scale="50" />
          </imageobject>
        </mediaobject>
      </figure>

      <para>Innerhalb der Diagramm-Ansicht steht eine Zoom-Funktion zur
      Verfügung. Um einen Abschnitt der Zeitreihe vergrößert darzustellen, ist
      der entsprechende Abschnitt durch Aufspannen eines Rechteckes mit der
      linken Maustaste zu markieren. Nach Setzen des ersten Zaun-Eckpunktes
      (obere linke Ecke) wird die linke Maustaste beim Aufspannen des Zaunes
      gedrückt gehalten. Um auf den Gesamtausschnitt zu zoomen, wird
      entgegengesetz (von rechter unteren Ecke nach links oben) gezoomt
      .</para>
    </section>
  </section>

  <section>
    <sectioninfo>
      <date><indexterm>
          <primary>Zeitreihenbearbeitung</primary>
        </indexterm></date>
    </sectioninfo>

    <title>Zeitreihenbearbeitung</title>

    <para>In der KALYPSO-Oberfläche wird als Zeitreihenformat ausschließlich
    das ZML-Format unterstützt. Andere Textfomate können jedoch problemlos
    über einen Import-Wizard in das ZML-Format überführt werden.</para>

    <section>
      <title>Importieren von Zeitreihen</title>

      <para>Liegt eine externe Zeitreihe im Dateisystem vor, so kann diese im
      Navigator durch die Importfunktion, welche durch das Menü der rechten
      Maustaste bereitgestellt wird, in das ZML-Format konvertiert werden.
      Hierzu ist als Importquelle <guimenuitem>Zeitreihen aus externen
      Dateien</guimenuitem> auszuwählen (siehe <xref
      linkend="gui_zml-import" />). Die Quellzeitreihe wird mit Speicherort
      und Format festgelegt und dann Abhängig vom Format (Datentyp &amp;
      Datenformat) in die Zielzeitreihe (*.zml-Zeitreihe) konvertiert.</para>

      <figure id="gui_zml-import">
        <title>Zeitreihenimport</title>

        <mediaobject>
          <imageobject>
            <imagedata align="center" fileref="img/gui/gui-zml_import.png"
                       scale="70" />
          </imageobject>
        </mediaobject>
      </figure>

      <para>Zur Zeit werden hierbei folgende Ausgangsformate
      unterstützt:</para>

      <itemizedlist>
        <listitem>
          <para>"grap"-Format</para>

          <para>Datentyp: Niederschlag - N, Abfluss - Q, Temperatur - T,
          Verdunstung - E, Wasserstand - W, Volumen - V</para>

          <para>Datenformat: Wertepaare mit Datum, Uhrzeit (sekundengenau) und
          Wert (durch Punkt getrennt).</para>

          <para>dd MM yyyy HH mm ss Wert1 dd MM yyyy HH mm ss Wert2</para>

          <para>Beispiel:</para>

          <para>01.01.1971 07:30:00 0.100 02.01.1971 07:30:00 0.000 03.01.1971
          07:30:00 0.000</para>
        </listitem>

        <listitem>
          <para>"csv"-Format</para>

          <para>Datentyp: Niederschlag - N, Abfluss - Q</para>

          <para>Datenformat: Wertepaare mit Datum, Uhrzeit (minutengenau) und
          Wert (durch Komma getrennt).</para>

          <para>dd MM yyyy HH mm Wert1 dd MM yyyy HH mm Wert2</para>

          <para>Beispiel:</para>

          <para>02.06.2002 16:30;0,0010 02.06.2002 17:30;0,0005</para>
        </listitem>

        <listitem>
          <para>"dat"-Format</para>

          <para>Datentyp: Abfluss - E</para>

          <para>Datenformat: Wertepaare mit Datum, Uhrzeit (sekundengenau) und
          Wert (durch Komma getrennt).</para>

          <para>dd MM yyyy HH mm ss Wert1 dd MM yyyy HH mm ss Wert2</para>

          <para>Beispiel:</para>

          <para>01.01.1971 07:30:00 0,1 02.01.1971 07:30:00 0 03.01.1971
          07:30:00 0</para>
        </listitem>

        <listitem>
          <para>"ex2"-Format</para>

          <para>Datentyp: Verdunstung - E</para>

          <para>Datenformat: Wertepaare mit Datum, Stunde und Wert (durch
          Punkt getrennt).</para>

          <para>dd MM yyyy HH Wert1 dd MM yyyy HH Wert2</para>

          <para>Beispiel:</para>

          <para>01 01 1971 12 0.127 02 01 1971 12 0.302 03 01 1971 12
          0.136</para>
        </listitem>
      </itemizedlist>
    </section>

    <section id="zeitreihen_bearbeiten">
      <title>Bearbeiten von Zeitreihen (Grafikprogramm)</title>

      <para>Neben der Darstellung der Zeitreihen im Diagramm-Quick-View
      beinhaltet die Oberfläche von KALYPSO auch ein Werkzeug zum Bearbeiten
      von Zeitreihen. Das Grafikprogramm bietet vielfältige Möglichkeiten zur
      Visualisierung, Bearbeitung und Auswertung von Zeitreihen. Für
      weitergehende Informationen wird an dieser Stelle auf die Online-Hilfe
      des Grafikprogramms verwiesen.</para>

      <para>Um das Grafikprogramm aus der KALYPSO-Oberfläche zu starten,
      können die zu öffnenden Zeitreihen dirket mit dem Grafikprogramm
      geöffnet oder in einer Diagramm-Vorlage (*.odt) abgespeichert werden.
      Dies kann unter <guimenu>Datei &gt; Speichern unter</guimenu> bei
      aktivierter Diagramm-Ansicht geschehen. Diagramm-Vorlagen können in
      einem beliebigen Ordner im lokalen Arbeitsbereich gespeichert werden. Zu
      beachten ist, dass die Dateiendung *.odt beim Speichern mit angegeben
      werden muss.</para>

      <para>Wird eine Diagramm-Vorlage im Navigator-Fenster markiert,
      erscheint in der Werkzeug-Leiste die Schaltfläche zum Öffnen der Vorlage
      im Grafikprogramm (<xref linkend="button_grafik_programm" />).</para>

      <figure id="button_grafik_programm">
        <title>Schaltfläche zum Öffnen des Grafik-Programms</title>

        <mediaobject>
          <imageobject>
            <imagedata fileref="img/gui/button-grafik.png" scale="50" />
          </imageobject>
        </mediaobject>
      </figure>

      <para>Durch Klick auf die Schaltfläche öffnet sich das Grafik-Programm
      mit den in der Diagramm-Vorlage abgespeicherten Zeitreihen.</para>
    </section>
  </section>

  <section id="grundfunktionen">
    <title>Grundfunktionen</title>

    <section id="modellverwaltung">
      <title>Modellverwaltung</title>

      <para>Im Expertenmodus kann der Benutzer beliebige Modelle vom Server in
      die Programmoberfläche von KALYPSO importieren bzw. bestehende Modelle
      öffnen, neue Modell-Varianten anlegen und Änderungen der Modelldateien
      bzw. neu angelegte Varianten wieder auf den Server zurückspeichern. Alle
      geöffneten Modelle werden zunächst in das lokale Arbeitsverzeichnis
      gespeichert. Gespeicherte Änderungen in den Modelldateien betreffen nur
      die lokal abgelegten Daten.</para>

      <para>Der Austausch von Modelldateien zwischen dem lokal geöffneten
      Modell und auf dem Server gespeicherten Modellen erfolgt in der
      KALYPSO-Oberfläche. Über das Menü <guimenu>Modell</guimenu> in der
      Hauptmenüleiste können auf dem Server gespeicherte Modelle importiert
      bzw. editierte Modelldateien auf den Server zurückgeschrieben werden. Im
      Einzelnen bestehen folgende Möglichkeiten (siehe <xref
      linkend="pic_menu_modell" />):</para>

      <figure id="pic_menu_modell">
        <title>Hauptmenü Modell</title>

        <mediaobject>
          <imageobject>
            <imagedata align="center" fileref="img/gui/expert_modell.png"
                       scale="50" />
          </imageobject>
        </mediaobject>
      </figure>

      <section id="menu_modell">
        <title>Modell vom Server laden</title>

        <para>Auf dem Server gespeicherte Modelle können in die
        KALYPSO-Oberfläche importiert werden. Bei Auswahl des Menü-Punktes
        erscheint eine Liste der verfügbaren Modelle. Durch Auswahl eines oder
        mehrerer Modelle werden diese in die KALYPSO-Oberfläche geladen. Die
        dazugehörigen Dateien werden im lokalen Arbeitsverzeichnis
        gespeichert. Werden Dateien oder Parameter des importierten Modells
        geändert und gespeichert, erfolgt lediglich eine lokale Speicherung
        der Änderungen. Die Original-Dateien auf dem Server bleiben hiervon
        unberührt.</para>
      </section>

      <section>
        <title>Modell aktualisieren</title>

        <para>Dieser Menüpunkt dient zum Aktualisieren der Dateien eines
        bereits geladenen Modells. Dabei werden alle vorhandenen (lokal
        gespeicherten) Dateien mit den auf dem Server befindlichen Dateien
        überschrieben (<emphasis>alle Änderungen gehen verloren!</emphasis>).
        Die aktualisierten Dateien werden in das lokale Arbeitsverzeichnis
        gespeichert.</para>
      </section>

      <section>
        <title>Modell zurückspeichern</title>

        <para>Mit diesem Menüpunkt werden alle lokal bearbeiteten
        Modelldateien auf dem Server gespeichert. Dies betrifft allerdings nur
        evtl. geänderte Modellparameter. Bei bestehenden Modellvarianten
        werden die bestehenden Dateien überschrieben. Neu angelegte Varianten
        werden unter der im lokalen Arbeitsverzeichnis verwendeten Bezeichnung
        auf dem Server abgelegt. Diese Option steht nur Benutzern mit
        Administratoren-Rechten zur Verfügung und ist mit Vorsicht anzuwenden,
        da auf dem Server gespeicherte Änderungen nicht rückgängig gemacht
        werden können. Bei Benutzern, die Expertenrechte besitzen, werden nur
        evtl. neu erstellte Modellvarianten auf dem Server abgelegt.</para>
      </section>

      <section>
        <title>Modell kopieren</title>

        <para>Bei Aktivierung dieses Menüpunktes wird eine neue Variante des
        bestehenden Modells angelegt. Dabei werden die bereits im im Modell
        vorhandenen Dateien unter der neuen Variante im lokalen
        Arbeitsverzeichnis als Kopie abgespeichert. Änderungen, die in den
        Dateien einer Modell-Variante vorgenommen werden, haben keine
        Auswirkung auf die Dateien anderer Varianten. Nach dem lokalen
        Speichern der Modelldateien kann die Variante optional auf den Server
        übertragen werden (andere Varianten werden nicht
        überschrieben).</para>
      </section>

      <section>
        <title>Verwaltung mit anderen Menüs</title>

        <para>Eine weitere Möglichkeit zum Öffnen eines bestehenden Projektes
        besteht über Aktivierung des Menüpunktes <guimenu
        id="menu_datei_neu_projekt">Datei &gt; Neu &gt; Projekt</guimenu>. Es
        folgt ein Auswahlfenster mit den zur Verfügung stehenden Datenquellen
        (Server). Im weiteren Verlauf wird der Benutzer durch die Strukturen
        des Servers geführt und erhält eine Liste mit den vorhanden Projekten.
        Diese können durch Bestätigung mit
        <guibutton>Fertigstellen</guibutton> in die Programmoberfläche geladen
        werden.</para>

        <para>Zum Löschen eines Projektes wird das entsprechende Projekt im
        Navigator-Fenster markiert und kann über <guimenu>Bearbeiten &gt;
        Löschen</guimenu> aus der Programmoberfläche entfernt werden. Beim
        Löschen des Projektes bestehen zwei Möglichkeiten:</para>

        <para><guimenu>Inhalt unter [Arbeitsverzeichnis] ebenfalls
        löschen</guimenu>: Es wird nicht nur der Projekt-Eintrag in der
        Programmoberfläche, sondern alle zugehörigen Dateien im lokalen
        Arbeitsverzeichnis endgültig gelöscht.</para>

        <para><guimenu>Inhalt nicht löschen</guimenu>: Es wird lediglich der
        Projekteintrag aus der Programmoberfläche entfernt. Die lokal
        gespeicherten Projektdateien bleiben erhalten, so dass das Projekt
        jederzeit wieder importiert werden kann.</para>
      </section>

      <section>
        <title>Hochwasser-Vorhersage durchführen</title>

        <para>Über diesen Menüpunkt wird der Vorhersage-Wizard gestartet. Dies
        ist lediglich möglich, wenn ein Vorhersagewizard für das Modell zuvor
        konfiguriert wurde.</para>
      </section>
    </section>

    <section>
      <title>Modellbearbeitung</title>

      <para>Im Expertenmodus können in einem geöffneten Modell eine Vielzahl
      von Änderungen durchgeführt werden. Dies betrifft sowohl die Änderung
      einzelner Modellparameter oder Zeitreihen als auch die gesamte
      Modellstruktur. Empfohlen wird, vor der Bearbeitung von Modellparametern
      eine neue Modellvariante anzulegen. Dies bietet den Vorteil, dass beim
      Speichern von Änderungen die Original-Dateien erhalten bleiben. Der
      ursprüngliche Modellzustand ist somit jederzeit wieder
      herstellbar.</para>

      <para>Für die Bearbeitung der Modellparameter stehen folgende Funktionen
      zur Verfügung:</para>

      <itemizedlist>
        <listitem>
          <para>Visualierung von Modelldaten in Tabellen, Karten oder
          Diagrammen</para>

          <para>Abhängig von der Datenart können die einzelnen Modellparameter
          in der Oberfläche dargestellt werden. Die Visualisierung der
          geo-basierten Modelldaten (z.B. Einzugsgebiete, Gewässernetz,
          Pegelstandorte) kann auf Grundlage von Shape-Dateien in Karten
          erfolgen. Die Modelldaten selbst (z.B. Einzugsgebietsfläche, Name
          eines Pegels) werden in Form von Tabellen dargestellt. Zur
          grafischen Darstellung von Zeitreihen ist eine Diagramm-Ansicht in
          der Oberfläche integriert (siehe <xref
          linkend="grundfunktionen" />).</para>
        </listitem>

        <listitem>
          <para>Editierung von Modellparametern in Tabellen oder
          Eingabemasken</para>

          <para>In Tabellen dargestellte Modellparameter können durch
          händische Eingabe editiert werden. Dabei stehen dem Benutzer die
          üblichen Funktionen wie Kopieren, Einfügen oder Suchen/Ersetzen von
          Daten zur Verfügung. Einige Parameter werden in Eingabemasken
          geändert.</para>
        </listitem>

        <listitem>
          <para>Zuweisung von Zeitreihen zum Modell</para>

          <para>Auf dem Server befindliche Zeitreihen können in das Modell
          übernommen werden und bestimmten Elementen zugeordnet werden
          (Pegelzeitreihen, Talsperrenabgaben), siehe auch <xref
          linkend="zeitreihen_repository" />.</para>
        </listitem>

        <listitem>
          <para>Definition von Rechenvarianten</para>

          <para>Innerhalb eines Modells können unterschiedliche
          Rechenvarianten definiert werden, die bspw. unterschiedliche
          Simulationräume oder Modellzustände beschreiben.</para>
        </listitem>

        <listitem>
          <para>Editierung von Steuerdaten und operativen Daten einer
          Rechenvariante</para>

          <para>Für definierte Rechenläufe sind die Steuerdaten (Zeitraum der
          Simulation) sowie die operativen Daten jederzeit änderbar. Die
          Rechenläufe werden in vordefinierten Verzeichnissen abgelegt, in
          denen die Parameter über Eingabemasken geändert werden
          können.</para>
        </listitem>
      </itemizedlist>

      <section id="modellbearbeitung">
        <title>Editieren von Modellparametern (Beispiel)</title>

        <para>Im nachfolgenden Abschnitt wird beispielhaft erläutert, wie
        Modelldaten in der KALYPSO-Oberfläche visualisiert und mit Hilfe der
        einzelnen Ansichten Änderungen in den Modellparametern vorgenommen
        werden können. Dazu werden in der KALYPSO-Oberfläche eine Karten- und
        eine Tabellenansicht geöffnet (<xref
        linkend="modellparameter_edit" />).</para>

        <figure id="modellparameter_edit">
          <title>Ansicht zur Änderung von Modellparametern</title>

          <mediaobject>
            <imageobject>
              <imagedata align="center"
                         fileref="img/gui/modellparameter_edit.png" scale="30" />
            </imageobject>
          </mediaobject>
        </figure>

        <para>Wird ein Teilgebiet in der Karte ausgewählt (Menüpunkt
        <guimenuitem>Feature Selektieren</guimenuitem> auf dem aktiven Layer),
        erfolgt gleichzeitig eine Markierung der entsprechenden Tabellenzeile.
        Genauso kann dieser Vorgang umgekehrt werden: Durch Markieren einer
        Zeile der Tabelle wird gleichzeitig das entsprechende Teilgebiet der
        Karte hervorgehoben.</para>

        <para>Zum Ändern von Modellparametern des ausgewählten Teilgebietes
        können die Werte in der Tabelle editiert werden. Im vorliegenden Fall
        wird der Faktor für die Gebietsniederschläge (faktn) des ausgewählten
        Teilgebietes auf 1,5 erhöht (<xref
        linkend="modellparameter_edit_gross" />).</para>

        <figure id="modellparameter_edit_gross">
          <title>Ändern eines Tabellen-Wertes</title>

          <mediaobject>
            <imageobject>
              <imagedata align="center"
                         fileref="img/gui/modellparameter_edit_gross.png"
                         scale="50" />
            </imageobject>
          </mediaobject>
        </figure>

        <para>Für globale Änderungen kann durch Selektion mehrerer
        Tabellenzeilen der Wert einer Zelle auch an alle weiteren übertragen
        werden. Hierzu sind zunächst alle Tabellenzeilen mit Hilfe der
        Shift-Taste zu selektieren. Im Anschluss an die Selektion ist in der
        zu übernehmenden Zelle durch drücken der rechten Maustaste die Option
        Wert übertragen verfügbar, welche dann auszuführen ist.</para>

        <para>Durch Auswahl des Menüs Tabelle -&gt; Daten speichern wird der
        geänderte Wert in die Modelldaten im lokalen Arbeitsverzeichnis
        übernommen. Diese Vorgehensweise kann auf alle Modelldaten angewendet
        werden. Beim Erstellen einer neuen Rechenvariante werden die
        geänderten Modelldaten mit in das jeweilige Verzeichnis
        übernommen.</para>
      </section>
    </section>

    <section>
      <title>Definition von Rechenvarianten</title>

      <para>Um Modellberechnungen aus dem Expertenmodus heraus zu starten,
      müssen vom Benutzer Rechenvarianten definiert werden. Die Informationen
      einer Rechenvariante werden vom Programm in einen zu definierenden
      Ordner gepeichert. In einem Modell können mehrere Rechenvarianten
      vorhanden sein, die entweder einzeln oder nacheinander abgearbeitet
      werden. Ferner ist es auch möglich, aus dem Expertenmodus direkt in den
      Vorhersage-Modus zu wechseln, um mit einem geöffneten Modell
      Hochwasser-Vorhersagen durchzuführen. Die Steuerung der Rechenläufe
      erfolgt über das Menü <guimenu>Rechenvariante</guimenu>.</para>

      <figure id="pic_menu_modell_unten">
        <title>Hauptmenü Rechenvariante</title>

        <mediaobject>
          <imageobject>
            <imagedata align="center"
                       fileref="img/gui/expert_rechenvariante.png" scale="50" />
          </imageobject>
        </mediaobject>
      </figure>

      <section id="modellberechnung">
        <title>Rechenvariante neu...</title>

        <para>Bei Auswahl dieses Menüpunktes wird eine neue Rechenvariante für
        das gerade aktive Modell definiert. Es folgt ein Auswahlfenster mit
        der Aufforderung zur Angabe eines Ordners, in den die Rechenvariante
        gepeichert werden soll. Empfohlen wird, vor dem Anlegen einer neuen
        Rechenvariante einen Ordner anzulegen, in dem alle Rechenvarianten in
        Form von Unterordnern abgelegt werden können. Nach Eingabe der
        Steuerparameter und Bestätigung der Angaben durch
        <guimenu>Fertigstellen</guimenu> werden die für die Berechnung
        benötigten Modelldateien vom Programm in das angegebene Verzeichnis
        kopiert.</para>
      </section>

      <section id="rechenvariante_laden">
        <title>Vom Server laden...</title>

        <para>Mit dieser Option können auf dem Server abgelegte
        Rechenvarianten in das aktuelle Modell geladen werden. Es erscheint
        eine Auswahl der auf dem Server archivierten Rechenvarianten. Nach
        Bestätigung durch Fertigstellen werden die Varianten unter gleichem
        Namen in den gleichen Unterordner kopiert, der in der Serverstruktur
        angezeigt wird. Die Zeitreihen einer Rechenvariante werden bei diesem
        Schritt nicht aktualisiert. Dies muss bei Bedarf mit dem Menüpunkt
        <guimenu>Zeitreihen aktualisieren</guimenu> vorgenommen werden.</para>
      </section>

      <section id="rechenvariante_kopieren">
        <title>Rechenvariante kopieren...</title>

        <para>Im lokalen Modellverzeichnis können bereits angelegte
        Rechenvarianten kopiert werden. Dabei wird der auszuwählende Ordner
        unter einem anderen Namen im gleichen Verzeichnis abgelegt. Alle
        Dateien der ausgewählten Rechenvariante werden in das neue Verzeichnis
        kopiert. D.h., dass alle Modell- und Steuerparameter, Randbedingungen
        etc. Eins zu Eins aus einer bestehenden Rechenvariante übernommen
        werden.</para>
      </section>

      <section id="rechenvariante_berechnung">
        <title>Berechnung durchführen</title>

        <para>Nach Auswahl eines Modells bzw. einer oder mehrerer
        Rechenvarianten im Navigator-Fenster können Modellberechnungen über
        diesen Menüpunkt durchgeführt werden. Es erscheint ein Auswahlfenster,
        in dem alle im Modell definierten Berechnungsvarianten aufgelistet
        werden. Durch das Häkchen vor dem Namen kann die jeweilige
        Rechenvariante aktiviert bzw. deaktiviert werden. Dabei können in
        einem Rechenlauf beliebig viele Varianten berechnet werden. Der
        aktuelle Fortschritt der Berechnung(en) wird mit Hilfe eines Balkens
        dargestellt. Nach erfolgreich durchgeführter Berechnung werden die
        Ergebnisse in Form von Zeitreihen in den Rechenlauf-Ordner
        gespeichert. Die Speicherung erfolgt im lokalen Arbeitsverzeichnis.
        Ggfs. müssen die berechneten Ergebnisse vom Benutzer auf den Server
        übertragen werden (siehe <xref
        linkend="rechenvariante_archivieren" />).</para>
      </section>

      <section id="rechenvariante_aktualisieren">
        <title>Zeitreihen aktualisieren</title>

        <para>Nach Auswahl der entsprechenden Rechenvarianten werden die im
        lokalen Verzeichnis gespeicherten Zeitreihen durch Auswahl dieses
        Menü-Punktes neu vom Server geladen. Die bereits vorhandenen
        Zeitreihen eines Rechenfalls werden überschrieben (Änderungen gehen
        verloren!). Die Wahl dieser Option ist dann sinnvoll, wenn Änderungen
        in den Zeitreihen zu verzeichnen sind. Bspw. wurde die ursprüngliche
        Rechenvariante mit Prognose-Zeitreihen berechnet und soll erneut mit
        gemessenen Zeitreihen berechnet werden. Auch bei manuell vorgenommenen
        Änderungen von Zeitreihen kann es notwendig werden, diese erneut vom
        Server einzulesen.</para>
      </section>

      <section id="rechenvariante_archivieren">
        <title>Archivieren</title>

        <para>Ausgewählte Rechenvarianten werden auf dem Server unter gleichem
        Namen wie im lokalen Verzeichnis abgelegt. Die Speicherung der
        Rechenvariante erfolgt innerhalb des Modellverzeichnisses auf dem
        Server. Existiert bereits eine gleichnamige Rechenvariante, ist eine
        Archivierung nicht möglich.</para>
      </section>
    </section>

    <section id="modellergebnisse">
      <title>Modellergebnisse</title>

      <para>Ergebnisse aus Modellberechnungen werden in den Unterordner
      <guimenu>Ergebnisse</guimenu> im jeweiligen Verzeichnis der
      Rechenvariante geschrieben. Modellabhängig handelt es sich hierbei um
      berechnete Abfluss-, Wasserstands- oder Talsperreninhalts-Zeitreihen,
      die für die entsprechenden Pegelstationen oder Talsperren im zml-Format
      herausgeschrieben werden. Die ausgegebenen Zeitreihen können in der
      Programmoberfläche auf verschiedene Weise visualisiert und
      weiterverarbeitet werden. Nach Doppelklick auf eine Zeitreihe öffnet
      sich ein Auswahlfenster, in dem der Benutzer verschiedene Möglichkeiten
      angezeigt bekommt:</para>

      <itemizedlist>
        <listitem>
          <para><emphasis>Visualisierung im Diagramm</emphasis></para>

          <para>Die Zeitreihe wird grafisch in einem Diagramm dargestellt.
          Ausrichtung und Beschriftung der Achsen erfolgen automatisch anhand
          der in der Zeitreihe enthaltenen Informationen. In der
          Diagramm-Ansicht besteht keine Möglichkeit zur Editierung der Daten.
          Dies kann durch Einlesen der Zeitreihe in das mitgelieferte
          Grafik-Programm realisiert werden, in dem eine Vielzahl von Optionen
          zur Visualierung und Editierung von Zeitreihen gegeben ist.</para>
        </listitem>

        <listitem>
          <para><emphasis>Anzeige in Tabellen</emphasis></para>

          <para>Die Werte einer Zeitreihe werden in Form einer Tabelle
          ausgegeben. Die Tabelle besteht aus einer Zeitspalte (Datum,
          Uhrzeit) und dem dazugehörigen Wert (Wasserstand, Abfluss). Alle in
          der Tabelle enthaltenen Werte können editiert werden. Es gelten die
          allgemeinen Änderungsoptionen, die in <xref
          linkend="ansichtssteuerung" /> beschrieben werden. Vorgenommene
          Änderungen werden über <guimenu>Datei &gt; Speichern</guimenu> in
          das Projektverzeichnis übernommen. Über <guimenu>Datei &gt;
          Speichern unter...</guimenu> kann die Tabelle in einen beliebigen
          Ordner im Projektverzeichnis gespeichert werden.</para>
        </listitem>

        <listitem>
          <para><emphasis>Versenden der Ergebnisse an das
          Berichtswesen</emphasis></para>

          <para>Dargestellte Diagramme und Tabellen können zur Dokumentation
          der Ergebnisse an das Berichtswesen exportiert werden.</para>

          <figure>
            <title>Menü Tabellen</title>

            <mediaobject>
              <imageobject>
                <imagedata align="center" fileref="img/gui/expert_tabelle.png"
                           scale="50" />
              </imageobject>
            </mediaobject>
          </figure>

          <para>Dabei werden nicht die Daten als solche, sondern lediglich
          Bilddateien (Diagramme und Lagepläne) bzw. Komma-getrennte Tabellen
          (csv-Format) exportiert. Bei Tabellen werden nur die angezeigten
          Spalten exportiert. Der Aufruf der Funktion erfolgt im jeweiligen
          Menü-Punkt (<guimenu
          id="menu_tabelle_berichtsablage">Tabelle</guimenu>, <guimenu
          id="menu_diagramm_berichtsablage">Diagramm</guimenu>) unter <guimenu
          id="menu_berichtsablage">Berichtsablage...</guimenu> . Es folgt eine
          Eingabemaske, in der zusätzliche Informationen zu der exportierten
          Datei eingetragen werden können (<xref
          linkend="pic_berichtsablage" />).</para>

          <figure id="pic_berichtsablage">
            <title>Eingabemaske zur Berichtsablage</title>

            <mediaobject>
              <imageobject>
                <imagedata align="center"
                           fileref="img/gui/expert_berichtsablage.png"
                           scale="50" />
              </imageobject>
            </mediaobject>
          </figure>
        </listitem>

        <listitem>
          <para><emphasis>Exportieren von Ergebnissen</emphasis></para>

          <para>Ergebnisdaten in Form von Tabellen können in einem
          Komma-getrennten Format exportiert werden (Menü <guimenu>Tabelle
          &gt; Exportieren...</guimenu>).</para>

          <figure>
            <title>Exportieren von Tabellen</title>

            <mediaobject>
              <imageobject>
                <imagedata align="center"
                           fileref="img/gui/expert_tabelle_export.png"
                           scale="50" />
              </imageobject>
            </mediaobject>
          </figure>

          <para>Als Export-Ziel kann ein beliebiges Verzeichnis gewählt
          werden. Die Tabelle wird unter einem anzugebenden Namen mit der
          Endung *.csv gespeichert und kann mit gängigen
          Tabellen-Kalkulationsprogrammen weiterverarbeitet werden.</para>
        </listitem>
      </itemizedlist>
    </section>
  </section>
</chapter>