<?xml version="1.0" encoding="UTF-8" standalone="yes"?>
<ns2:fewsOpenMI xmlns:ns2="http://www.wldelft.nl/fews/PI">
    <input directoryPath=".\OpenMI2PIdyn">
        <timeSeries units="m NHN" timeStep="P0Y0M0DT0H75M0S" quantity="water level" parameter="W" location="csn_00003" file="W_csn_00003.xml">
        </timeSeries>
        <timeSeries units="m³/s" timeStep="P0Y0M0DT0H75M0S" quantity="discharge" parameter="Q" location="csn_00003" file="Q_csn_00003.xml">
        </timeSeries>
        <timeSeries units="m NHN" timeStep="P0Y0M0DT0H75M0S" quantity="water level" parameter="W" location="csn_00004" file="W_csn_00004.xml">
        </timeSeries>
        <timeSeries units="m³/s" timeStep="P0Y0M0DT0H75M0S" quantity="discharge" parameter="Q" location="csn_00004" file="Q_csn_00004.xml">
        </timeSeries>
        <timeSeries units="m NHN" timeStep="P0Y0M0DT0H75M0S" quantity="water level" parameter="W" location="csn_00005" file="W_csn_00005.xml">
        </timeSeries>
        <timeSeries units="m³/s" timeStep="P0Y0M0DT0H75M0S" quantity="discharge" parameter="Q" location="csn_00005" file="Q_csn_00005.xml">
        </timeSeries>
        <timeSeries units="m NHN" timeStep="P0Y0M0DT0H75M0S" quantity="water level" parameter="W" location="csn_00006" file="W_csn_00006.xml">
        </timeSeries>
        <timeSeries units="m³/s" timeStep="P0Y0M0DT0H75M0S" quantity="discharge" parameter="Q" location="csn_00006" file="Q_csn_00006.xml">
        </timeSeries>
        <timeSeries units="m NHN" timeStep="P0Y0M0DT0H75M0S" quantity="water level" parameter="W" location="csn_00007" file="W_csn_00007.xml">
        </timeSeries>
        <timeSeries units="m³/s" timeStep="P0Y0M0DT0H75M0S" quantity="discharge" parameter="Q" location="csn_00007" file="Q_csn_00007.xml">
        </timeSeries>
        <timeSeries units="m NHN" timeStep="P0Y0M0DT0H75M0S" quantity="water level" parameter="W" location="csn_00008" file="W_csn_00008.xml">
        </timeSeries>
        <timeSeries units="m³/s" timeStep="P0Y0M0DT0H75M0S" quantity="discharge" parameter="Q" location="csn_00008" file="Q_csn_00008.xml">
        </timeSeries>
        <timeSeries units="m NHN" timeStep="P0Y0M0DT0H75M0S" quantity="water level" parameter="W" location="csn_00009" file="W_csn_00009.xml">
        </timeSeries>
        <timeSeries units="m³/s" timeStep="P0Y0M0DT0H75M0S" quantity="discharge" parameter="Q" location="csn_00009" file="Q_csn_00009.xml">
        </timeSeries>
        <timeSeries units="m NHN" timeStep="P0Y0M0DT0H75M0S" quantity="water level" parameter="W" location="csn_00010" file="W_csn_00010.xml">
        </timeSeries>
        <timeSeries units="m³/s" timeStep="P0Y0M0DT0H75M0S" quantity="discharge" parameter="Q" location="csn_00010" file="Q_csn_00010.xml">
        </timeSeries>
        <timeSeries units="m NHN" timeStep="P0Y0M0DT0H75M0S" quantity="water level" parameter="W" location="csn_00011" file="W_csn_00011.xml">
        </timeSeries>
        <timeSeries units="m³/s" timeStep="P0Y0M0DT0H75M0S" quantity="discharge" parameter="Q" location="csn_00011" file="Q_csn_00011.xml">
        </timeSeries>
        <timeSeries units="m NHN" timeStep="P0Y0M0DT0H75M0S" quantity="water level" parameter="W" location="csn_00012" file="W_csn_00012.xml">
        </timeSeries>
        <timeSeries units="m³/s" timeStep="P0Y0M0DT0H75M0S" quantity="discharge" parameter="Q" location="csn_00012" file="Q_csn_00012.xml">
        </timeSeries>
        <timeSeries units="m NHN" timeStep="P0Y0M0DT0H75M0S" quantity="water level" parameter="W" location="csn_00013" file="W_csn_00013.xml">
        </timeSeries>
        <timeSeries units="m³/s" timeStep="P0Y0M0DT0H75M0S" quantity="discharge" parameter="Q" location="csn_00013" file="Q_csn_00013.xml">
        </timeSeries>
        <timeSeries units="m NHN" timeStep="P0Y0M0DT0H75M0S" quantity="water level" parameter="W" location="csn_00014" file="W_csn_00014.xml">
        </timeSeries>
        <timeSeries units="m³/s" timeStep="P0Y0M0DT0H75M0S" quantity="discharge" parameter="Q" location="csn_00014" file="Q_csn_00014.xml">
        </timeSeries>
        <timeSeries units="m NHN" timeStep="P0Y0M0DT0H75M0S" quantity="water level" parameter="W" location="csn_00015" file="W_csn_00015.xml">
        </timeSeries>
        <timeSeries units="m³/s" timeStep="P0Y0M0DT0H75M0S" quantity="discharge" parameter="Q" location="csn_00015" file="Q_csn_00015.xml">
        </timeSeries>
        <timeSeries units="m NHN" timeStep="P0Y0M0DT0H75M0S" quantity="water level" parameter="W" location="csn_00016" file="W_csn_00016.xml">
        </timeSeries>
        <timeSeries units="m³/s" timeStep="P0Y0M0DT0H75M0S" quantity="discharge" parameter="Q" location="csn_00016" file="Q_csn_00016.xml">
        </timeSeries>
        <timeSeries units="m NHN" timeStep="P0Y0M0DT0H75M0S" quantity="water level" parameter="W" location="csn_00017" file="W_csn_00017.xml">
        </timeSeries>
        <timeSeries units="m³/s" timeStep="P0Y0M0DT0H75M0S" quantity="discharge" parameter="Q" location="csn_00017" file="Q_csn_00017.xml">
        </timeSeries>
        <timeSeries units="m NHN" timeStep="P0Y0M0DT0H75M0S" quantity="water level" parameter="W" location="csn_00018" file="W_csn_00018.xml">
        </timeSeries>
        <timeSeries units="m³/s" timeStep="P0Y0M0DT0H75M0S" quantity="discharge" parameter="Q" location="csn_00018" file="Q_csn_00018.xml">
        </timeSeries>
        <timeSeries units="m NHN" timeStep="P0Y0M0DT0H75M0S" quantity="water level" parameter="W" location="csn_00020" file="W_csn_00020.xml">
        </timeSeries>
        <timeSeries units="m³/s" timeStep="P0Y0M0DT0H75M0S" quantity="discharge" parameter="Q" location="csn_00020" file="Q_csn_00020.xml">
        </timeSeries>
        <timeSeries units="m NHN" timeStep="P0Y0M0DT0H75M0S" quantity="water level" parameter="W" location="csn_00021" file="W_csn_00021.xml">
        </timeSeries>
        <timeSeries units="m³/s" timeStep="P0Y0M0DT0H75M0S" quantity="discharge" parameter="Q" location="csn_00021" file="Q_csn_00021.xml">
        </timeSeries>
        <timeSeries units="m NHN" timeStep="P0Y0M0DT0H75M0S" quantity="water level" parameter="W" location="csn_00022" file="W_csn_00022.xml">
        </timeSeries>
        <timeSeries units="m³/s" timeStep="P0Y0M0DT0H75M0S" quantity="discharge" parameter="Q" location="csn_00022" file="Q_csn_00022.xml">
        </timeSeries>
        <timeSeries units="m NHN" timeStep="P0Y0M0DT0H75M0S" quantity="water level" parameter="W" location="csn_00023" file="W_csn_00023.xml">
        </timeSeries>
        <timeSeries units="m³/s" timeStep="P0Y0M0DT0H75M0S" quantity="discharge" parameter="Q" location="csn_00023" file="Q_csn_00023.xml">
        </timeSeries>
        <timeSeries units="m NHN" timeStep="P0Y0M0DT0H75M0S" quantity="water level" parameter="W" location="csn_00024" file="W_csn_00024.xml">
        </timeSeries>
        <timeSeries units="m³/s" timeStep="P0Y0M0DT0H75M0S" quantity="discharge" parameter="Q" location="csn_00024" file="Q_csn_00024.xml">
        </timeSeries>
        <timeSeries units="m NHN" timeStep="P0Y0M0DT0H75M0S" quantity="water level" parameter="W" location="csn_00025" file="W_csn_00025.xml">
        </timeSeries>
        <timeSeries units="m³/s" timeStep="P0Y0M0DT0H75M0S" quantity="discharge" parameter="Q" location="csn_00025" file="Q_csn_00025.xml">
        </timeSeries>
        <timeSeries units="m NHN" timeStep="P0Y0M0DT0H75M0S" quantity="water level" parameter="W" location="csn_00026" file="W_csn_00026.xml">
        </timeSeries>
        <timeSeries units="m³/s" timeStep="P0Y0M0DT0H75M0S" quantity="discharge" parameter="Q" location="csn_00026" file="Q_csn_00026.xml">
        </timeSeries>
        <timeSeries units="m NHN" timeStep="P0Y0M0DT0H75M0S" quantity="water level" parameter="W" location="csn_00027" file="W_csn_00027.xml">
        </timeSeries>
        <timeSeries units="m³/s" timeStep="P0Y0M0DT0H75M0S" quantity="discharge" parameter="Q" location="csn_00027" file="Q_csn_00027.xml">
        </timeSeries>
        <timeSeries units="m NHN" timeStep="P0Y0M0DT0H75M0S" quantity="water level" parameter="W" location="csn_00028" file="W_csn_00028.xml">
        </timeSeries>
        <timeSeries units="m³/s" timeStep="P0Y0M0DT0H75M0S" quantity="discharge" parameter="Q" location="csn_00028" file="Q_csn_00028.xml">
        </timeSeries>
        <timeSeries units="m NHN" timeStep="P0Y0M0DT0H75M0S" quantity="water level" parameter="W" location="csn_00029" file="W_csn_00029.xml">
        </timeSeries>
        <timeSeries units="m³/s" timeStep="P0Y0M0DT0H75M0S" quantity="discharge" parameter="Q" location="csn_00029" file="Q_csn_00029.xml">
        </timeSeries>
        <timeSeries units="m NHN" timeStep="P0Y0M0DT0H75M0S" quantity="water level" parameter="W" location="csn_00030" file="W_csn_00030.xml">
        </timeSeries>
        <timeSeries units="m³/s" timeStep="P0Y0M0DT0H75M0S" quantity="discharge" parameter="Q" location="csn_00030" file="Q_csn_00030.xml">
        </timeSeries>
        <timeSeries units="m NHN" timeStep="P0Y0M0DT0H75M0S" quantity="water level" parameter="W" location="csn_00031" file="W_csn_00031.xml">
        </timeSeries>
        <timeSeries units="m³/s" timeStep="P0Y0M0DT0H75M0S" quantity="discharge" parameter="Q" location="csn_00031" file="Q_csn_00031.xml">
        </timeSeries>
        <timeSeries units="m NHN" timeStep="P0Y0M0DT0H75M0S" quantity="water level" parameter="W" location="csn_00032" file="W_csn_00032.xml">
        </timeSeries>
        <timeSeries units="m³/s" timeStep="P0Y0M0DT0H75M0S" quantity="discharge" parameter="Q" location="csn_00032" file="Q_csn_00032.xml">
        </timeSeries>
        <timeSeries units="m NHN" timeStep="P0Y0M0DT0H75M0S" quantity="water level" parameter="W" location="csn_00033" file="W_csn_00033.xml">
        </timeSeries>
        <timeSeries units="m³/s" timeStep="P0Y0M0DT0H75M0S" quantity="discharge" parameter="Q" location="csn_00033" file="Q_csn_00033.xml">
        </timeSeries>
        <timeSeries units="m NHN" timeStep="P0Y0M0DT0H75M0S" quantity="water level" parameter="W" location="csn_00034" file="W_csn_00034.xml">
        </timeSeries>
        <timeSeries units="m³/s" timeStep="P0Y0M0DT0H75M0S" quantity="discharge" parameter="Q" location="csn_00034" file="Q_csn_00034.xml">
        </timeSeries>
        <timeSeries units="m NHN" timeStep="P0Y0M0DT0H75M0S" quantity="water level" parameter="W" location="csn_00035" file="W_csn_00035.xml">
        </timeSeries>
        <timeSeries units="m³/s" timeStep="P0Y0M0DT0H75M0S" quantity="discharge" parameter="Q" location="csn_00035" file="Q_csn_00035.xml">
        </timeSeries>
        <timeSeries units="m NHN" timeStep="P0Y0M0DT0H75M0S" quantity="water level" parameter="W" location="csn_00036" file="W_csn_00036.xml">
        </timeSeries>
        <timeSeries units="m³/s" timeStep="P0Y0M0DT0H75M0S" quantity="discharge" parameter="Q" location="csn_00036" file="Q_csn_00036.xml">
        </timeSeries>
        <timeSeries units="m NHN" timeStep="P0Y0M0DT0H75M0S" quantity="water level" parameter="W" location="csn_00037" file="W_csn_00037.xml">
        </timeSeries>
        <timeSeries units="m³/s" timeStep="P0Y0M0DT0H75M0S" quantity="discharge" parameter="Q" location="csn_00037" file="Q_csn_00037.xml">
        </timeSeries>
        <timeSeries units="m NHN" timeStep="P0Y0M0DT0H75M0S" quantity="water level" parameter="W" location="csn_00038" file="W_csn_00038.xml">
        </timeSeries>
        <timeSeries units="m³/s" timeStep="P0Y0M0DT0H75M0S" quantity="discharge" parameter="Q" location="csn_00038" file="Q_csn_00038.xml">
        </timeSeries>
        <timeSeries units="m NHN" timeStep="P0Y0M0DT0H75M0S" quantity="water level" parameter="W" location="csn_00039" file="W_csn_00039.xml">
        </timeSeries>
        <timeSeries units="m³/s" timeStep="P0Y0M0DT0H75M0S" quantity="discharge" parameter="Q" location="csn_00039" file="Q_csn_00039.xml">
        </timeSeries>
        <timeSeries units="m NHN" timeStep="P0Y0M0DT0H75M0S" quantity="water level" parameter="W" location="csn_00040" file="W_csn_00040.xml">
        </timeSeries>
        <timeSeries units="m³/s" timeStep="P0Y0M0DT0H75M0S" quantity="discharge" parameter="Q" location="csn_00040" file="Q_csn_00040.xml">
        </timeSeries>
        <timeSeries units="m NHN" timeStep="P0Y0M0DT0H75M0S" quantity="water level" parameter="W" location="csn_00041" file="W_csn_00041.xml">
        </timeSeries>
        <timeSeries units="m³/s" timeStep="P0Y0M0DT0H75M0S" quantity="discharge" parameter="Q" location="csn_00041" file="Q_csn_00041.xml">
        </timeSeries>
        <timeSeries units="m NHN" timeStep="P0Y0M0DT0H75M0S" quantity="water level" parameter="W" location="csn_00051" file="W_csn_00051.xml">
        </timeSeries>
        <timeSeries units="m³/s" timeStep="P0Y0M0DT0H75M0S" quantity="discharge" parameter="Q" location="csn_00051" file="Q_csn_00051.xml">
        </timeSeries>
        <timeSeries units="m NHN" timeStep="P0Y0M0DT0H75M0S" quantity="water level" parameter="W" location="csn_00052" file="W_csn_00052.xml">
        </timeSeries>
        <timeSeries units="m³/s" timeStep="P0Y0M0DT0H75M0S" quantity="discharge" parameter="Q" location="csn_00052" file="Q_csn_00052.xml">
        </timeSeries>
        <timeSeries units="m NHN" timeStep="P0Y0M0DT0H75M0S" quantity="water level" parameter="W" location="csn_00053" file="W_csn_00053.xml">
        </timeSeries>
        <timeSeries units="m³/s" timeStep="P0Y0M0DT0H75M0S" quantity="discharge" parameter="Q" location="csn_00053" file="Q_csn_00053.xml">
        </timeSeries>
        <timeSeries units="m NHN" timeStep="P0Y0M0DT0H75M0S" quantity="water level" parameter="W" location="csn_00054" file="W_csn_00054.xml">
        </timeSeries>
        <timeSeries units="m³/s" timeStep="P0Y0M0DT0H75M0S" quantity="discharge" parameter="Q" location="csn_00054" file="Q_csn_00054.xml">
        </timeSeries>
        <timeSeries units="m NHN" timeStep="P0Y0M0DT0H75M0S" quantity="water level" parameter="W" location="csn_00055" file="W_csn_00055.xml">
        </timeSeries>
        <timeSeries units="m³/s" timeStep="P0Y0M0DT0H75M0S" quantity="discharge" parameter="Q" location="csn_00055" file="Q_csn_00055.xml">
        </timeSeries>
        <timeSeries units="m NHN" timeStep="P0Y0M0DT0H75M0S" quantity="water level" parameter="W" location="csn_00056" file="W_csn_00056.xml">
        </timeSeries>
        <timeSeries units="m³/s" timeStep="P0Y0M0DT0H75M0S" quantity="discharge" parameter="Q" location="csn_00056" file="Q_csn_00056.xml">
        </timeSeries>
        <timeSeries units="m NHN" timeStep="P0Y0M0DT0H75M0S" quantity="water level" parameter="W" location="csn_00057" file="W_csn_00057.xml">
        </timeSeries>
        <timeSeries units="m³/s" timeStep="P0Y0M0DT0H75M0S" quantity="discharge" parameter="Q" location="csn_00057" file="Q_csn_00057.xml">
        </timeSeries>
        <timeSeries units="m NHN" timeStep="P0Y0M0DT0H75M0S" quantity="water level" parameter="W" location="csn_00058" file="W_csn_00058.xml">
        </timeSeries>
        <timeSeries units="m³/s" timeStep="P0Y0M0DT0H75M0S" quantity="discharge" parameter="Q" location="csn_00058" file="Q_csn_00058.xml">
        </timeSeries>
        <timeSeries units="m NHN" timeStep="P0Y0M0DT0H75M0S" quantity="water level" parameter="W" location="csn_00059" file="W_csn_00059.xml">
        </timeSeries>
        <timeSeries units="m³/s" timeStep="P0Y0M0DT0H75M0S" quantity="discharge" parameter="Q" location="csn_00059" file="Q_csn_00059.xml">
        </timeSeries>
        <timeSeries units="m NHN" timeStep="P0Y0M0DT0H75M0S" quantity="water level" parameter="W" location="csn_00060" file="W_csn_00060.xml">
        </timeSeries>
        <timeSeries units="m³/s" timeStep="P0Y0M0DT0H75M0S" quantity="discharge" parameter="Q" location="csn_00060" file="Q_csn_00060.xml">
        </timeSeries>
        <timeSeries units="m NHN" timeStep="P0Y0M0DT0H75M0S" quantity="water level" parameter="W" location="csn_00061" file="W_csn_00061.xml">
        </timeSeries>
        <timeSeries units="m³/s" timeStep="P0Y0M0DT0H75M0S" quantity="discharge" parameter="Q" location="csn_00061" file="Q_csn_00061.xml">
        </timeSeries>
        <timeSeries units="m NHN" timeStep="P0Y0M0DT0H75M0S" quantity="water level" parameter="W" location="csn_00062" file="W_csn_00062.xml">
        </timeSeries>
        <timeSeries units="m³/s" timeStep="P0Y0M0DT0H75M0S" quantity="discharge" parameter="Q" location="csn_00062" file="Q_csn_00062.xml">
        </timeSeries>
        <timeSeries units="m NHN" timeStep="P0Y0M0DT0H75M0S" quantity="water level" parameter="W" location="csn_00063" file="W_csn_00063.xml">
        </timeSeries>
        <timeSeries units="m³/s" timeStep="P0Y0M0DT0H75M0S" quantity="discharge" parameter="Q" location="csn_00063" file="Q_csn_00063.xml">
        </timeSeries>
        <timeSeries units="m NHN" timeStep="P0Y0M0DT0H75M0S" quantity="water level" parameter="W" location="csn_00064" file="W_csn_00064.xml">
        </timeSeries>
        <timeSeries units="m³/s" timeStep="P0Y0M0DT0H75M0S" quantity="discharge" parameter="Q" location="csn_00064" file="Q_csn_00064.xml">
        </timeSeries>
        <timeSeries units="m NHN" timeStep="P0Y0M0DT0H75M0S" quantity="water level" parameter="W" location="csn_00065" file="W_csn_00065.xml">
        </timeSeries>
        <timeSeries units="m³/s" timeStep="P0Y0M0DT0H75M0S" quantity="discharge" parameter="Q" location="csn_00065" file="Q_csn_00065.xml">
        </timeSeries>
        <timeSeries units="m NHN" timeStep="P0Y0M0DT0H75M0S" quantity="water level" parameter="W" location="csn_00066" file="W_csn_00066.xml">
        </timeSeries>
        <timeSeries units="m³/s" timeStep="P0Y0M0DT0H75M0S" quantity="discharge" parameter="Q" location="csn_00066" file="Q_csn_00066.xml">
        </timeSeries>
        <timeSeries units="m NHN" timeStep="P0Y0M0DT0H75M0S" quantity="water level" parameter="W" location="csn_00067" file="W_csn_00067.xml">
        </timeSeries>
        <timeSeries units="m³/s" timeStep="P0Y0M0DT0H75M0S" quantity="discharge" parameter="Q" location="csn_00067" file="Q_csn_00067.xml">
        </timeSeries>
        <timeSeries units="m NHN" timeStep="P0Y0M0DT0H75M0S" quantity="water level" parameter="W" location="csn_00068" file="W_csn_00068.xml">
        </timeSeries>
        <timeSeries units="m³/s" timeStep="P0Y0M0DT0H75M0S" quantity="discharge" parameter="Q" location="csn_00068" file="Q_csn_00068.xml">
        </timeSeries>
        <timeSeries units="m NHN" timeStep="P0Y0M0DT0H75M0S" quantity="water level" parameter="W" location="csn_00069" file="W_csn_00069.xml">
        </timeSeries>
        <timeSeries units="m³/s" timeStep="P0Y0M0DT0H75M0S" quantity="discharge" parameter="Q" location="csn_00069" file="Q_csn_00069.xml">
        </timeSeries>
        <timeSeries units="m NHN" timeStep="P0Y0M0DT0H75M0S" quantity="water level" parameter="W" location="csn_00070" file="W_csn_00070.xml">
        </timeSeries>
        <timeSeries units="m³/s" timeStep="P0Y0M0DT0H75M0S" quantity="discharge" parameter="Q" location="csn_00070" file="Q_csn_00070.xml">
        </timeSeries>
        <timeSeries units="m NHN" timeStep="P0Y0M0DT0H75M0S" quantity="water level" parameter="W" location="csn_00071" file="W_csn_00071.xml">
        </timeSeries>
        <timeSeries units="m³/s" timeStep="P0Y0M0DT0H75M0S" quantity="discharge" parameter="Q" location="csn_00071" file="Q_csn_00071.xml">
        </timeSeries>
        <timeSeries units="m NHN" timeStep="P0Y0M0DT0H75M0S" quantity="water level" parameter="W" location="csn_00072" file="W_csn_00072.xml">
        </timeSeries>
        <timeSeries units="m³/s" timeStep="P0Y0M0DT0H75M0S" quantity="discharge" parameter="Q" location="csn_00072" file="Q_csn_00072.xml">
        </timeSeries>
        <timeSeries units="m NHN" timeStep="P0Y0M0DT0H75M0S" quantity="water level" parameter="W" location="csn_00073" file="W_csn_00073.xml">
        </timeSeries>
        <timeSeries units="m³/s" timeStep="P0Y0M0DT0H75M0S" quantity="discharge" parameter="Q" location="csn_00073" file="Q_csn_00073.xml">
        </timeSeries>
        <timeSeries units="m NHN" timeStep="P0Y0M0DT0H75M0S" quantity="water level" parameter="W" location="csn_00074" file="W_csn_00074.xml">
        </timeSeries>
        <timeSeries units="m³/s" timeStep="P0Y0M0DT0H75M0S" quantity="discharge" parameter="Q" location="csn_00074" file="Q_csn_00074.xml">
        </timeSeries>
        <timeSeries units="m NHN" timeStep="P0Y0M0DT0H75M0S" quantity="water level" parameter="W" location="csn_00075" file="W_csn_00075.xml">
        </timeSeries>
        <timeSeries units="m³/s" timeStep="P0Y0M0DT0H75M0S" quantity="discharge" parameter="Q" location="csn_00075" file="Q_csn_00075.xml">
        </timeSeries>
        <timeSeries units="m NHN" timeStep="P0Y0M0DT0H75M0S" quantity="water level" parameter="W" location="csn_00076" file="W_csn_00076.xml">
        </timeSeries>
        <timeSeries units="m³/s" timeStep="P0Y0M0DT0H75M0S" quantity="discharge" parameter="Q" location="csn_00076" file="Q_csn_00076.xml">
        </timeSeries>
        <timeSeries units="m NHN" timeStep="P0Y0M0DT0H75M0S" quantity="water level" parameter="W" location="csn_00077" file="W_csn_00077.xml">
        </timeSeries>
        <timeSeries units="m³/s" timeStep="P0Y0M0DT0H75M0S" quantity="discharge" parameter="Q" location="csn_00077" file="Q_csn_00077.xml">
        </timeSeries>
        <timeSeries units="m NHN" timeStep="P0Y0M0DT0H75M0S" quantity="water level" parameter="W" location="csn_00078" file="W_csn_00078.xml">
        </timeSeries>
        <timeSeries units="m³/s" timeStep="P0Y0M0DT0H75M0S" quantity="discharge" parameter="Q" location="csn_00078" file="Q_csn_00078.xml">
        </timeSeries>
        <timeSeries units="m NHN" timeStep="P0Y0M0DT0H75M0S" quantity="water level" parameter="W" location="csn_00079" file="W_csn_00079.xml">
        </timeSeries>
        <timeSeries units="m³/s" timeStep="P0Y0M0DT0H75M0S" quantity="discharge" parameter="Q" location="csn_00079" file="Q_csn_00079.xml">
        </timeSeries>
        <timeSeries units="m NHN" timeStep="P0Y0M0DT0H75M0S" quantity="water level" parameter="W" location="csn_00080" file="W_csn_00080.xml">
        </timeSeries>
        <timeSeries units="m³/s" timeStep="P0Y0M0DT0H75M0S" quantity="discharge" parameter="Q" location="csn_00080" file="Q_csn_00080.xml">
        </timeSeries>
        <timeSeries units="m NHN" timeStep="P0Y0M0DT0H75M0S" quantity="water level" parameter="W" location="csn_00081" file="W_csn_00081.xml">
        </timeSeries>
        <timeSeries units="m³/s" timeStep="P0Y0M0DT0H75M0S" quantity="discharge" parameter="Q" location="csn_00081" file="Q_csn_00081.xml">
        </timeSeries>
        <timeSeries units="m NHN" timeStep="P0Y0M0DT0H75M0S" quantity="water level" parameter="W" location="csn_00082" file="W_csn_00082.xml">
        </timeSeries>
        <timeSeries units="m³/s" timeStep="P0Y0M0DT0H75M0S" quantity="discharge" parameter="Q" location="csn_00082" file="Q_csn_00082.xml">
        </timeSeries>
        <timeSeries units="m NHN" timeStep="P0Y0M0DT0H75M0S" quantity="water level" parameter="W" location="csn_00083" file="W_csn_00083.xml">
        </timeSeries>
        <timeSeries units="m³/s" timeStep="P0Y0M0DT0H75M0S" quantity="discharge" parameter="Q" location="csn_00083" file="Q_csn_00083.xml">
        </timeSeries>
        <timeSeries units="m NHN" timeStep="P0Y0M0DT0H75M0S" quantity="water level" parameter="W" location="csn_00084" file="W_csn_00084.xml">
        </timeSeries>
        <timeSeries units="m³/s" timeStep="P0Y0M0DT0H75M0S" quantity="discharge" parameter="Q" location="csn_00084" file="Q_csn_00084.xml">
        </timeSeries>
        <timeSeries units="m NHN" timeStep="P0Y0M0DT0H75M0S" quantity="water level" parameter="W" location="csn_00085" file="W_csn_00085.xml">
        </timeSeries>
        <timeSeries units="m³/s" timeStep="P0Y0M0DT0H75M0S" quantity="discharge" parameter="Q" location="csn_00085" file="Q_csn_00085.xml">
        </timeSeries>
        <timeSeries units="m NHN" timeStep="P0Y0M0DT0H75M0S" quantity="water level" parameter="W" location="csn_00086" file="W_csn_00086.xml">
        </timeSeries>
        <timeSeries units="m³/s" timeStep="P0Y0M0DT0H75M0S" quantity="discharge" parameter="Q" location="csn_00086" file="Q_csn_00086.xml">
        </timeSeries>
        <timeSeries units="m NHN" timeStep="P0Y0M0DT0H75M0S" quantity="water level" parameter="W" location="csn_00087" file="W_csn_00087.xml">
        </timeSeries>
        <timeSeries units="m³/s" timeStep="P0Y0M0DT0H75M0S" quantity="discharge" parameter="Q" location="csn_00087" file="Q_csn_00087.xml">
        </timeSeries>
        <timeSeries units="m NHN" timeStep="P0Y0M0DT0H75M0S" quantity="water level" parameter="W" location="csn_00088" file="W_csn_00088.xml">
        </timeSeries>
        <timeSeries units="m³/s" timeStep="P0Y0M0DT0H75M0S" quantity="discharge" parameter="Q" location="csn_00088" file="Q_csn_00088.xml">
        </timeSeries>
        <timeSeries units="m NHN" timeStep="P0Y0M0DT0H75M0S" quantity="water level" parameter="W" location="csn_00089" file="W_csn_00089.xml">
        </timeSeries>
        <timeSeries units="m³/s" timeStep="P0Y0M0DT0H75M0S" quantity="discharge" parameter="Q" location="csn_00089" file="Q_csn_00089.xml">
        </timeSeries>
        <timeSeries units="m NHN" timeStep="P0Y0M0DT0H75M0S" quantity="water level" parameter="W" location="csn_00090" file="W_csn_00090.xml">
        </timeSeries>
        <timeSeries units="m³/s" timeStep="P0Y0M0DT0H75M0S" quantity="discharge" parameter="Q" location="csn_00090" file="Q_csn_00090.xml">
        </timeSeries>
        <timeSeries units="m NHN" timeStep="P0Y0M0DT0H75M0S" quantity="water level" parameter="W" location="csn_00091" file="W_csn_00091.xml">
        </timeSeries>
        <timeSeries units="m³/s" timeStep="P0Y0M0DT0H75M0S" quantity="discharge" parameter="Q" location="csn_00091" file="Q_csn_00091.xml">
        </timeSeries>
        <timeSeries units="m NHN" timeStep="P0Y0M0DT0H75M0S" quantity="water level" parameter="W" location="csn_00092" file="W_csn_00092.xml">
        </timeSeries>
        <timeSeries units="m³/s" timeStep="P0Y0M0DT0H75M0S" quantity="discharge" parameter="Q" location="csn_00092" file="Q_csn_00092.xml">
        </timeSeries>
        <timeSeries units="m NHN" timeStep="P0Y0M0DT0H75M0S" quantity="water level" parameter="W" location="csn_00093" file="W_csn_00093.xml">
        </timeSeries>
        <timeSeries units="m³/s" timeStep="P0Y0M0DT0H75M0S" quantity="discharge" parameter="Q" location="csn_00093" file="Q_csn_00093.xml">
        </timeSeries>
        <timeSeries units="m NHN" timeStep="P0Y0M0DT0H75M0S" quantity="water level" parameter="W" location="csn_00094" file="W_csn_00094.xml">
        </timeSeries>
        <timeSeries units="m³/s" timeStep="P0Y0M0DT0H75M0S" quantity="discharge" parameter="Q" location="csn_00094" file="Q_csn_00094.xml">
        </timeSeries>
        <timeSeries units="m NHN" timeStep="P0Y0M0DT0H75M0S" quantity="water level" parameter="W" location="csn_00095" file="W_csn_00095.xml">
        </timeSeries>
        <timeSeries units="m³/s" timeStep="P0Y0M0DT0H75M0S" quantity="discharge" parameter="Q" location="csn_00095" file="Q_csn_00095.xml">
        </timeSeries>
        <timeSeries units="m NHN" timeStep="P0Y0M0DT0H75M0S" quantity="water level" parameter="W" location="csn_00096" file="W_csn_00096.xml">
        </timeSeries>
        <timeSeries units="m³/s" timeStep="P0Y0M0DT0H75M0S" quantity="discharge" parameter="Q" location="csn_00096" file="Q_csn_00096.xml">
        </timeSeries>
        <timeSeries units="m NHN" timeStep="P0Y0M0DT0H75M0S" quantity="water level" parameter="W" location="csn_00097" file="W_csn_00097.xml">
        </timeSeries>
        <timeSeries units="m³/s" timeStep="P0Y0M0DT0H75M0S" quantity="discharge" parameter="Q" location="csn_00097" file="Q_csn_00097.xml">
        </timeSeries>
        <timeSeries units="m NHN" timeStep="P0Y0M0DT0H75M0S" quantity="water level" parameter="W" location="csn_00098" file="W_csn_00098.xml">
        </timeSeries>
        <timeSeries units="m³/s" timeStep="P0Y0M0DT0H75M0S" quantity="discharge" parameter="Q" location="csn_00098" file="Q_csn_00098.xml">
        </timeSeries>
        <timeSeries units="m NHN" timeStep="P0Y0M0DT0H75M0S" quantity="water level" parameter="W" location="csn_00099" file="W_csn_00099.xml">
        </timeSeries>
        <timeSeries units="m³/s" timeStep="P0Y0M0DT0H75M0S" quantity="discharge" parameter="Q" location="csn_00099" file="Q_csn_00099.xml">
        </timeSeries>
        <timeSeries units="m NHN" timeStep="P0Y0M0DT0H75M0S" quantity="water level" parameter="W" location="csn_00100" file="W_csn_00100.xml">
        </timeSeries>
        <timeSeries units="m³/s" timeStep="P0Y0M0DT0H75M0S" quantity="discharge" parameter="Q" location="csn_00100" file="Q_csn_00100.xml">
        </timeSeries>
        <timeSeries units="m NHN" timeStep="P0Y0M0DT0H75M0S" quantity="water level" parameter="W" location="csn_00101" file="W_csn_00101.xml">
        </timeSeries>
        <timeSeries units="m³/s" timeStep="P0Y0M0DT0H75M0S" quantity="discharge" parameter="Q" location="csn_00101" file="Q_csn_00101.xml">
        </timeSeries>
        <timeSeries units="m NHN" timeStep="P0Y0M0DT0H75M0S" quantity="water level" parameter="W" location="csn_00102" file="W_csn_00102.xml">
        </timeSeries>
        <timeSeries units="m³/s" timeStep="P0Y0M0DT0H75M0S" quantity="discharge" parameter="Q" location="csn_00102" file="Q_csn_00102.xml">
        </timeSeries>
        <timeSeries units="m NHN" timeStep="P0Y0M0DT0H75M0S" quantity="water level" parameter="W" location="csn_00103" file="W_csn_00103.xml">
        </timeSeries>
        <timeSeries units="m³/s" timeStep="P0Y0M0DT0H75M0S" quantity="discharge" parameter="Q" location="csn_00103" file="Q_csn_00103.xml">
        </timeSeries>
        <timeSeries units="m NHN" timeStep="P0Y0M0DT0H75M0S" quantity="water level" parameter="W" location="csn_00104" file="W_csn_00104.xml">
        </timeSeries>
        <timeSeries units="m³/s" timeStep="P0Y0M0DT0H75M0S" quantity="discharge" parameter="Q" location="csn_00104" file="Q_csn_00104.xml">
        </timeSeries>
        <timeSeries units="m NHN" timeStep="P0Y0M0DT0H75M0S" quantity="water level" parameter="W" location="csn_00105" file="W_csn_00105.xml">
        </timeSeries>
        <timeSeries units="m³/s" timeStep="P0Y0M0DT0H75M0S" quantity="discharge" parameter="Q" location="csn_00105" file="Q_csn_00105.xml">
        </timeSeries>
        <timeSeries units="m NHN" timeStep="P0Y0M0DT0H75M0S" quantity="water level" parameter="W" location="csn_00106" file="W_csn_00106.xml">
        </timeSeries>
        <timeSeries units="m³/s" timeStep="P0Y0M0DT0H75M0S" quantity="discharge" parameter="Q" location="csn_00106" file="Q_csn_00106.xml">
        </timeSeries>
        <timeSeries units="m NHN" timeStep="P0Y0M0DT0H75M0S" quantity="water level" parameter="W" location="csn_00107" file="W_csn_00107.xml">
        </timeSeries>
        <timeSeries units="m³/s" timeStep="P0Y0M0DT0H75M0S" quantity="discharge" parameter="Q" location="csn_00107" file="Q_csn_00107.xml">
        </timeSeries>
        <timeSeries units="m NHN" timeStep="P0Y0M0DT0H75M0S" quantity="water level" parameter="W" location="csn_00108" file="W_csn_00108.xml">
        </timeSeries>
        <timeSeries units="m³/s" timeStep="P0Y0M0DT0H75M0S" quantity="discharge" parameter="Q" location="csn_00108" file="Q_csn_00108.xml">
        </timeSeries>
        <timeSeries units="m NHN" timeStep="P0Y0M0DT0H75M0S" quantity="water level" parameter="W" location="csn_00109" file="W_csn_00109.xml">
        </timeSeries>
        <timeSeries units="m³/s" timeStep="P0Y0M0DT0H75M0S" quantity="discharge" parameter="Q" location="csn_00109" file="Q_csn_00109.xml">
        </timeSeries>
        <timeSeries units="m NHN" timeStep="P0Y0M0DT0H75M0S" quantity="water level" parameter="W" location="csn_00110" file="W_csn_00110.xml">
        </timeSeries>
        <timeSeries units="m³/s" timeStep="P0Y0M0DT0H75M0S" quantity="discharge" parameter="Q" location="csn_00110" file="Q_csn_00110.xml">
        </timeSeries>
        <timeSeries units="m NHN" timeStep="P0Y0M0DT0H75M0S" quantity="water level" parameter="W" location="csn_00111" file="W_csn_00111.xml">
        </timeSeries>
        <timeSeries units="m³/s" timeStep="P0Y0M0DT0H75M0S" quantity="discharge" parameter="Q" location="csn_00111" file="Q_csn_00111.xml">
        </timeSeries>
        <timeSeries units="m NHN" timeStep="P0Y0M0DT0H75M0S" quantity="water level" parameter="W" location="csn_00112" file="W_csn_00112.xml">
        </timeSeries>
        <timeSeries units="m³/s" timeStep="P0Y0M0DT0H75M0S" quantity="discharge" parameter="Q" location="csn_00112" file="Q_csn_00112.xml">
        </timeSeries>
        <timeSeries units="m NHN" timeStep="P0Y0M0DT0H75M0S" quantity="water level" parameter="W" location="csn_00113" file="W_csn_00113.xml">
        </timeSeries>
        <timeSeries units="m³/s" timeStep="P0Y0M0DT0H75M0S" quantity="discharge" parameter="Q" location="csn_00113" file="Q_csn_00113.xml">
        </timeSeries>
        <timeSeries units="m NHN" timeStep="P0Y0M0DT0H75M0S" quantity="water level" parameter="W" location="csn_00114" file="W_csn_00114.xml">
        </timeSeries>
        <timeSeries units="m³/s" timeStep="P0Y0M0DT0H75M0S" quantity="discharge" parameter="Q" location="csn_00114" file="Q_csn_00114.xml">
        </timeSeries>
        <timeSeries units="m NHN" timeStep="P0Y0M0DT0H75M0S" quantity="water level" parameter="W" location="csn_00115" file="W_csn_00115.xml">
        </timeSeries>
        <timeSeries units="m³/s" timeStep="P0Y0M0DT0H75M0S" quantity="discharge" parameter="Q" location="csn_00115" file="Q_csn_00115.xml">
        </timeSeries>
        <timeSeries units="m NHN" timeStep="P0Y0M0DT0H75M0S" quantity="water level" parameter="W" location="csn_00116" file="W_csn_00116.xml">
        </timeSeries>
        <timeSeries units="m³/s" timeStep="P0Y0M0DT0H75M0S" quantity="discharge" parameter="Q" location="csn_00116" file="Q_csn_00116.xml">
        </timeSeries>
        <timeSeries units="m NHN" timeStep="P0Y0M0DT0H75M0S" quantity="water level" parameter="W" location="csn_00117" file="W_csn_00117.xml">
        </timeSeries>
        <timeSeries units="m³/s" timeStep="P0Y0M0DT0H75M0S" quantity="discharge" parameter="Q" location="csn_00117" file="Q_csn_00117.xml">
        </timeSeries>
        <timeSeries units="m NHN" timeStep="P0Y0M0DT0H75M0S" quantity="water level" parameter="W" location="csn_00118" file="W_csn_00118.xml">
        </timeSeries>
        <timeSeries units="m³/s" timeStep="P0Y0M0DT0H75M0S" quantity="discharge" parameter="Q" location="csn_00118" file="Q_csn_00118.xml">
        </timeSeries>
        <timeSeries units="m NHN" timeStep="P0Y0M0DT0H75M0S" quantity="water level" parameter="W" location="csn_00119" file="W_csn_00119.xml">
        </timeSeries>
        <timeSeries units="m³/s" timeStep="P0Y0M0DT0H75M0S" quantity="discharge" parameter="Q" location="csn_00119" file="Q_csn_00119.xml">
        </timeSeries>
        <timeSeries units="m NHN" timeStep="P0Y0M0DT0H75M0S" quantity="water level" parameter="W" location="csn_00120" file="W_csn_00120.xml">
        </timeSeries>
        <timeSeries units="m³/s" timeStep="P0Y0M0DT0H75M0S" quantity="discharge" parameter="Q" location="csn_00120" file="Q_csn_00120.xml">
        </timeSeries>
        <timeSeries units="m NHN" timeStep="P0Y0M0DT0H75M0S" quantity="water level" parameter="W" location="csn_00121" file="W_csn_00121.xml">
        </timeSeries>
        <timeSeries units="m³/s" timeStep="P0Y0M0DT0H75M0S" quantity="discharge" parameter="Q" location="csn_00121" file="Q_csn_00121.xml">
        </timeSeries>
        <timeSeries units="m NHN" timeStep="P0Y0M0DT0H75M0S" quantity="water level" parameter="W" location="csn_00122" file="W_csn_00122.xml">
        </timeSeries>
        <timeSeries units="m³/s" timeStep="P0Y0M0DT0H75M0S" quantity="discharge" parameter="Q" location="csn_00122" file="Q_csn_00122.xml">
        </timeSeries>
        <timeSeries units="m NHN" timeStep="P0Y0M0DT0H75M0S" quantity="water level" parameter="W" location="csn_00123" file="W_csn_00123.xml">
        </timeSeries>
        <timeSeries units="m³/s" timeStep="P0Y0M0DT0H75M0S" quantity="discharge" parameter="Q" location="csn_00123" file="Q_csn_00123.xml">
        </timeSeries>
        <timeSeries units="m NHN" timeStep="P0Y0M0DT0H75M0S" quantity="water level" parameter="W" location="csn_00124" file="W_csn_00124.xml">
        </timeSeries>
        <timeSeries units="m³/s" timeStep="P0Y0M0DT0H75M0S" quantity="discharge" parameter="Q" location="csn_00124" file="Q_csn_00124.xml">
        </timeSeries>
        <timeSeries units="m NHN" timeStep="P0Y0M0DT0H75M0S" quantity="water level" parameter="W" location="csn_00125" file="W_csn_00125.xml">
        </timeSeries>
        <timeSeries units="m³/s" timeStep="P0Y0M0DT0H75M0S" quantity="discharge" parameter="Q" location="csn_00125" file="Q_csn_00125.xml">
        </timeSeries>
        <timeSeries units="m NHN" timeStep="P0Y0M0DT0H75M0S" quantity="water level" parameter="W" location="csn_00126" file="W_csn_00126.xml">
        </timeSeries>
        <timeSeries units="m³/s" timeStep="P0Y0M0DT0H75M0S" quantity="discharge" parameter="Q" location="csn_00126" file="Q_csn_00126.xml">
        </timeSeries>
        <timeSeries units="m NHN" timeStep="P0Y0M0DT0H75M0S" quantity="water level" parameter="W" location="csn_00127" file="W_csn_00127.xml">
        </timeSeries>
        <timeSeries units="m³/s" timeStep="P0Y0M0DT0H75M0S" quantity="discharge" parameter="Q" location="csn_00127" file="Q_csn_00127.xml">
        </timeSeries>
        <timeSeries units="m NHN" timeStep="P0Y0M0DT0H75M0S" quantity="water level" parameter="W" location="csn_00128" file="W_csn_00128.xml">
        </timeSeries>
        <timeSeries units="m³/s" timeStep="P0Y0M0DT0H75M0S" quantity="discharge" parameter="Q" location="csn_00128" file="Q_csn_00128.xml">
        </timeSeries>
        <timeSeries units="m NHN" timeStep="P0Y0M0DT0H75M0S" quantity="water level" parameter="W" location="csn_00129" file="W_csn_00129.xml">
        </timeSeries>
        <timeSeries units="m³/s" timeStep="P0Y0M0DT0H75M0S" quantity="discharge" parameter="Q" location="csn_00129" file="Q_csn_00129.xml">
        </timeSeries>
        <timeSeries units="m NHN" timeStep="P0Y0M0DT0H75M0S" quantity="water level" parameter="W" location="csn_00130" file="W_csn_00130.xml">
        </timeSeries>
        <timeSeries units="m³/s" timeStep="P0Y0M0DT0H75M0S" quantity="discharge" parameter="Q" location="csn_00130" file="Q_csn_00130.xml">
        </timeSeries>
        <timeSeries units="m NHN" timeStep="P0Y0M0DT0H75M0S" quantity="water level" parameter="W" location="csn_00131" file="W_csn_00131.xml">
        </timeSeries>
        <timeSeries units="m³/s" timeStep="P0Y0M0DT0H75M0S" quantity="discharge" parameter="Q" location="csn_00131" file="Q_csn_00131.xml">
        </timeSeries>
        <timeSeries units="m NHN" timeStep="P0Y0M0DT0H75M0S" quantity="water level" parameter="W" location="csn_00132" file="W_csn_00132.xml">
        </timeSeries>
        <timeSeries units="m³/s" timeStep="P0Y0M0DT0H75M0S" quantity="discharge" parameter="Q" location="csn_00132" file="Q_csn_00132.xml">
        </timeSeries>
        <timeSeries units="m NHN" timeStep="P0Y0M0DT0H75M0S" quantity="water level" parameter="W" location="csn_00133" file="W_csn_00133.xml">
        </timeSeries>
        <timeSeries units="m³/s" timeStep="P0Y0M0DT0H75M0S" quantity="discharge" parameter="Q" location="csn_00133" file="Q_csn_00133.xml">
        </timeSeries>
        <timeSeries units="m NHN" timeStep="P0Y0M0DT0H75M0S" quantity="water level" parameter="W" location="csn_00134" file="W_csn_00134.xml">
        </timeSeries>
        <timeSeries units="m³/s" timeStep="P0Y0M0DT0H75M0S" quantity="discharge" parameter="Q" location="csn_00134" file="Q_csn_00134.xml">
        </timeSeries>
        <timeSeries units="m NHN" timeStep="P0Y0M0DT0H75M0S" quantity="water level" parameter="W" location="csn_00136" file="W_csn_00136.xml">
        </timeSeries>
        <timeSeries units="m³/s" timeStep="P0Y0M0DT0H75M0S" quantity="discharge" parameter="Q" location="csn_00136" file="Q_csn_00136.xml">
        </timeSeries>
        <timeSeries units="m NHN" timeStep="P0Y0M0DT0H75M0S" quantity="water level" parameter="W" location="csn_00137" file="W_csn_00137.xml">
        </timeSeries>
        <timeSeries units="m³/s" timeStep="P0Y0M0DT0H75M0S" quantity="discharge" parameter="Q" location="csn_00137" file="Q_csn_00137.xml">
        </timeSeries>
        <timeSeries units="m NHN" timeStep="P0Y0M0DT0H75M0S" quantity="water level" parameter="W" location="csn_00138" file="W_csn_00138.xml">
        </timeSeries>
        <timeSeries units="m³/s" timeStep="P0Y0M0DT0H75M0S" quantity="discharge" parameter="Q" location="csn_00138" file="Q_csn_00138.xml">
        </timeSeries>
        <timeSeries units="m NHN" timeStep="P0Y0M0DT0H75M0S" quantity="water level" parameter="W" location="csn_00139" file="W_csn_00139.xml">
        </timeSeries>
        <timeSeries units="m³/s" timeStep="P0Y0M0DT0H75M0S" quantity="discharge" parameter="Q" location="csn_00139" file="Q_csn_00139.xml">
        </timeSeries>
        <timeSeries units="m NHN" timeStep="P0Y0M0DT0H75M0S" quantity="water level" parameter="W" location="csn_00140" file="W_csn_00140.xml">
        </timeSeries>
        <timeSeries units="m³/s" timeStep="P0Y0M0DT0H75M0S" quantity="discharge" parameter="Q" location="csn_00140" file="Q_csn_00140.xml">
        </timeSeries>
        <timeSeries units="m NHN" timeStep="P0Y0M0DT0H75M0S" quantity="water level" parameter="W" location="csn_00146" file="W_csn_00146.xml">
        </timeSeries>
        <timeSeries units="m³/s" timeStep="P0Y0M0DT0H75M0S" quantity="discharge" parameter="Q" location="csn_00146" file="Q_csn_00146.xml">
        </timeSeries>
        <timeSeries units="m NHN" timeStep="P0Y0M0DT0H75M0S" quantity="water level" parameter="W" location="csn_00147" file="W_csn_00147.xml">
        </timeSeries>
        <timeSeries units="m³/s" timeStep="P0Y0M0DT0H75M0S" quantity="discharge" parameter="Q" location="csn_00147" file="Q_csn_00147.xml">
        </timeSeries>
        <timeSeries units="m NHN" timeStep="P0Y0M0DT0H75M0S" quantity="water level" parameter="W" location="csn_00148" file="W_csn_00148.xml">
        </timeSeries>
        <timeSeries units="m³/s" timeStep="P0Y0M0DT0H75M0S" quantity="discharge" parameter="Q" location="csn_00148" file="Q_csn_00148.xml">
        </timeSeries>
        <timeSeries units="m NHN" timeStep="P0Y0M0DT0H75M0S" quantity="water level" parameter="W" location="csn_00149" file="W_csn_00149.xml">
        </timeSeries>
        <timeSeries units="m³/s" timeStep="P0Y0M0DT0H75M0S" quantity="discharge" parameter="Q" location="csn_00149" file="Q_csn_00149.xml">
        </timeSeries>
        <timeSeries units="m NHN" timeStep="P0Y0M0DT0H75M0S" quantity="water level" parameter="W" location="csn_00150" file="W_csn_00150.xml">
        </timeSeries>
        <timeSeries units="m³/s" timeStep="P0Y0M0DT0H75M0S" quantity="discharge" parameter="Q" location="csn_00150" file="Q_csn_00150.xml">
        </timeSeries>
        <timeSeries units="m NHN" timeStep="P0Y0M0DT0H75M0S" quantity="water level" parameter="W" location="csn_00151" file="W_csn_00151.xml">
        </timeSeries>
        <timeSeries units="m³/s" timeStep="P0Y0M0DT0H75M0S" quantity="discharge" parameter="Q" location="csn_00151" file="Q_csn_00151.xml">
        </timeSeries>
        <timeSeries units="m NHN" timeStep="P0Y0M0DT0H75M0S" quantity="water level" parameter="W" location="csn_00152" file="W_csn_00152.xml">
        </timeSeries>
        <timeSeries units="m³/s" timeStep="P0Y0M0DT0H75M0S" quantity="discharge" parameter="Q" location="csn_00152" file="Q_csn_00152.xml">
        </timeSeries>
        <timeSeries units="m NHN" timeStep="P0Y0M0DT0H75M0S" quantity="water level" parameter="W" location="csn_00153" file="W_csn_00153.xml">
        </timeSeries>
        <timeSeries units="m³/s" timeStep="P0Y0M0DT0H75M0S" quantity="discharge" parameter="Q" location="csn_00153" file="Q_csn_00153.xml">
        </timeSeries>
        <timeSeries units="m NHN" timeStep="P0Y0M0DT0H75M0S" quantity="water level" parameter="W" location="csn_00160" file="W_csn_00160.xml">
        </timeSeries>
        <timeSeries units="m³/s" timeStep="P0Y0M0DT0H75M0S" quantity="discharge" parameter="Q" location="csn_00160" file="Q_csn_00160.xml">
        </timeSeries>
        <timeSeries units="m NHN" timeStep="P0Y0M0DT0H75M0S" quantity="water level" parameter="W" location="csn_00161" file="W_csn_00161.xml">
        </timeSeries>
        <timeSeries units="m³/s" timeStep="P0Y0M0DT0H75M0S" quantity="discharge" parameter="Q" location="csn_00161" file="Q_csn_00161.xml">
        </timeSeries>
        <timeSeries units="m NHN" timeStep="P0Y0M0DT0H75M0S" quantity="water level" parameter="W" location="csn_00162" file="W_csn_00162.xml">
        </timeSeries>
        <timeSeries units="m³/s" timeStep="P0Y0M0DT0H75M0S" quantity="discharge" parameter="Q" location="csn_00162" file="Q_csn_00162.xml">
        </timeSeries>
        <timeSeries units="m NHN" timeStep="P0Y0M0DT0H75M0S" quantity="water level" parameter="W" location="csn_00163" file="W_csn_00163.xml">
        </timeSeries>
        <timeSeries units="m³/s" timeStep="P0Y0M0DT0H75M0S" quantity="discharge" parameter="Q" location="csn_00163" file="Q_csn_00163.xml">
        </timeSeries>
        <timeSeries units="m NHN" timeStep="P0Y0M0DT0H75M0S" quantity="water level" parameter="W" location="csn_00164" file="W_csn_00164.xml">
        </timeSeries>
        <timeSeries units="m³/s" timeStep="P0Y0M0DT0H75M0S" quantity="discharge" parameter="Q" location="csn_00164" file="Q_csn_00164.xml">
        </timeSeries>
        <timeSeries units="m NHN" timeStep="P0Y0M0DT0H75M0S" quantity="water level" parameter="W" location="csn_00165" file="W_csn_00165.xml">
        </timeSeries>
        <timeSeries units="m³/s" timeStep="P0Y0M0DT0H75M0S" quantity="discharge" parameter="Q" location="csn_00165" file="Q_csn_00165.xml">
        </timeSeries>
        <timeSeries units="m NHN" timeStep="P0Y0M0DT0H75M0S" quantity="water level" parameter="W" location="csn_00176" file="W_csn_00176.xml">
        </timeSeries>
        <timeSeries units="m³/s" timeStep="P0Y0M0DT0H75M0S" quantity="discharge" parameter="Q" location="csn_00176" file="Q_csn_00176.xml">
        </timeSeries>
        <timeSeries units="m NHN" timeStep="P0Y0M0DT0H75M0S" quantity="water level" parameter="W" location="csn_00177" file="W_csn_00177.xml">
        </timeSeries>
        <timeSeries units="m³/s" timeStep="P0Y0M0DT0H75M0S" quantity="discharge" parameter="Q" location="csn_00177" file="Q_csn_00177.xml">
        </timeSeries>
        <timeSeries units="m NHN" timeStep="P0Y0M0DT0H75M0S" quantity="water level" parameter="W" location="csn_00178" file="W_csn_00178.xml">
        </timeSeries>
        <timeSeries units="m³/s" timeStep="P0Y0M0DT0H75M0S" quantity="discharge" parameter="Q" location="csn_00178" file="Q_csn_00178.xml">
        </timeSeries>
        <timeSeries units="m NHN" timeStep="P0Y0M0DT0H75M0S" quantity="water level" parameter="W" location="csn_00179" file="W_csn_00179.xml">
        </timeSeries>
        <timeSeries units="m³/s" timeStep="P0Y0M0DT0H75M0S" quantity="discharge" parameter="Q" location="csn_00179" file="Q_csn_00179.xml">
        </timeSeries>
        <timeSeries units="m NHN" timeStep="P0Y0M0DT0H75M0S" quantity="water level" parameter="W" location="csn_00180" file="W_csn_00180.xml">
        </timeSeries>
        <timeSeries units="m³/s" timeStep="P0Y0M0DT0H75M0S" quantity="discharge" parameter="Q" location="csn_00180" file="Q_csn_00180.xml">
        </timeSeries>
        <timeSeries units="m NHN" timeStep="P0Y0M0DT0H75M0S" quantity="water level" parameter="W" location="csn_00181" file="W_csn_00181.xml">
        </timeSeries>
        <timeSeries units="m³/s" timeStep="P0Y0M0DT0H75M0S" quantity="discharge" parameter="Q" location="csn_00181" file="Q_csn_00181.xml">
        </timeSeries>
        <timeSeries units="m NHN" timeStep="P0Y0M0DT0H75M0S" quantity="water level" parameter="W" location="csn_00182" file="W_csn_00182.xml">
        </timeSeries>
        <timeSeries units="m³/s" timeStep="P0Y0M0DT0H75M0S" quantity="discharge" parameter="Q" location="csn_00182" file="Q_csn_00182.xml">
        </timeSeries>
        <timeSeries units="m NHN" timeStep="P0Y0M0DT0H75M0S" quantity="water level" parameter="W" location="csn_00183" file="W_csn_00183.xml">
        </timeSeries>
        <timeSeries units="m³/s" timeStep="P0Y0M0DT0H75M0S" quantity="discharge" parameter="Q" location="csn_00183" file="Q_csn_00183.xml">
        </timeSeries>
        <timeSeries units="m NHN" timeStep="P0Y0M0DT0H75M0S" quantity="water level" parameter="W" location="csn_00184" file="W_csn_00184.xml">
        </timeSeries>
        <timeSeries units="m³/s" timeStep="P0Y0M0DT0H75M0S" quantity="discharge" parameter="Q" location="csn_00184" file="Q_csn_00184.xml">
        </timeSeries>
        <timeSeries units="m NHN" timeStep="P0Y0M0DT0H75M0S" quantity="water level" parameter="W" location="csn_00185" file="W_csn_00185.xml">
        </timeSeries>
        <timeSeries units="m³/s" timeStep="P0Y0M0DT0H75M0S" quantity="discharge" parameter="Q" location="csn_00185" file="Q_csn_00185.xml">
        </timeSeries>
        <timeSeries units="m NHN" timeStep="P0Y0M0DT0H75M0S" quantity="water level" parameter="W" location="csn_00186" file="W_csn_00186.xml">
        </timeSeries>
        <timeSeries units="m³/s" timeStep="P0Y0M0DT0H75M0S" quantity="discharge" parameter="Q" location="csn_00186" file="Q_csn_00186.xml">
        </timeSeries>
        <timeSeries units="m NHN" timeStep="P0Y0M0DT0H75M0S" quantity="water level" parameter="W" location="csn_00187" file="W_csn_00187.xml">
        </timeSeries>
        <timeSeries units="m³/s" timeStep="P0Y0M0DT0H75M0S" quantity="discharge" parameter="Q" location="csn_00187" file="Q_csn_00187.xml">
        </timeSeries>
        <timeSeries units="m NHN" timeStep="P0Y0M0DT0H75M0S" quantity="water level" parameter="W" location="csn_00188" file="W_csn_00188.xml">
        </timeSeries>
        <timeSeries units="m³/s" timeStep="P0Y0M0DT0H75M0S" quantity="discharge" parameter="Q" location="csn_00188" file="Q_csn_00188.xml">
        </timeSeries>
        <timeSeries units="m NHN" timeStep="P0Y0M0DT0H75M0S" quantity="water level" parameter="W" location="csn_00189" file="W_csn_00189.xml">
        </timeSeries>
        <timeSeries units="m³/s" timeStep="P0Y0M0DT0H75M0S" quantity="discharge" parameter="Q" location="csn_00189" file="Q_csn_00189.xml">
        </timeSeries>
        <timeSeries units="m NHN" timeStep="P0Y0M0DT0H75M0S" quantity="water level" parameter="W" location="csn_00190" file="W_csn_00190.xml">
        </timeSeries>
        <timeSeries units="m³/s" timeStep="P0Y0M0DT0H75M0S" quantity="discharge" parameter="Q" location="csn_00190" file="Q_csn_00190.xml">
        </timeSeries>
        <timeSeries units="m NHN" timeStep="P0Y0M0DT0H75M0S" quantity="water level" parameter="W" location="csn_00191" file="W_csn_00191.xml">
        </timeSeries>
        <timeSeries units="m³/s" timeStep="P0Y0M0DT0H75M0S" quantity="discharge" parameter="Q" location="csn_00191" file="Q_csn_00191.xml">
        </timeSeries>
        <timeSeries units="m NHN" timeStep="P0Y0M0DT0H75M0S" quantity="water level" parameter="W" location="csn_00192" file="W_csn_00192.xml">
        </timeSeries>
        <timeSeries units="m³/s" timeStep="P0Y0M0DT0H75M0S" quantity="discharge" parameter="Q" location="csn_00192" file="Q_csn_00192.xml">
        </timeSeries>
        <timeSeries units="m NHN" timeStep="P0Y0M0DT0H75M0S" quantity="water level" parameter="W" location="csn_00193" file="W_csn_00193.xml">
        </timeSeries>
        <timeSeries units="m³/s" timeStep="P0Y0M0DT0H75M0S" quantity="discharge" parameter="Q" location="csn_00193" file="Q_csn_00193.xml">
        </timeSeries>
        <timeSeries units="m NHN" timeStep="P0Y0M0DT0H75M0S" quantity="water level" parameter="W" location="csn_00194" file="W_csn_00194.xml">
        </timeSeries>
        <timeSeries units="m³/s" timeStep="P0Y0M0DT0H75M0S" quantity="discharge" parameter="Q" location="csn_00194" file="Q_csn_00194.xml">
        </timeSeries>
        <timeSeries units="m NHN" timeStep="P0Y0M0DT0H75M0S" quantity="water level" parameter="W" location="csn_00195" file="W_csn_00195.xml">
        </timeSeries>
        <timeSeries units="m³/s" timeStep="P0Y0M0DT0H75M0S" quantity="discharge" parameter="Q" location="csn_00195" file="Q_csn_00195.xml">
        </timeSeries>
        <timeSeries units="m NHN" timeStep="P0Y0M0DT0H75M0S" quantity="water level" parameter="W" location="csn_00196" file="W_csn_00196.xml">
        </timeSeries>
        <timeSeries units="m³/s" timeStep="P0Y0M0DT0H75M0S" quantity="discharge" parameter="Q" location="csn_00196" file="Q_csn_00196.xml">
        </timeSeries>
        <timeSeries units="m NHN" timeStep="P0Y0M0DT0H75M0S" quantity="water level" parameter="W" location="csn_00197" file="W_csn_00197.xml">
        </timeSeries>
        <timeSeries units="m³/s" timeStep="P0Y0M0DT0H75M0S" quantity="discharge" parameter="Q" location="csn_00197" file="Q_csn_00197.xml">
        </timeSeries>
        <timeSeries units="m NHN" timeStep="P0Y0M0DT0H75M0S" quantity="water level" parameter="W" location="csn_00199" file="W_csn_00199.xml">
        </timeSeries>
        <timeSeries units="m³/s" timeStep="P0Y0M0DT0H75M0S" quantity="discharge" parameter="Q" location="csn_00199" file="Q_csn_00199.xml">
        </timeSeries>
        <timeSeries units="m NHN" timeStep="P0Y0M0DT0H75M0S" quantity="water level" parameter="W" location="csn_00200" file="W_csn_00200.xml">
        </timeSeries>
        <timeSeries units="m³/s" timeStep="P0Y0M0DT0H75M0S" quantity="discharge" parameter="Q" location="csn_00200" file="Q_csn_00200.xml">
        </timeSeries>
        <timeSeries units="m NHN" timeStep="P0Y0M0DT0H75M0S" quantity="water level" parameter="W" location="csn_00201" file="W_csn_00201.xml">
        </timeSeries>
        <timeSeries units="m³/s" timeStep="P0Y0M0DT0H75M0S" quantity="discharge" parameter="Q" location="csn_00201" file="Q_csn_00201.xml">
        </timeSeries>
        <timeSeries units="m NHN" timeStep="P0Y0M0DT0H75M0S" quantity="water level" parameter="W" location="csn_00202" file="W_csn_00202.xml">
        </timeSeries>
        <timeSeries units="m³/s" timeStep="P0Y0M0DT0H75M0S" quantity="discharge" parameter="Q" location="csn_00202" file="Q_csn_00202.xml">
        </timeSeries>
        <timeSeries units="m NHN" timeStep="P0Y0M0DT0H75M0S" quantity="water level" parameter="W" location="csn_00203" file="W_csn_00203.xml">
        </timeSeries>
        <timeSeries units="m³/s" timeStep="P0Y0M0DT0H75M0S" quantity="discharge" parameter="Q" location="csn_00203" file="Q_csn_00203.xml">
        </timeSeries>
        <timeSeries units="m NHN" timeStep="P0Y0M0DT0H75M0S" quantity="water level" parameter="W" location="csn_00204" file="W_csn_00204.xml">
        </timeSeries>
        <timeSeries units="m³/s" timeStep="P0Y0M0DT0H75M0S" quantity="discharge" parameter="Q" location="csn_00204" file="Q_csn_00204.xml">
        </timeSeries>
        <timeSeries units="m NHN" timeStep="P0Y0M0DT0H75M0S" quantity="water level" parameter="W" location="csn_00205" file="W_csn_00205.xml">
        </timeSeries>
        <timeSeries units="m³/s" timeStep="P0Y0M0DT0H75M0S" quantity="discharge" parameter="Q" location="csn_00205" file="Q_csn_00205.xml">
        </timeSeries>
        <timeSeries units="m NHN" timeStep="P0Y0M0DT0H75M0S" quantity="water level" parameter="W" location="csn_00206" file="W_csn_00206.xml">
        </timeSeries>
        <timeSeries units="m³/s" timeStep="P0Y0M0DT0H75M0S" quantity="discharge" parameter="Q" location="csn_00206" file="Q_csn_00206.xml">
        </timeSeries>
        <timeSeries units="m NHN" timeStep="P0Y0M0DT0H75M0S" quantity="water level" parameter="W" location="csn_00207" file="W_csn_00207.xml">
        </timeSeries>
        <timeSeries units="m³/s" timeStep="P0Y0M0DT0H75M0S" quantity="discharge" parameter="Q" location="csn_00207" file="Q_csn_00207.xml">
        </timeSeries>
        <timeSeries units="m NHN" timeStep="P0Y0M0DT0H75M0S" quantity="water level" parameter="W" location="csn_00208" file="W_csn_00208.xml">
        </timeSeries>
        <timeSeries units="m³/s" timeStep="P0Y0M0DT0H75M0S" quantity="discharge" parameter="Q" location="csn_00208" file="Q_csn_00208.xml">
        </timeSeries>
        <timeSeries units="m NHN" timeStep="P0Y0M0DT0H75M0S" quantity="water level" parameter="W" location="csn_00209" file="W_csn_00209.xml">
        </timeSeries>
        <timeSeries units="m³/s" timeStep="P0Y0M0DT0H75M0S" quantity="discharge" parameter="Q" location="csn_00209" file="Q_csn_00209.xml">
        </timeSeries>
        <timeSeries units="m NHN" timeStep="P0Y0M0DT0H75M0S" quantity="water level" parameter="W" location="csn_00210" file="W_csn_00210.xml">
        </timeSeries>
        <timeSeries units="m³/s" timeStep="P0Y0M0DT0H75M0S" quantity="discharge" parameter="Q" location="csn_00210" file="Q_csn_00210.xml">
        </timeSeries>
        <timeSeries units="m NHN" timeStep="P0Y0M0DT0H75M0S" quantity="water level" parameter="W" location="csn_00211" file="W_csn_00211.xml">
        </timeSeries>
        <timeSeries units="m³/s" timeStep="P0Y0M0DT0H75M0S" quantity="discharge" parameter="Q" location="csn_00211" file="Q_csn_00211.xml">
        </timeSeries>
        <timeSeries units="m NHN" timeStep="P0Y0M0DT0H75M0S" quantity="water level" parameter="W" location="csn_00212" file="W_csn_00212.xml">
        </timeSeries>
        <timeSeries units="m³/s" timeStep="P0Y0M0DT0H75M0S" quantity="discharge" parameter="Q" location="csn_00212" file="Q_csn_00212.xml">
        </timeSeries>
        <timeSeries units="m NHN" timeStep="P0Y0M0DT0H75M0S" quantity="water level" parameter="W" location="csn_00213" file="W_csn_00213.xml">
        </timeSeries>
        <timeSeries units="m³/s" timeStep="P0Y0M0DT0H75M0S" quantity="discharge" parameter="Q" location="csn_00213" file="Q_csn_00213.xml">
        </timeSeries>
        <timeSeries units="m NHN" timeStep="P0Y0M0DT0H75M0S" quantity="water level" parameter="W" location="cn_00002" file="W_cn_00002.xml">
        </timeSeries>
        <timeSeries units="m³/s" timeStep="P0Y0M0DT0H75M0S" quantity="discharge" parameter="Q" location="cn_00002" file="Q_cn_00002.xml">
        </timeSeries>
        <timeSeries units="m NHN" timeStep="P0Y0M0DT0H75M0S" quantity="water level" parameter="W" location="cn_00003" file="W_cn_00003.xml">
        </timeSeries>
        <timeSeries units="m³/s" timeStep="P0Y0M0DT0H75M0S" quantity="discharge" parameter="Q" location="cn_00003" file="Q_cn_00003.xml">
        </timeSeries>
        <timeSeries units="m NHN" timeStep="P0Y0M0DT0H75M0S" quantity="water level" parameter="W" location="cn_00004" file="W_cn_00004.xml">
        </timeSeries>
        <timeSeries units="m³/s" timeStep="P0Y0M0DT0H75M0S" quantity="discharge" parameter="Q" location="cn_00004" file="Q_cn_00004.xml">
        </timeSeries>
        <timeSeries units="m NHN" timeStep="P0Y0M0DT0H75M0S" quantity="water level" parameter="W" location="cn_00005" file="W_cn_00005.xml">
        </timeSeries>
        <timeSeries units="m³/s" timeStep="P0Y0M0DT0H75M0S" quantity="discharge" parameter="Q" location="cn_00005" file="Q_cn_00005.xml">
        </timeSeries>
        <timeSeries units="m NHN" timeStep="P0Y0M0DT0H75M0S" quantity="water level" parameter="W" location="cn_00006" file="W_cn_00006.xml">
        </timeSeries>
        <timeSeries units="m³/s" timeStep="P0Y0M0DT0H75M0S" quantity="discharge" parameter="Q" location="cn_00006" file="Q_cn_00006.xml">
        </timeSeries>
        <timeSeries units="m NHN" timeStep="P0Y0M0DT0H75M0S" quantity="water level" parameter="W" location="cn_00007" file="W_cn_00007.xml">
        </timeSeries>
        <timeSeries units="m³/s" timeStep="P0Y0M0DT0H75M0S" quantity="discharge" parameter="Q" location="cn_00007" file="Q_cn_00007.xml">
        </timeSeries>
        <timeSeries units="m NHN" timeStep="P0Y0M0DT0H75M0S" quantity="water level" parameter="W" location="cn_00008" file="W_cn_00008.xml">
        </timeSeries>
        <timeSeries units="m³/s" timeStep="P0Y0M0DT0H75M0S" quantity="discharge" parameter="Q" location="cn_00008" file="Q_cn_00008.xml">
        </timeSeries>
        <timeSeries units="m NHN" timeStep="P0Y0M0DT0H75M0S" quantity="water level" parameter="W" location="cn_00014" file="W_cn_00014.xml">
        </timeSeries>
        <timeSeries units="m³/s" timeStep="P0Y0M0DT0H75M0S" quantity="discharge" parameter="Q" location="cn_00014" file="Q_cn_00014.xml">
        </timeSeries>
        <timeSeries units="m NHN" timeStep="P0Y0M0DT0H75M0S" quantity="water level" parameter="W" location="cn_00015" file="W_cn_00015.xml">
        </timeSeries>
        <timeSeries units="m³/s" timeStep="P0Y0M0DT0H75M0S" quantity="discharge" parameter="Q" location="cn_00015" file="Q_cn_00015.xml">
        </timeSeries>
        <timeSeries units="m NHN" timeStep="P0Y0M0DT0H75M0S" quantity="water level" parameter="W" location="cn_00016" file="W_cn_00016.xml">
        </timeSeries>
        <timeSeries units="m³/s" timeStep="P0Y0M0DT0H75M0S" quantity="discharge" parameter="Q" location="cn_00016" file="Q_cn_00016.xml">
        </timeSeries>
        <timeSeries units="m NHN" timeStep="P0Y0M0DT0H75M0S" quantity="water level" parameter="W" location="cn_00017" file="W_cn_00017.xml">
        </timeSeries>
        <timeSeries units="m³/s" timeStep="P0Y0M0DT0H75M0S" quantity="discharge" parameter="Q" location="cn_00017" file="Q_cn_00017.xml">
        </timeSeries>
        <timeSeries units="m NHN" timeStep="P0Y0M0DT0H75M0S" quantity="water level" parameter="W" location="cn_00018" file="W_cn_00018.xml">
        </timeSeries>
        <timeSeries units="m³/s" timeStep="P0Y0M0DT0H75M0S" quantity="discharge" parameter="Q" location="cn_00018" file="Q_cn_00018.xml">
        </timeSeries>
        <timeSeries units="m NHN" timeStep="P0Y0M0DT0H75M0S" quantity="water level" parameter="W" location="cn_00023" file="W_cn_00023.xml">
        </timeSeries>
        <timeSeries units="m³/s" timeStep="P0Y0M0DT0H75M0S" quantity="discharge" parameter="Q" location="cn_00023" file="Q_cn_00023.xml">
        </timeSeries>
        <timeSeries units="m NHN" timeStep="P0Y0M0DT0H75M0S" quantity="water level" parameter="W" location="cn_00024" file="W_cn_00024.xml">
        </timeSeries>
        <timeSeries units="m³/s" timeStep="P0Y0M0DT0H75M0S" quantity="discharge" parameter="Q" location="cn_00024" file="Q_cn_00024.xml">
        </timeSeries>
        <timeSeries units="m NHN" timeStep="P0Y0M0DT0H75M0S" quantity="water level" parameter="W" location="cn_00999" file="W_cn_00999.xml">
        </timeSeries>
        <timeSeries units="m³/s" timeStep="P0Y0M0DT0H75M0S" quantity="discharge" parameter="Q" location="cn_00999" file="Q_cn_00999.xml">
        </timeSeries>
        <timeSeries units="m NHN" timeStep="P0Y0M0DT0H75M0S" quantity="water level" parameter="W" location="cn_00099" file="W_cn_00099.xml">
        </timeSeries>
        <timeSeries units="m³/s" timeStep="P0Y0M0DT0H75M0S" quantity="discharge" parameter="Q" location="cn_00099" file="Q_cn_00099.xml">
        </timeSeries>
        <timeSeries units="m NHN" timeStep="P0Y0M0DT0H75M0S" quantity="water level" parameter="W" location="cn_00025" file="W_cn_00025.xml">
        </timeSeries>
        <timeSeries units="m³/s" timeStep="P0Y0M0DT0H75M0S" quantity="discharge" parameter="Q" location="cn_00025" file="Q_cn_00025.xml">
        </timeSeries>
        <timeSeries units="m NHN" timeStep="P0Y0M0DT0H75M0S" quantity="water level" parameter="W" location="bn_00002" file="W_bn_00002.xml">
        </timeSeries>
        <timeSeries units="m³/s" timeStep="P0Y0M0DT0H75M0S" quantity="discharge" parameter="Q" location="bn_00002" file="Q_bn_00002.xml">
        </timeSeries>
        <timeSeries units="m NHN" timeStep="P0Y0M0DT0H75M0S" quantity="water level" parameter="W" location="bn_00004" file="W_bn_00004.xml">
        </timeSeries>
        <timeSeries units="m³/s" timeStep="P0Y0M0DT0H75M0S" quantity="discharge" parameter="Q" location="bn_00004" file="Q_bn_00004.xml">
        </timeSeries>
        <timeSeries units="m NHN" timeStep="P0Y0M0DT0H75M0S" quantity="water level" parameter="W" location="cn_00026" file="W_cn_00026.xml">
        </timeSeries>
        <timeSeries units="m³/s" timeStep="P0Y0M0DT0H75M0S" quantity="discharge" parameter="Q" location="cn_00026" file="Q_cn_00026.xml">
        </timeSeries>
        <timeSeries units="m NHN" timeStep="P0Y0M0DT0H75M0S" quantity="water level" parameter="W" location="bn_00005" file="W_bn_00005.xml">
        </timeSeries>
        <timeSeries units="m³/s" timeStep="P0Y0M0DT0H75M0S" quantity="discharge" parameter="Q" location="bn_00005" file="Q_bn_00005.xml">
        </timeSeries>
        <timeSeries units="m NHN" timeStep="P0Y0M0DT0H75M0S" quantity="water level" parameter="W" location="bn_00006" file="W_bn_00006.xml">
        </timeSeries>
        <timeSeries units="m³/s" timeStep="P0Y0M0DT0H75M0S" quantity="discharge" parameter="Q" location="bn_00006" file="Q_bn_00006.xml">
        </timeSeries>
        <timeSeries units="m NHN" timeStep="P0Y0M0DT0H75M0S" quantity="water level" parameter="W" location="cn_01000" file="W_cn_01000.xml">
        </timeSeries>
        <timeSeries units="m³/s" timeStep="P0Y0M0DT0H75M0S" quantity="discharge" parameter="Q" location="cn_01000" file="Q_cn_01000.xml">
        </timeSeries>
        <timeSeries units="m NHN" timeStep="P0Y0M0DT0H75M0S" quantity="water level" parameter="W" location="ln_00001" file="W_ln_00001.xml">
        </timeSeries>
        <timeSeries units="m³/s" timeStep="P0Y0M0DT0H75M0S" quantity="discharge" parameter="Q" location="ln_00001" file="Q_ln_00001.xml">
        </timeSeries>
        <timeSeries units="m NHN" timeStep="P0Y0M0DT0H75M0S" quantity="water level" parameter="W" location="cn_01001" file="W_cn_01001.xml">
        </timeSeries>
        <timeSeries units="m³/s" timeStep="P0Y0M0DT0H75M0S" quantity="discharge" parameter="Q" location="cn_01001" file="Q_cn_01001.xml">
        </timeSeries>
        <timeSeries units="m NHN" timeStep="P0Y0M0DT0H75M0S" quantity="water level" parameter="W" location="cn_01002" file="W_cn_01002.xml">
        </timeSeries>
        <timeSeries units="m³/s" timeStep="P0Y0M0DT0H75M0S" quantity="discharge" parameter="Q" location="cn_01002" file="Q_cn_01002.xml">
        </timeSeries>
    </input>
</ns2:fewsOpenMI>
