<?xml version="1.0"?>
<!-- Author: Jeff Dever -->

<project>

  <!-- 
    Builds the HttpClient distribution.  Ensures that the site docs are included 
    in the dist. 
  -->
  <goal name="httpclient:dist" prereqs="site:generate, dist"/>

  <postGoal name="dist:prepare-bin-filesystem">

    <echo>[HttpClient] dist:prepare-bin-filesystem postGoal</echo>

    <copy todir="${maven.dist.bin.assembly.dir}/docs">
      <fileset dir="./docs">
        <include name="*.txt"/>
        <include name="*.html"/>
      </fileset>
      <fileset dir="target/docs">
        <include name="**/*"/>
      </fileset>
    </copy>
    
  </postGoal>

  <postGoal name="dist:prepare-src-filesystem">

    <echo>[HttpClient] dist:prepare-src-filesystem postGoal</echo>

    <copy todir="${maven.dist.src.assembly.dir}">
      <fileset dir=".">
        <include name="build.properties.sample"/>
      </fileset>
    </copy>

    <copy todir="${maven.dist.src.assembly.dir}/docs">
      <fileset dir="./docs">
        <include name="*.txt"/>
        <include name="*.html"/>
      </fileset>
      <fileset dir="target/docs">
        <include name="**/*"/>
      </fileset>
    </copy>
    
  </postGoal>

</project>
