<?xml version="1.0" encoding="UTF-8"?>
<TimeSeries xmlns="http://www.wldelft.nl/fews/PI" xmlns:xsi="http://www.w3.org/2001/XMLSchema-instance" xsi:schemaLocation="http://www.wldelft.nl/fews/PI file:/C:/Programme_inst/eclipse33/workspace/KalypsoModelWspmSobekCore/etc/schemas/pi/pi_timeseries.xsd" version="1.2">
        <timeZone>0.0</timeZone>
        <series>
                <header>
                        <type>instantaneous</type>
                        <locationId>csn_00005</locationId>
                        <parameterId>W</parameterId>
                        <timeStep unit="minute" multiplier="15" />
                        <startDate time="01:00:00" date="1993-12-18"/>
                        <endDate time="23:00:00" date="1993-12-28"/>
                        <missVal>NaN</missVal>
                        <units>m NHN</units>
                </header>
                <event date="1993-12-18" time="00:00:00" value="191.82"/>
                <event date="1993-12-18" time="00:15:00" value="191.1631"/>
                <event date="1993-12-18" time="00:30:00" value="191.2746"/>
                <event date="1993-12-18" time="00:45:00" value="191.314"/>
                <event date="1993-12-18" time="01:00:00" value="191.331"/>
                <event date="1993-12-18" time="01:15:00" value="191.3363"/>
                <event date="1993-12-18" time="01:30:00" value="191.3375"/>
                <event date="1993-12-18" time="01:45:00" value="191.3376"/>
                <event date="1993-12-18" time="02:00:00" value="191.3376"/>
                <event date="1993-12-18" time="02:15:00" value="191.3388"/>
                <event date="1993-12-18" time="02:30:00" value="191.3402"/>
                <event date="1993-12-18" time="02:45:00" value="191.3407"/>
                <event date="1993-12-18" time="03:00:00" value="191.3407"/>
                <event date="1993-12-18" time="03:15:00" value="191.3406"/>
                <event date="1993-12-18" time="03:30:00" value="191.3404"/>
                <event date="1993-12-18" time="03:45:00" value="191.3402"/>
                <event date="1993-12-18" time="04:00:00" value="191.34"/>
                <event date="1993-12-18" time="04:15:00" value="191.3396"/>
                <event date="1993-12-18" time="04:30:00" value="191.3379"/>
                <event date="1993-12-18" time="04:45:00" value="191.3362"/>
                <event date="1993-12-18" time="05:00:00" value="191.3352"/>
                <event date="1993-12-18" time="05:15:00" value="191.3347"/>
                <event date="1993-12-18" time="05:30:00" value="191.3344"/>
                <event date="1993-12-18" time="05:45:00" value="191.3342"/>
                <event date="1993-12-18" time="06:00:00" value="191.334"/>
                <event date="1993-12-18" time="06:15:00" value="191.3338"/>
                <event date="1993-12-18" time="06:30:00" value="191.3336"/>
                <event date="1993-12-18" time="06:45:00" value="191.3334"/>
                <event date="1993-12-18" time="07:00:00" value="191.3331"/>
                <event date="1993-12-18" time="07:15:00" value="191.3315"/>
                <event date="1993-12-18" time="07:30:00" value="191.3297"/>
                <event date="1993-12-18" time="07:45:00" value="191.3288"/>
                <event date="1993-12-18" time="08:00:00" value="191.3282"/>
                <event date="1993-12-18" time="08:15:00" value="191.328"/>
                <event date="1993-12-18" time="08:30:00" value="191.3278"/>
                <event date="1993-12-18" time="08:45:00" value="191.3276"/>
                <event date="1993-12-18" time="09:00:00" value="191.3274"/>
                <event date="1993-12-18" time="09:15:00" value="191.3273"/>
                <event date="1993-12-18" time="09:30:00" value="191.3271"/>
                <event date="1993-12-18" time="09:45:00" value="191.3269"/>
                <event date="1993-12-18" time="10:00:00" value="191.3253"/>
                <event date="1993-12-18" time="10:15:00" value="191.3236"/>
                <event date="1993-12-18" time="10:30:00" value="191.3226"/>
                <event date="1993-12-18" time="10:45:00" value="191.3221"/>
                <event date="1993-12-18" time="11:00:00" value="191.3218"/>
                <event date="1993-12-18" time="11:15:00" value="191.3216"/>
                <event date="1993-12-18" time="11:30:00" value="191.3215"/>
                <event date="1993-12-18" time="11:45:00" value="191.3213"/>
                <event date="1993-12-18" time="12:00:00" value="191.3212"/>
                <event date="1993-12-18" time="12:15:00" value="191.321"/>
                <event date="1993-12-18" time="12:30:00" value="191.3209"/>
                <event date="1993-12-18" time="12:45:00" value="191.3208"/>
                <event date="1993-12-18" time="13:00:00" value="191.3207"/>
                <event date="1993-12-18" time="13:15:00" value="191.3206"/>
                <event date="1993-12-18" time="13:30:00" value="191.3205"/>
                <event date="1993-12-18" time="13:45:00" value="191.3204"/>
                <event date="1993-12-18" time="14:00:00" value="191.3203"/>
                <event date="1993-12-18" time="14:15:00" value="191.3202"/>
                <event date="1993-12-18" time="14:30:00" value="191.3201"/>
                <event date="1993-12-18" time="14:45:00" value="191.32"/>
                <event date="1993-12-18" time="15:00:00" value="191.3199"/>
                <event date="1993-12-18" time="15:15:00" value="191.3198"/>
                <event date="1993-12-18" time="15:30:00" value="191.3196"/>
                <event date="1993-12-18" time="15:45:00" value="191.3182"/>
                <event date="1993-12-18" time="16:00:00" value="191.3165"/>
                <event date="1993-12-18" time="16:15:00" value="191.3155"/>
                <event date="1993-12-18" time="16:30:00" value="191.315"/>
                <event date="1993-12-18" time="16:45:00" value="191.3147"/>
                <event date="1993-12-18" time="17:00:00" value="191.3145"/>
                <event date="1993-12-18" time="17:15:00" value="191.3144"/>
                <event date="1993-12-18" time="17:30:00" value="191.3143"/>
                <event date="1993-12-18" time="17:45:00" value="191.3142"/>
                <event date="1993-12-18" time="18:00:00" value="191.3141"/>
                <event date="1993-12-18" time="18:15:00" value="191.3141"/>
                <event date="1993-12-18" time="18:30:00" value="191.314"/>
                <event date="1993-12-18" time="18:45:00" value="191.3139"/>
                <event date="1993-12-18" time="19:00:00" value="191.3138"/>
                <event date="1993-12-18" time="19:15:00" value="191.3137"/>
                <event date="1993-12-18" time="19:30:00" value="191.3124"/>
                <event date="1993-12-18" time="19:45:00" value="191.3107"/>
                <event date="1993-12-18" time="20:00:00" value="191.3096"/>
                <event date="1993-12-18" time="20:15:00" value="191.3091"/>
                <event date="1993-12-18" time="20:30:00" value="191.3087"/>
                <event date="1993-12-18" time="20:45:00" value="191.3085"/>
                <event date="1993-12-18" time="21:00:00" value="191.3072"/>
                <event date="1993-12-18" time="21:15:00" value="191.3055"/>
                <event date="1993-12-18" time="21:30:00" value="191.3032"/>
                <event date="1993-12-18" time="21:45:00" value="191.3009"/>
                <event date="1993-12-18" time="22:00:00" value="191.2995"/>
                <event date="1993-12-18" time="22:15:00" value="191.2987"/>
                <event date="1993-12-18" time="22:30:00" value="191.2971"/>
                <event date="1993-12-18" time="22:45:00" value="191.2952"/>
                <event date="1993-12-18" time="23:00:00" value="191.2939"/>
                <event date="1993-12-18" time="23:15:00" value="191.2922"/>
                <event date="1993-12-18" time="23:30:00" value="191.2903"/>
                <event date="1993-12-18" time="23:45:00" value="191.2891"/>
                <event date="1993-12-19" time="00:00:00" value="191.2883"/>
                <event date="1993-12-19" time="00:15:00" value="191.2879"/>
                <event date="1993-12-19" time="00:30:00" value="191.2877"/>
                <event date="1993-12-19" time="00:45:00" value="191.2876"/>
                <event date="1993-12-19" time="01:00:00" value="191.2874"/>
                <event date="1993-12-19" time="01:15:00" value="191.2874"/>
                <event date="1993-12-19" time="01:30:00" value="191.2873"/>
                <event date="1993-12-19" time="01:45:00" value="191.2873"/>
                <event date="1993-12-19" time="02:00:00" value="191.2872"/>
                <event date="1993-12-19" time="02:15:00" value="191.2872"/>
                <event date="1993-12-19" time="02:30:00" value="191.2871"/>
                <event date="1993-12-19" time="02:45:00" value="191.2871"/>
                <event date="1993-12-19" time="03:00:00" value="191.287"/>
                <event date="1993-12-19" time="03:15:00" value="191.2869"/>
                <event date="1993-12-19" time="03:30:00" value="191.2858"/>
                <event date="1993-12-19" time="03:45:00" value="191.2841"/>
                <event date="1993-12-19" time="04:00:00" value="191.2829"/>
                <event date="1993-12-19" time="04:15:00" value="191.2822"/>
                <event date="1993-12-19" time="04:30:00" value="191.2818"/>
                <event date="1993-12-19" time="04:45:00" value="191.2816"/>
                <event date="1993-12-19" time="05:00:00" value="191.2815"/>
                <event date="1993-12-19" time="05:15:00" value="191.2814"/>
                <event date="1993-12-19" time="05:30:00" value="191.2814"/>
                <event date="1993-12-19" time="05:45:00" value="191.2813"/>
                <event date="1993-12-19" time="06:00:00" value="191.2813"/>
                <event date="1993-12-19" time="06:15:00" value="191.2812"/>
                <event date="1993-12-19" time="06:30:00" value="191.2812"/>
                <event date="1993-12-19" time="06:45:00" value="191.2812"/>
                <event date="1993-12-19" time="07:00:00" value="191.2811"/>
                <event date="1993-12-19" time="07:15:00" value="191.2811"/>
                <event date="1993-12-19" time="07:30:00" value="191.2811"/>
                <event date="1993-12-19" time="07:45:00" value="191.281"/>
                <event date="1993-12-19" time="08:00:00" value="191.281"/>
                <event date="1993-12-19" time="08:15:00" value="191.2809"/>
                <event date="1993-12-19" time="08:30:00" value="191.2809"/>
                <event date="1993-12-19" time="08:45:00" value="191.2809"/>
                <event date="1993-12-19" time="09:00:00" value="191.2809"/>
                <event date="1993-12-19" time="09:15:00" value="191.2808"/>
                <event date="1993-12-19" time="09:30:00" value="191.2808"/>
                <event date="1993-12-19" time="09:45:00" value="191.2808"/>
                <event date="1993-12-19" time="10:00:00" value="191.2807"/>
                <event date="1993-12-19" time="10:15:00" value="191.2799"/>
                <event date="1993-12-19" time="10:30:00" value="191.2793"/>
                <event date="1993-12-19" time="10:45:00" value="191.2821"/>
                <event date="1993-12-19" time="11:00:00" value="191.2899"/>
                <event date="1993-12-19" time="11:15:00" value="191.3016"/>
                <event date="1993-12-19" time="11:30:00" value="191.3147"/>
                <event date="1993-12-19" time="11:45:00" value="191.3271"/>
                <event date="1993-12-19" time="12:00:00" value="191.336"/>
                <event date="1993-12-19" time="12:15:00" value="191.3431"/>
                <event date="1993-12-19" time="12:30:00" value="191.3516"/>
                <event date="1993-12-19" time="12:45:00" value="191.3581"/>
                <event date="1993-12-19" time="13:00:00" value="191.3615"/>
                <event date="1993-12-19" time="13:15:00" value="191.3639"/>
                <event date="1993-12-19" time="13:30:00" value="191.3659"/>
                <event date="1993-12-19" time="13:45:00" value="191.3667"/>
                <event date="1993-12-19" time="14:00:00" value="191.3655"/>
                <event date="1993-12-19" time="14:15:00" value="191.3643"/>
                <event date="1993-12-19" time="14:30:00" value="191.3645"/>
                <event date="1993-12-19" time="14:45:00" value="191.3654"/>
                <event date="1993-12-19" time="15:00:00" value="191.3669"/>
                <event date="1993-12-19" time="15:15:00" value="191.3702"/>
                <event date="1993-12-19" time="15:30:00" value="191.3739"/>
                <event date="1993-12-19" time="15:45:00" value="191.377"/>
                <event date="1993-12-19" time="16:00:00" value="191.3787"/>
                <event date="1993-12-19" time="16:15:00" value="191.3806"/>
                <event date="1993-12-19" time="16:30:00" value="191.3837"/>
                <event date="1993-12-19" time="16:45:00" value="191.3856"/>
                <event date="1993-12-19" time="17:00:00" value="191.3862"/>
                <event date="1993-12-19" time="17:15:00" value="191.3864"/>
                <event date="1993-12-19" time="17:30:00" value="191.3866"/>
                <event date="1993-12-19" time="17:45:00" value="191.3854"/>
                <event date="1993-12-19" time="18:00:00" value="191.3839"/>
                <event date="1993-12-19" time="18:15:00" value="191.3816"/>
                <event date="1993-12-19" time="18:30:00" value="191.3782"/>
                <event date="1993-12-19" time="18:45:00" value="191.3761"/>
                <event date="1993-12-19" time="19:00:00" value="191.3753"/>
                <event date="1993-12-19" time="19:15:00" value="191.3744"/>
                <event date="1993-12-19" time="19:30:00" value="191.3743"/>
                <event date="1993-12-19" time="19:45:00" value="191.3746"/>
                <event date="1993-12-19" time="20:00:00" value="191.3745"/>
                <event date="1993-12-19" time="20:15:00" value="191.3743"/>
                <event date="1993-12-19" time="20:30:00" value="191.3742"/>
                <event date="1993-12-19" time="20:45:00" value="191.374"/>
                <event date="1993-12-19" time="21:00:00" value="191.3723"/>
                <event date="1993-12-19" time="21:15:00" value="191.3708"/>
                <event date="1993-12-19" time="21:30:00" value="191.3701"/>
                <event date="1993-12-19" time="21:45:00" value="191.3698"/>
                <event date="1993-12-19" time="22:00:00" value="191.3714"/>
                <event date="1993-12-19" time="22:15:00" value="191.3762"/>
                <event date="1993-12-19" time="22:30:00" value="191.3828"/>
                <event date="1993-12-19" time="22:45:00" value="191.388"/>
                <event date="1993-12-19" time="23:00:00" value="191.3897"/>
                <event date="1993-12-19" time="23:15:00" value="191.3891"/>
                <event date="1993-12-19" time="23:30:00" value="191.3878"/>
                <event date="1993-12-19" time="23:45:00" value="191.3856"/>
                <event date="1993-12-20" time="00:00:00" value="191.3843"/>
                <event date="1993-12-20" time="00:15:00" value="191.3839"/>
                <event date="1993-12-20" time="00:30:00" value="191.3858"/>
                <event date="1993-12-20" time="00:45:00" value="191.3972"/>
                <event date="1993-12-20" time="01:00:00" value="191.412"/>
                <event date="1993-12-20" time="01:15:00" value="191.4177"/>
                <event date="1993-12-20" time="01:30:00" value="191.4162"/>
                <event date="1993-12-20" time="01:45:00" value="191.4145"/>
                <event date="1993-12-20" time="02:00:00" value="191.4137"/>
                <event date="1993-12-20" time="02:15:00" value="191.4179"/>
                <event date="1993-12-20" time="02:30:00" value="191.4292"/>
                <event date="1993-12-20" time="02:45:00" value="191.4402"/>
                <event date="1993-12-20" time="03:00:00" value="191.4461"/>
                <event date="1993-12-20" time="03:15:00" value="191.4518"/>
                <event date="1993-12-20" time="03:30:00" value="191.4598"/>
                <event date="1993-12-20" time="03:45:00" value="191.4709"/>
                <event date="1993-12-20" time="04:00:00" value="191.4796"/>
                <event date="1993-12-20" time="04:15:00" value="191.486"/>
                <event date="1993-12-20" time="04:30:00" value="191.4924"/>
                <event date="1993-12-20" time="04:45:00" value="191.501"/>
                <event date="1993-12-20" time="05:00:00" value="191.5102"/>
                <event date="1993-12-20" time="05:15:00" value="191.5222"/>
                <event date="1993-12-20" time="05:30:00" value="191.5404"/>
                <event date="1993-12-20" time="05:45:00" value="191.5593"/>
                <event date="1993-12-20" time="06:00:00" value="191.5705"/>
                <event date="1993-12-20" time="06:15:00" value="191.5746"/>
                <event date="1993-12-20" time="06:30:00" value="191.575"/>
                <event date="1993-12-20" time="06:45:00" value="191.5741"/>
                <event date="1993-12-20" time="07:00:00" value="191.5729"/>
                <event date="1993-12-20" time="07:15:00" value="191.5719"/>
                <event date="1993-12-20" time="07:30:00" value="191.5697"/>
                <event date="1993-12-20" time="07:45:00" value="191.5682"/>
                <event date="1993-12-20" time="08:00:00" value="191.565"/>
                <event date="1993-12-20" time="08:15:00" value="191.5618"/>
                <event date="1993-12-20" time="08:30:00" value="191.5577"/>
                <event date="1993-12-20" time="08:45:00" value="191.5542"/>
                <event date="1993-12-20" time="09:00:00" value="191.5532"/>
                <event date="1993-12-20" time="09:15:00" value="191.5521"/>
                <event date="1993-12-20" time="09:30:00" value="191.5522"/>
                <event date="1993-12-20" time="09:45:00" value="191.5528"/>
                <event date="1993-12-20" time="10:00:00" value="191.553"/>
                <event date="1993-12-20" time="10:15:00" value="191.5538"/>
                <event date="1993-12-20" time="10:30:00" value="191.5556"/>
                <event date="1993-12-20" time="10:45:00" value="191.5599"/>
                <event date="1993-12-20" time="11:00:00" value="191.5654"/>
                <event date="1993-12-20" time="11:15:00" value="191.5701"/>
                <event date="1993-12-20" time="11:30:00" value="191.5732"/>
                <event date="1993-12-20" time="11:45:00" value="191.5788"/>
                <event date="1993-12-20" time="12:00:00" value="191.5865"/>
                <event date="1993-12-20" time="12:15:00" value="191.5946"/>
                <event date="1993-12-20" time="12:30:00" value="191.6052"/>
                <event date="1993-12-20" time="12:45:00" value="191.6249"/>
                <event date="1993-12-20" time="13:00:00" value="191.6463"/>
                <event date="1993-12-20" time="13:15:00" value="191.6621"/>
                <event date="1993-12-20" time="13:30:00" value="191.6778"/>
                <event date="1993-12-20" time="13:45:00" value="191.6906"/>
                <event date="1993-12-20" time="14:00:00" value="191.7026"/>
                <event date="1993-12-20" time="14:15:00" value="191.7148"/>
                <event date="1993-12-20" time="14:30:00" value="191.7257"/>
                <event date="1993-12-20" time="14:45:00" value="191.7345"/>
                <event date="1993-12-20" time="15:00:00" value="191.7418"/>
                <event date="1993-12-20" time="15:15:00" value="191.751"/>
                <event date="1993-12-20" time="15:30:00" value="191.762"/>
                <event date="1993-12-20" time="15:45:00" value="191.7748"/>
                <event date="1993-12-20" time="16:00:00" value="191.7853"/>
                <event date="1993-12-20" time="16:15:00" value="191.7919"/>
                <event date="1993-12-20" time="16:30:00" value="191.798"/>
                <event date="1993-12-20" time="16:45:00" value="191.8036"/>
                <event date="1993-12-20" time="17:00:00" value="191.8095"/>
                <event date="1993-12-20" time="17:15:00" value="191.8181"/>
                <event date="1993-12-20" time="17:30:00" value="191.8287"/>
                <event date="1993-12-20" time="17:45:00" value="191.8377"/>
                <event date="1993-12-20" time="18:00:00" value="191.8448"/>
                <event date="1993-12-20" time="18:15:00" value="191.8509"/>
                <event date="1993-12-20" time="18:30:00" value="191.8569"/>
                <event date="1993-12-20" time="18:45:00" value="191.8629"/>
                <event date="1993-12-20" time="19:00:00" value="191.8686"/>
                <event date="1993-12-20" time="19:15:00" value="191.872"/>
                <event date="1993-12-20" time="19:30:00" value="191.8731"/>
                <event date="1993-12-20" time="19:45:00" value="191.8713"/>
                <event date="1993-12-20" time="20:00:00" value="191.8688"/>
                <event date="1993-12-20" time="20:15:00" value="191.8654"/>
                <event date="1993-12-20" time="20:30:00" value="191.8609"/>
                <event date="1993-12-20" time="20:45:00" value="191.8553"/>
                <event date="1993-12-20" time="21:00:00" value="191.8495"/>
                <event date="1993-12-20" time="21:15:00" value="191.8468"/>
                <event date="1993-12-20" time="21:30:00" value="191.8501"/>
                <event date="1993-12-20" time="21:45:00" value="191.8592"/>
                <event date="1993-12-20" time="22:00:00" value="191.8684"/>
                <event date="1993-12-20" time="22:15:00" value="191.8735"/>
                <event date="1993-12-20" time="22:30:00" value="191.8768"/>
                <event date="1993-12-20" time="22:45:00" value="191.8842"/>
                <event date="1993-12-20" time="23:00:00" value="191.8984"/>
                <event date="1993-12-20" time="23:15:00" value="191.9219"/>
                <event date="1993-12-20" time="23:30:00" value="191.9469"/>
                <event date="1993-12-20" time="23:45:00" value="191.9751"/>
                <event date="1993-12-21" time="00:00:00" value="192.0046"/>
                <event date="1993-12-21" time="00:15:00" value="192.0335"/>
                <event date="1993-12-21" time="00:30:00" value="192.0627"/>
                <event date="1993-12-21" time="00:45:00" value="192.0921"/>
                <event date="1993-12-21" time="01:00:00" value="192.1231"/>
                <event date="1993-12-21" time="01:15:00" value="192.1537"/>
                <event date="1993-12-21" time="01:30:00" value="192.1808"/>
                <event date="1993-12-21" time="01:45:00" value="192.2032"/>
                <event date="1993-12-21" time="02:00:00" value="192.2209"/>
                <event date="1993-12-21" time="02:15:00" value="192.234"/>
                <event date="1993-12-21" time="02:30:00" value="192.2423"/>
                <event date="1993-12-21" time="02:45:00" value="192.2467"/>
                <event date="1993-12-21" time="03:00:00" value="192.2485"/>
                <event date="1993-12-21" time="03:15:00" value="192.2494"/>
                <event date="1993-12-21" time="03:30:00" value="192.2507"/>
                <event date="1993-12-21" time="03:45:00" value="192.2479"/>
                <event date="1993-12-21" time="04:00:00" value="192.2394"/>
                <event date="1993-12-21" time="04:15:00" value="192.2243"/>
                <event date="1993-12-21" time="04:30:00" value="192.2048"/>
                <event date="1993-12-21" time="04:45:00" value="192.1864"/>
                <event date="1993-12-21" time="05:00:00" value="192.1708"/>
                <event date="1993-12-21" time="05:15:00" value="192.1584"/>
                <event date="1993-12-21" time="05:30:00" value="192.1455"/>
                <event date="1993-12-21" time="05:45:00" value="192.1271"/>
                <event date="1993-12-21" time="06:00:00" value="192.1044"/>
                <event date="1993-12-21" time="06:15:00" value="192.0801"/>
                <event date="1993-12-21" time="06:30:00" value="192.0551"/>
                <event date="1993-12-21" time="06:45:00" value="192.029"/>
                <event date="1993-12-21" time="07:00:00" value="192.0065"/>
                <event date="1993-12-21" time="07:15:00" value="191.9896"/>
                <event date="1993-12-21" time="07:30:00" value="191.9764"/>
                <event date="1993-12-21" time="07:45:00" value="191.9638"/>
                <event date="1993-12-21" time="08:00:00" value="191.9521"/>
                <event date="1993-12-21" time="08:15:00" value="191.9401"/>
                <event date="1993-12-21" time="08:30:00" value="191.9247"/>
                <event date="1993-12-21" time="08:45:00" value="191.9062"/>
                <event date="1993-12-21" time="09:00:00" value="191.8865"/>
                <event date="1993-12-21" time="09:15:00" value="191.8655"/>
                <event date="1993-12-21" time="09:30:00" value="191.8457"/>
                <event date="1993-12-21" time="09:45:00" value="191.8301"/>
                <event date="1993-12-21" time="10:00:00" value="191.8201"/>
                <event date="1993-12-21" time="10:15:00" value="191.8141"/>
                <event date="1993-12-21" time="10:30:00" value="191.8118"/>
                <event date="1993-12-21" time="10:45:00" value="191.8111"/>
                <event date="1993-12-21" time="11:00:00" value="191.8078"/>
                <event date="1993-12-21" time="11:15:00" value="191.8027"/>
                <event date="1993-12-21" time="11:30:00" value="191.7986"/>
                <event date="1993-12-21" time="11:45:00" value="191.7949"/>
                <event date="1993-12-21" time="12:00:00" value="191.7899"/>
                <event date="1993-12-21" time="12:15:00" value="191.7842"/>
                <event date="1993-12-21" time="12:30:00" value="191.7785"/>
                <event date="1993-12-21" time="12:45:00" value="191.7745"/>
                <event date="1993-12-21" time="13:00:00" value="191.7723"/>
                <event date="1993-12-21" time="13:15:00" value="191.7708"/>
                <event date="1993-12-21" time="13:30:00" value="191.7692"/>
                <event date="1993-12-21" time="13:45:00" value="191.766"/>
                <event date="1993-12-21" time="14:00:00" value="191.7623"/>
                <event date="1993-12-21" time="14:15:00" value="191.7609"/>
                <event date="1993-12-21" time="14:30:00" value="191.761"/>
                <event date="1993-12-21" time="14:45:00" value="191.763"/>
                <event date="1993-12-21" time="15:00:00" value="191.7662"/>
                <event date="1993-12-21" time="15:15:00" value="191.7661"/>
                <event date="1993-12-21" time="15:30:00" value="191.7666"/>
                <event date="1993-12-21" time="15:45:00" value="191.7698"/>
                <event date="1993-12-21" time="16:00:00" value="191.7744"/>
                <event date="1993-12-21" time="16:15:00" value="191.7775"/>
                <event date="1993-12-21" time="16:30:00" value="191.7782"/>
                <event date="1993-12-21" time="16:45:00" value="191.7776"/>
                <event date="1993-12-21" time="17:00:00" value="191.7768"/>
                <event date="1993-12-21" time="17:15:00" value="191.7756"/>
                <event date="1993-12-21" time="17:30:00" value="191.7752"/>
                <event date="1993-12-21" time="17:45:00" value="191.7741"/>
                <event date="1993-12-21" time="18:00:00" value="191.7719"/>
                <event date="1993-12-21" time="18:15:00" value="191.7694"/>
                <event date="1993-12-21" time="18:30:00" value="191.7661"/>
                <event date="1993-12-21" time="18:45:00" value="191.7636"/>
                <event date="1993-12-21" time="19:00:00" value="191.7622"/>
                <event date="1993-12-21" time="19:15:00" value="191.7616"/>
                <event date="1993-12-21" time="19:30:00" value="191.7604"/>
                <event date="1993-12-21" time="19:45:00" value="191.759"/>
                <event date="1993-12-21" time="20:00:00" value="191.7572"/>
                <event date="1993-12-21" time="20:15:00" value="191.7569"/>
                <event date="1993-12-21" time="20:30:00" value="191.7566"/>
                <event date="1993-12-21" time="20:45:00" value="191.7557"/>
                <event date="1993-12-21" time="21:00:00" value="191.7545"/>
                <event date="1993-12-21" time="21:15:00" value="191.7529"/>
                <event date="1993-12-21" time="21:30:00" value="191.7498"/>
                <event date="1993-12-21" time="21:45:00" value="191.7467"/>
                <event date="1993-12-21" time="22:00:00" value="191.7428"/>
                <event date="1993-12-21" time="22:15:00" value="191.7399"/>
                <event date="1993-12-21" time="22:30:00" value="191.7376"/>
                <event date="1993-12-21" time="22:45:00" value="191.7333"/>
                <event date="1993-12-21" time="23:00:00" value="191.7296"/>
                <event date="1993-12-21" time="23:15:00" value="191.7255"/>
                <event date="1993-12-21" time="23:30:00" value="191.7224"/>
                <event date="1993-12-21" time="23:45:00" value="191.7187"/>
                <event date="1993-12-22" time="00:00:00" value="191.716"/>
                <event date="1993-12-22" time="00:15:00" value="191.7141"/>
                <event date="1993-12-22" time="00:30:00" value="191.711"/>
                <event date="1993-12-22" time="00:45:00" value="191.7083"/>
                <event date="1993-12-22" time="01:00:00" value="191.7047"/>
                <event date="1993-12-22" time="01:15:00" value="191.7022"/>
                <event date="1993-12-22" time="01:30:00" value="191.7005"/>
                <event date="1993-12-22" time="01:45:00" value="191.6974"/>
                <event date="1993-12-22" time="02:00:00" value="191.6951"/>
                <event date="1993-12-22" time="02:15:00" value="191.6933"/>
                <event date="1993-12-22" time="02:30:00" value="191.6891"/>
                <event date="1993-12-22" time="02:45:00" value="191.6857"/>
                <event date="1993-12-22" time="03:00:00" value="191.6818"/>
                <event date="1993-12-22" time="03:15:00" value="191.6793"/>
                <event date="1993-12-22" time="03:30:00" value="191.6776"/>
                <event date="1993-12-22" time="03:45:00" value="191.6745"/>
                <event date="1993-12-22" time="04:00:00" value="191.6722"/>
                <event date="1993-12-22" time="04:15:00" value="191.6708"/>
                <event date="1993-12-22" time="04:30:00" value="191.6678"/>
                <event date="1993-12-22" time="04:45:00" value="191.6655"/>
                <event date="1993-12-22" time="05:00:00" value="191.6643"/>
                <event date="1993-12-22" time="05:15:00" value="191.6631"/>
                <event date="1993-12-22" time="05:30:00" value="191.6601"/>
                <event date="1993-12-22" time="05:45:00" value="191.658"/>
                <event date="1993-12-22" time="06:00:00" value="191.6569"/>
                <event date="1993-12-22" time="06:15:00" value="191.6563"/>
                <event date="1993-12-22" time="06:30:00" value="191.6553"/>
                <event date="1993-12-22" time="06:45:00" value="191.6523"/>
                <event date="1993-12-22" time="07:00:00" value="191.6501"/>
                <event date="1993-12-22" time="07:15:00" value="191.649"/>
                <event date="1993-12-22" time="07:30:00" value="191.6483"/>
                <event date="1993-12-22" time="07:45:00" value="191.6476"/>
                <event date="1993-12-22" time="08:00:00" value="191.6467"/>
                <event date="1993-12-22" time="08:15:00" value="191.6437"/>
                <event date="1993-12-22" time="08:30:00" value="191.6416"/>
                <event date="1993-12-22" time="08:45:00" value="191.6405"/>
                <event date="1993-12-22" time="09:00:00" value="191.6399"/>
                <event date="1993-12-22" time="09:15:00" value="191.639"/>
                <event date="1993-12-22" time="09:30:00" value="191.6359"/>
                <event date="1993-12-22" time="09:45:00" value="191.6339"/>
                <event date="1993-12-22" time="10:00:00" value="191.6329"/>
                <event date="1993-12-22" time="10:15:00" value="191.6323"/>
                <event date="1993-12-22" time="10:30:00" value="191.6314"/>
                <event date="1993-12-22" time="10:45:00" value="191.6284"/>
                <event date="1993-12-22" time="11:00:00" value="191.6264"/>
                <event date="1993-12-22" time="11:15:00" value="191.6259"/>
                <event date="1993-12-22" time="11:30:00" value="191.6284"/>
                <event date="1993-12-22" time="11:45:00" value="191.6322"/>
                <event date="1993-12-22" time="12:00:00" value="191.6339"/>
                <event date="1993-12-22" time="12:15:00" value="191.6347"/>
                <event date="1993-12-22" time="12:30:00" value="191.6371"/>
                <event date="1993-12-22" time="12:45:00" value="191.6384"/>
                <event date="1993-12-22" time="13:00:00" value="191.6385"/>
                <event date="1993-12-22" time="13:15:00" value="191.6382"/>
                <event date="1993-12-22" time="13:30:00" value="191.6378"/>
                <event date="1993-12-22" time="13:45:00" value="191.6374"/>
                <event date="1993-12-22" time="14:00:00" value="191.6369"/>
                <event date="1993-12-22" time="14:15:00" value="191.6365"/>
                <event date="1993-12-22" time="14:30:00" value="191.6361"/>
                <event date="1993-12-22" time="14:45:00" value="191.6358"/>
                <event date="1993-12-22" time="15:00:00" value="191.6354"/>
                <event date="1993-12-22" time="15:15:00" value="191.6351"/>
                <event date="1993-12-22" time="15:30:00" value="191.6344"/>
                <event date="1993-12-22" time="15:45:00" value="191.6316"/>
                <event date="1993-12-22" time="16:00:00" value="191.6298"/>
                <event date="1993-12-22" time="16:15:00" value="191.6291"/>
                <event date="1993-12-22" time="16:30:00" value="191.6286"/>
                <event date="1993-12-22" time="16:45:00" value="191.6279"/>
                <event date="1993-12-22" time="17:00:00" value="191.625"/>
                <event date="1993-12-22" time="17:15:00" value="191.6231"/>
                <event date="1993-12-22" time="17:30:00" value="191.6223"/>
                <event date="1993-12-22" time="17:45:00" value="191.6219"/>
                <event date="1993-12-22" time="18:00:00" value="191.6215"/>
                <event date="1993-12-22" time="18:15:00" value="191.6213"/>
                <event date="1993-12-22" time="18:30:00" value="191.6211"/>
                <event date="1993-12-22" time="18:45:00" value="191.6209"/>
                <event date="1993-12-22" time="19:00:00" value="191.6208"/>
                <event date="1993-12-22" time="19:15:00" value="191.6206"/>
                <event date="1993-12-22" time="19:30:00" value="191.6203"/>
                <event date="1993-12-22" time="19:45:00" value="191.6205"/>
                <event date="1993-12-22" time="20:00:00" value="191.6228"/>
                <event date="1993-12-22" time="20:15:00" value="191.6241"/>
                <event date="1993-12-22" time="20:30:00" value="191.6244"/>
                <event date="1993-12-22" time="20:45:00" value="191.6243"/>
                <event date="1993-12-22" time="21:00:00" value="191.6245"/>
                <event date="1993-12-22" time="21:15:00" value="191.6257"/>
                <event date="1993-12-22" time="21:30:00" value="191.6273"/>
                <event date="1993-12-22" time="21:45:00" value="191.6284"/>
                <event date="1993-12-22" time="22:00:00" value="191.6288"/>
                <event date="1993-12-22" time="22:15:00" value="191.6287"/>
                <event date="1993-12-22" time="22:30:00" value="191.6284"/>
                <event date="1993-12-22" time="22:45:00" value="191.628"/>
                <event date="1993-12-22" time="23:00:00" value="191.6274"/>
                <event date="1993-12-22" time="23:15:00" value="191.6268"/>
                <event date="1993-12-22" time="23:30:00" value="191.6263"/>
                <event date="1993-12-22" time="23:45:00" value="191.6258"/>
                <event date="1993-12-23" time="00:00:00" value="191.6254"/>
                <event date="1993-12-23" time="00:15:00" value="191.625"/>
                <event date="1993-12-23" time="00:30:00" value="191.6247"/>
                <event date="1993-12-23" time="00:45:00" value="191.6245"/>
                <event date="1993-12-23" time="01:00:00" value="191.6242"/>
                <event date="1993-12-23" time="01:15:00" value="191.6248"/>
                <event date="1993-12-23" time="01:30:00" value="191.6266"/>
                <event date="1993-12-23" time="01:45:00" value="191.628"/>
                <event date="1993-12-23" time="02:00:00" value="191.6271"/>
                <event date="1993-12-23" time="02:15:00" value="191.6283"/>
                <event date="1993-12-23" time="02:30:00" value="191.6302"/>
                <event date="1993-12-23" time="02:45:00" value="191.6303"/>
                <event date="1993-12-23" time="03:00:00" value="191.6291"/>
                <event date="1993-12-23" time="03:15:00" value="191.628"/>
                <event date="1993-12-23" time="03:30:00" value="191.6273"/>
                <event date="1993-12-23" time="03:45:00" value="191.6267"/>
                <event date="1993-12-23" time="04:00:00" value="191.626"/>
                <event date="1993-12-23" time="04:15:00" value="191.6252"/>
                <event date="1993-12-23" time="04:30:00" value="191.6244"/>
                <event date="1993-12-23" time="04:45:00" value="191.6237"/>
                <event date="1993-12-23" time="05:00:00" value="191.6231"/>
                <event date="1993-12-23" time="05:15:00" value="191.6225"/>
                <event date="1993-12-23" time="05:30:00" value="191.6221"/>
                <event date="1993-12-23" time="05:45:00" value="191.6218"/>
                <event date="1993-12-23" time="06:00:00" value="191.6196"/>
                <event date="1993-12-23" time="06:15:00" value="191.6179"/>
                <event date="1993-12-23" time="06:30:00" value="191.6169"/>
                <event date="1993-12-23" time="06:45:00" value="191.6163"/>
                <event date="1993-12-23" time="07:00:00" value="191.6161"/>
                <event date="1993-12-23" time="07:15:00" value="191.6166"/>
                <event date="1993-12-23" time="07:30:00" value="191.6172"/>
                <event date="1993-12-23" time="07:45:00" value="191.6172"/>
                <event date="1993-12-23" time="08:00:00" value="191.6167"/>
                <event date="1993-12-23" time="08:15:00" value="191.6162"/>
                <event date="1993-12-23" time="08:30:00" value="191.6159"/>
                <event date="1993-12-23" time="08:45:00" value="191.6156"/>
                <event date="1993-12-23" time="09:00:00" value="191.6153"/>
                <event date="1993-12-23" time="09:15:00" value="191.615"/>
                <event date="1993-12-23" time="09:30:00" value="191.6143"/>
                <event date="1993-12-23" time="09:45:00" value="191.6114"/>
                <event date="1993-12-23" time="10:00:00" value="191.6096"/>
                <event date="1993-12-23" time="10:15:00" value="191.6089"/>
                <event date="1993-12-23" time="10:30:00" value="191.6086"/>
                <event date="1993-12-23" time="10:45:00" value="191.6084"/>
                <event date="1993-12-23" time="11:00:00" value="191.6082"/>
                <event date="1993-12-23" time="11:15:00" value="191.608"/>
                <event date="1993-12-23" time="11:30:00" value="191.6082"/>
                <event date="1993-12-23" time="11:45:00" value="191.6108"/>
                <event date="1993-12-23" time="12:00:00" value="191.6122"/>
                <event date="1993-12-23" time="12:15:00" value="191.6125"/>
                <event date="1993-12-23" time="12:30:00" value="191.6125"/>
                <event date="1993-12-23" time="12:45:00" value="191.6124"/>
                <event date="1993-12-23" time="13:00:00" value="191.6123"/>
                <event date="1993-12-23" time="13:15:00" value="191.6122"/>
                <event date="1993-12-23" time="13:30:00" value="191.612"/>
                <event date="1993-12-23" time="13:45:00" value="191.6119"/>
                <event date="1993-12-23" time="14:00:00" value="191.6118"/>
                <event date="1993-12-23" time="14:15:00" value="191.6116"/>
                <event date="1993-12-23" time="14:30:00" value="191.6115"/>
                <event date="1993-12-23" time="14:45:00" value="191.6114"/>
                <event date="1993-12-23" time="15:00:00" value="191.6112"/>
                <event date="1993-12-23" time="15:15:00" value="191.6111"/>
                <event date="1993-12-23" time="15:30:00" value="191.611"/>
                <event date="1993-12-23" time="15:45:00" value="191.6104"/>
                <event date="1993-12-23" time="16:00:00" value="191.6077"/>
                <event date="1993-12-23" time="16:15:00" value="191.6059"/>
                <event date="1993-12-23" time="16:30:00" value="191.6053"/>
                <event date="1993-12-23" time="16:45:00" value="191.6051"/>
                <event date="1993-12-23" time="17:00:00" value="191.6049"/>
                <event date="1993-12-23" time="17:15:00" value="191.6048"/>
                <event date="1993-12-23" time="17:30:00" value="191.6046"/>
                <event date="1993-12-23" time="17:45:00" value="191.6045"/>
                <event date="1993-12-23" time="18:00:00" value="191.6044"/>
                <event date="1993-12-23" time="18:15:00" value="191.6043"/>
                <event date="1993-12-23" time="18:30:00" value="191.6042"/>
                <event date="1993-12-23" time="18:45:00" value="191.604"/>
                <event date="1993-12-23" time="19:00:00" value="191.6039"/>
                <event date="1993-12-23" time="19:15:00" value="191.6038"/>
                <event date="1993-12-23" time="19:30:00" value="191.6037"/>
                <event date="1993-12-23" time="19:45:00" value="191.6035"/>
                <event date="1993-12-23" time="20:00:00" value="191.6034"/>
                <event date="1993-12-23" time="20:15:00" value="191.6029"/>
                <event date="1993-12-23" time="20:30:00" value="191.6001"/>
                <event date="1993-12-23" time="20:45:00" value="191.5984"/>
                <event date="1993-12-23" time="21:00:00" value="191.5978"/>
                <event date="1993-12-23" time="21:15:00" value="191.5975"/>
                <event date="1993-12-23" time="21:30:00" value="191.5974"/>
                <event date="1993-12-23" time="21:45:00" value="191.5973"/>
                <event date="1993-12-23" time="22:00:00" value="191.5972"/>
                <event date="1993-12-23" time="22:15:00" value="191.5971"/>
                <event date="1993-12-23" time="22:30:00" value="191.597"/>
                <event date="1993-12-23" time="22:45:00" value="191.5971"/>
                <event date="1993-12-23" time="23:00:00" value="191.5976"/>
                <event date="1993-12-23" time="23:15:00" value="191.5982"/>
                <event date="1993-12-23" time="23:30:00" value="191.5983"/>
                <event date="1993-12-23" time="23:45:00" value="191.5981"/>
                <event date="1993-12-24" time="00:00:00" value="191.5977"/>
                <event date="1993-12-24" time="00:15:00" value="191.5975"/>
                <event date="1993-12-24" time="00:30:00" value="191.5975"/>
                <event date="1993-12-24" time="00:45:00" value="191.5975"/>
                <event date="1993-12-24" time="01:00:00" value="191.5973"/>
                <event date="1993-12-24" time="01:15:00" value="191.5976"/>
                <event date="1993-12-24" time="01:30:00" value="191.5987"/>
                <event date="1993-12-24" time="01:45:00" value="191.5998"/>
                <event date="1993-12-24" time="02:00:00" value="191.6002"/>
                <event date="1993-12-24" time="02:15:00" value="191.6001"/>
                <event date="1993-12-24" time="02:30:00" value="191.6001"/>
                <event date="1993-12-24" time="02:45:00" value="191.6022"/>
                <event date="1993-12-24" time="03:00:00" value="191.6033"/>
                <event date="1993-12-24" time="03:15:00" value="191.6034"/>
                <event date="1993-12-24" time="03:30:00" value="191.6033"/>
                <event date="1993-12-24" time="03:45:00" value="191.6032"/>
                <event date="1993-12-24" time="04:00:00" value="191.6032"/>
                <event date="1993-12-24" time="04:15:00" value="191.6033"/>
                <event date="1993-12-24" time="04:30:00" value="191.6034"/>
                <event date="1993-12-24" time="04:45:00" value="191.6033"/>
                <event date="1993-12-24" time="05:00:00" value="191.6032"/>
                <event date="1993-12-24" time="05:15:00" value="191.6031"/>
                <event date="1993-12-24" time="05:30:00" value="191.6032"/>
                <event date="1993-12-24" time="05:45:00" value="191.6034"/>
                <event date="1993-12-24" time="06:00:00" value="191.6035"/>
                <event date="1993-12-24" time="06:15:00" value="191.6032"/>
                <event date="1993-12-24" time="06:30:00" value="191.6026"/>
                <event date="1993-12-24" time="06:45:00" value="191.6022"/>
                <event date="1993-12-24" time="07:00:00" value="191.602"/>
                <event date="1993-12-24" time="07:15:00" value="191.602"/>
                <event date="1993-12-24" time="07:30:00" value="191.6025"/>
                <event date="1993-12-24" time="07:45:00" value="191.6054"/>
                <event date="1993-12-24" time="08:00:00" value="191.6075"/>
                <event date="1993-12-24" time="08:15:00" value="191.6087"/>
                <event date="1993-12-24" time="08:30:00" value="191.6095"/>
                <event date="1993-12-24" time="08:45:00" value="191.61"/>
                <event date="1993-12-24" time="09:00:00" value="191.6103"/>
                <event date="1993-12-24" time="09:15:00" value="191.6103"/>
                <event date="1993-12-24" time="09:30:00" value="191.6098"/>
                <event date="1993-12-24" time="09:45:00" value="191.6091"/>
                <event date="1993-12-24" time="10:00:00" value="191.6083"/>
                <event date="1993-12-24" time="10:15:00" value="191.6078"/>
                <event date="1993-12-24" time="10:30:00" value="191.6073"/>
                <event date="1993-12-24" time="10:45:00" value="191.6068"/>
                <event date="1993-12-24" time="11:00:00" value="191.6064"/>
                <event date="1993-12-24" time="11:15:00" value="191.6064"/>
                <event date="1993-12-24" time="11:30:00" value="191.6087"/>
                <event date="1993-12-24" time="11:45:00" value="191.61"/>
                <event date="1993-12-24" time="12:00:00" value="191.6102"/>
                <event date="1993-12-24" time="12:15:00" value="191.6101"/>
                <event date="1993-12-24" time="12:30:00" value="191.61"/>
                <event date="1993-12-24" time="12:45:00" value="191.6099"/>
                <event date="1993-12-24" time="13:00:00" value="191.6094"/>
                <event date="1993-12-24" time="13:15:00" value="191.6066"/>
                <event date="1993-12-24" time="13:30:00" value="191.6049"/>
                <event date="1993-12-24" time="13:45:00" value="191.6043"/>
                <event date="1993-12-24" time="14:00:00" value="191.604"/>
                <event date="1993-12-24" time="14:15:00" value="191.6039"/>
                <event date="1993-12-24" time="14:30:00" value="191.6034"/>
                <event date="1993-12-24" time="14:45:00" value="191.6002"/>
                <event date="1993-12-24" time="15:00:00" value="191.5939"/>
                <event date="1993-12-24" time="15:15:00" value="191.578"/>
                <event date="1993-12-24" time="15:30:00" value="191.566"/>
                <event date="1993-12-24" time="15:45:00" value="191.5591"/>
                <event date="1993-12-24" time="16:00:00" value="191.5563"/>
                <event date="1993-12-24" time="16:15:00" value="191.5551"/>
                <event date="1993-12-24" time="16:30:00" value="191.5524"/>
                <event date="1993-12-24" time="16:45:00" value="191.5507"/>
                <event date="1993-12-24" time="17:00:00" value="191.5498"/>
                <event date="1993-12-24" time="17:15:00" value="191.5473"/>
                <event date="1993-12-24" time="17:30:00" value="191.5459"/>
                <event date="1993-12-24" time="17:45:00" value="191.5454"/>
                <event date="1993-12-24" time="18:00:00" value="191.5451"/>
                <event date="1993-12-24" time="18:15:00" value="191.545"/>
                <event date="1993-12-24" time="18:30:00" value="191.5445"/>
                <event date="1993-12-24" time="18:45:00" value="191.5419"/>
                <event date="1993-12-24" time="19:00:00" value="191.5402"/>
                <event date="1993-12-24" time="19:15:00" value="191.5397"/>
                <event date="1993-12-24" time="19:30:00" value="191.5396"/>
                <event date="1993-12-24" time="19:45:00" value="191.5395"/>
                <event date="1993-12-24" time="20:00:00" value="191.5394"/>
                <event date="1993-12-24" time="20:15:00" value="191.539"/>
                <event date="1993-12-24" time="20:30:00" value="191.5364"/>
                <event date="1993-12-24" time="20:45:00" value="191.5348"/>
                <event date="1993-12-24" time="21:00:00" value="191.5342"/>
                <event date="1993-12-24" time="21:15:00" value="191.5341"/>
                <event date="1993-12-24" time="21:30:00" value="191.534"/>
                <event date="1993-12-24" time="21:45:00" value="191.534"/>
                <event date="1993-12-24" time="22:00:00" value="191.534"/>
                <event date="1993-12-24" time="22:15:00" value="191.5339"/>
                <event date="1993-12-24" time="22:30:00" value="191.5339"/>
                <event date="1993-12-24" time="22:45:00" value="191.5339"/>
                <event date="1993-12-24" time="23:00:00" value="191.5338"/>
                <event date="1993-12-24" time="23:15:00" value="191.5338"/>
                <event date="1993-12-24" time="23:30:00" value="191.5338"/>
                <event date="1993-12-24" time="23:45:00" value="191.5334"/>
                <event date="1993-12-25" time="00:00:00" value="191.5308"/>
                <event date="1993-12-25" time="00:15:00" value="191.5291"/>
                <event date="1993-12-25" time="00:30:00" value="191.5286"/>
                <event date="1993-12-25" time="00:45:00" value="191.5285"/>
                <event date="1993-12-25" time="01:00:00" value="191.5284"/>
                <event date="1993-12-25" time="01:15:00" value="191.5284"/>
                <event date="1993-12-25" time="01:30:00" value="191.5284"/>
                <event date="1993-12-25" time="01:45:00" value="191.528"/>
                <event date="1993-12-25" time="02:00:00" value="191.5253"/>
                <event date="1993-12-25" time="02:15:00" value="191.5237"/>
                <event date="1993-12-25" time="02:30:00" value="191.5232"/>
                <event date="1993-12-25" time="02:45:00" value="191.523"/>
                <event date="1993-12-25" time="03:00:00" value="191.523"/>
                <event date="1993-12-25" time="03:15:00" value="191.5229"/>
                <event date="1993-12-25" time="03:30:00" value="191.5229"/>
                <event date="1993-12-25" time="03:45:00" value="191.5229"/>
                <event date="1993-12-25" time="04:00:00" value="191.5229"/>
                <event date="1993-12-25" time="04:15:00" value="191.5229"/>
                <event date="1993-12-25" time="04:30:00" value="191.5228"/>
                <event date="1993-12-25" time="04:45:00" value="191.5228"/>
                <event date="1993-12-25" time="05:00:00" value="191.5228"/>
                <event date="1993-12-25" time="05:15:00" value="191.5228"/>
                <event date="1993-12-25" time="05:30:00" value="191.5228"/>
                <event date="1993-12-25" time="05:45:00" value="191.5227"/>
                <event date="1993-12-25" time="06:00:00" value="191.5227"/>
                <event date="1993-12-25" time="06:15:00" value="191.5227"/>
                <event date="1993-12-25" time="06:30:00" value="191.5227"/>
                <event date="1993-12-25" time="06:45:00" value="191.5223"/>
                <event date="1993-12-25" time="07:00:00" value="191.5198"/>
                <event date="1993-12-25" time="07:15:00" value="191.5182"/>
                <event date="1993-12-25" time="07:30:00" value="191.5177"/>
                <event date="1993-12-25" time="07:45:00" value="191.5176"/>
                <event date="1993-12-25" time="08:00:00" value="191.5176"/>
                <event date="1993-12-25" time="08:15:00" value="191.5175"/>
                <event date="1993-12-25" time="08:30:00" value="191.5175"/>
                <event date="1993-12-25" time="08:45:00" value="191.5175"/>
                <event date="1993-12-25" time="09:00:00" value="191.5175"/>
                <event date="1993-12-25" time="09:15:00" value="191.5175"/>
                <event date="1993-12-25" time="09:30:00" value="191.5174"/>
                <event date="1993-12-25" time="09:45:00" value="191.5174"/>
                <event date="1993-12-25" time="10:00:00" value="191.5171"/>
                <event date="1993-12-25" time="10:15:00" value="191.5146"/>
                <event date="1993-12-25" time="10:30:00" value="191.513"/>
                <event date="1993-12-25" time="10:45:00" value="191.5125"/>
                <event date="1993-12-25" time="11:00:00" value="191.5124"/>
                <event date="1993-12-25" time="11:15:00" value="191.5123"/>
                <event date="1993-12-25" time="11:30:00" value="191.5123"/>
                <event date="1993-12-25" time="11:45:00" value="191.5123"/>
                <event date="1993-12-25" time="12:00:00" value="191.5123"/>
                <event date="1993-12-25" time="12:15:00" value="191.5122"/>
                <event date="1993-12-25" time="12:30:00" value="191.5122"/>
                <event date="1993-12-25" time="12:45:00" value="191.5122"/>
                <event date="1993-12-25" time="13:00:00" value="191.5122"/>
                <event date="1993-12-25" time="13:15:00" value="191.5122"/>
                <event date="1993-12-25" time="13:30:00" value="191.5121"/>
                <event date="1993-12-25" time="13:45:00" value="191.5121"/>
                <event date="1993-12-25" time="14:00:00" value="191.5121"/>
                <event date="1993-12-25" time="14:15:00" value="191.5121"/>
                <event date="1993-12-25" time="14:30:00" value="191.5121"/>
                <event date="1993-12-25" time="14:45:00" value="191.5121"/>
                <event date="1993-12-25" time="15:00:00" value="191.5121"/>
                <event date="1993-12-25" time="15:15:00" value="191.5121"/>
                <event date="1993-12-25" time="15:30:00" value="191.512"/>
                <event date="1993-12-25" time="15:45:00" value="191.512"/>
                <event date="1993-12-25" time="16:00:00" value="191.512"/>
                <event date="1993-12-25" time="16:15:00" value="191.512"/>
                <event date="1993-12-25" time="16:30:00" value="191.512"/>
                <event date="1993-12-25" time="16:45:00" value="191.5117"/>
                <event date="1993-12-25" time="17:00:00" value="191.5091"/>
                <event date="1993-12-25" time="17:15:00" value="191.5075"/>
                <event date="1993-12-25" time="17:30:00" value="191.507"/>
                <event date="1993-12-25" time="17:45:00" value="191.5069"/>
                <event date="1993-12-25" time="18:00:00" value="191.5068"/>
                <event date="1993-12-25" time="18:15:00" value="191.5068"/>
                <event date="1993-12-25" time="18:30:00" value="191.5068"/>
                <event date="1993-12-25" time="18:45:00" value="191.5068"/>
                <event date="1993-12-25" time="19:00:00" value="191.5068"/>
                <event date="1993-12-25" time="19:15:00" value="191.5064"/>
                <event date="1993-12-25" time="19:30:00" value="191.5039"/>
                <event date="1993-12-25" time="19:45:00" value="191.5022"/>
                <event date="1993-12-25" time="20:00:00" value="191.5017"/>
                <event date="1993-12-25" time="20:15:00" value="191.5016"/>
                <event date="1993-12-25" time="20:30:00" value="191.5016"/>
                <event date="1993-12-25" time="20:45:00" value="191.5015"/>
                <event date="1993-12-25" time="21:00:00" value="191.5015"/>
                <event date="1993-12-25" time="21:15:00" value="191.5015"/>
                <event date="1993-12-25" time="21:30:00" value="191.5015"/>
                <event date="1993-12-25" time="21:45:00" value="191.5015"/>
                <event date="1993-12-25" time="22:00:00" value="191.5015"/>
                <event date="1993-12-25" time="22:15:00" value="191.5014"/>
                <event date="1993-12-25" time="22:30:00" value="191.5011"/>
                <event date="1993-12-25" time="22:45:00" value="191.4987"/>
                <event date="1993-12-25" time="23:00:00" value="191.4972"/>
                <event date="1993-12-25" time="23:15:00" value="191.4967"/>
                <event date="1993-12-25" time="23:30:00" value="191.4966"/>
                <event date="1993-12-25" time="23:45:00" value="191.4965"/>
                <event date="1993-12-26" time="00:00:00" value="191.4965"/>
                <event date="1993-12-26" time="00:15:00" value="191.4965"/>
                <event date="1993-12-26" time="00:30:00" value="191.4965"/>
                <event date="1993-12-26" time="00:45:00" value="191.4965"/>
                <event date="1993-12-26" time="01:00:00" value="191.4965"/>
                <event date="1993-12-26" time="01:15:00" value="191.4964"/>
                <event date="1993-12-26" time="01:30:00" value="191.4964"/>
                <event date="1993-12-26" time="01:45:00" value="191.4964"/>
                <event date="1993-12-26" time="02:00:00" value="191.4964"/>
                <event date="1993-12-26" time="02:15:00" value="191.4964"/>
                <event date="1993-12-26" time="02:30:00" value="191.4964"/>
                <event date="1993-12-26" time="02:45:00" value="191.4964"/>
                <event date="1993-12-26" time="03:00:00" value="191.4961"/>
                <event date="1993-12-26" time="03:15:00" value="191.4937"/>
                <event date="1993-12-26" time="03:30:00" value="191.4921"/>
                <event date="1993-12-26" time="03:45:00" value="191.4916"/>
                <event date="1993-12-26" time="04:00:00" value="191.4915"/>
                <event date="1993-12-26" time="04:15:00" value="191.4915"/>
                <event date="1993-12-26" time="04:30:00" value="191.4915"/>
                <event date="1993-12-26" time="04:45:00" value="191.4914"/>
                <event date="1993-12-26" time="05:00:00" value="191.4914"/>
                <event date="1993-12-26" time="05:15:00" value="191.4914"/>
                <event date="1993-12-26" time="05:30:00" value="191.4914"/>
                <event date="1993-12-26" time="05:45:00" value="191.4914"/>
                <event date="1993-12-26" time="06:00:00" value="191.4914"/>
                <event date="1993-12-26" time="06:15:00" value="191.4914"/>
                <event date="1993-12-26" time="06:30:00" value="191.4914"/>
                <event date="1993-12-26" time="06:45:00" value="191.4914"/>
                <event date="1993-12-26" time="07:00:00" value="191.4914"/>
                <event date="1993-12-26" time="07:15:00" value="191.4914"/>
                <event date="1993-12-26" time="07:30:00" value="191.4913"/>
                <event date="1993-12-26" time="07:45:00" value="191.4913"/>
                <event date="1993-12-26" time="08:00:00" value="191.4911"/>
                <event date="1993-12-26" time="08:15:00" value="191.4886"/>
                <event date="1993-12-26" time="08:30:00" value="191.487"/>
                <event date="1993-12-26" time="08:45:00" value="191.4865"/>
                <event date="1993-12-26" time="09:00:00" value="191.4864"/>
                <event date="1993-12-26" time="09:15:00" value="191.4864"/>
                <event date="1993-12-26" time="09:30:00" value="191.4864"/>
                <event date="1993-12-26" time="09:45:00" value="191.4864"/>
                <event date="1993-12-26" time="10:00:00" value="191.4864"/>
                <event date="1993-12-26" time="10:15:00" value="191.4863"/>
                <event date="1993-12-26" time="10:30:00" value="191.4863"/>
                <event date="1993-12-26" time="10:45:00" value="191.4861"/>
                <event date="1993-12-26" time="11:00:00" value="191.4833"/>
                <event date="1993-12-26" time="11:15:00" value="191.479"/>
                <event date="1993-12-26" time="11:30:00" value="191.4739"/>
                <event date="1993-12-26" time="11:45:00" value="191.4663"/>
                <event date="1993-12-26" time="12:00:00" value="191.4567"/>
                <event date="1993-12-26" time="12:15:00" value="191.4398"/>
                <event date="1993-12-26" time="12:30:00" value="191.4182"/>
                <event date="1993-12-26" time="12:45:00" value="191.4029"/>
                <event date="1993-12-26" time="13:00:00" value="191.392"/>
                <event date="1993-12-26" time="13:15:00" value="191.3838"/>
                <event date="1993-12-26" time="13:30:00" value="191.3775"/>
                <event date="1993-12-26" time="13:45:00" value="191.3721"/>
                <event date="1993-12-26" time="14:00:00" value="191.3713"/>
                <event date="1993-12-26" time="14:15:00" value="191.3767"/>
                <event date="1993-12-26" time="14:30:00" value="191.386"/>
                <event date="1993-12-26" time="14:45:00" value="191.3988"/>
                <event date="1993-12-26" time="15:00:00" value="191.4114"/>
                <event date="1993-12-26" time="15:15:00" value="191.4204"/>
                <event date="1993-12-26" time="15:30:00" value="191.4266"/>
                <event date="1993-12-26" time="15:45:00" value="191.4292"/>
                <event date="1993-12-26" time="16:00:00" value="191.4253"/>
                <event date="1993-12-26" time="16:15:00" value="191.4191"/>
                <event date="1993-12-26" time="16:30:00" value="191.4088"/>
                <event date="1993-12-26" time="16:45:00" value="191.3975"/>
                <event date="1993-12-26" time="17:00:00" value="191.3869"/>
                <event date="1993-12-26" time="17:15:00" value="191.3785"/>
                <event date="1993-12-26" time="17:30:00" value="191.3721"/>
                <event date="1993-12-26" time="17:45:00" value="191.3686"/>
                <event date="1993-12-26" time="18:00:00" value="191.3672"/>
                <event date="1993-12-26" time="18:15:00" value="191.3668"/>
                <event date="1993-12-26" time="18:30:00" value="191.3668"/>
                <event date="1993-12-26" time="18:45:00" value="191.3696"/>
                <event date="1993-12-26" time="19:00:00" value="191.3807"/>
                <event date="1993-12-26" time="19:15:00" value="191.3943"/>
                <event date="1993-12-26" time="19:30:00" value="191.4063"/>
                <event date="1993-12-26" time="19:45:00" value="191.415"/>
                <event date="1993-12-26" time="20:00:00" value="191.4214"/>
                <event date="1993-12-26" time="20:15:00" value="191.4268"/>
                <event date="1993-12-26" time="20:30:00" value="191.4296"/>
                <event date="1993-12-26" time="20:45:00" value="191.4302"/>
                <event date="1993-12-26" time="21:00:00" value="191.4271"/>
                <event date="1993-12-26" time="21:15:00" value="191.4136"/>
                <event date="1993-12-26" time="21:30:00" value="191.399"/>
                <event date="1993-12-26" time="21:45:00" value="191.385"/>
                <event date="1993-12-26" time="22:00:00" value="191.3743"/>
                <event date="1993-12-26" time="22:15:00" value="191.367"/>
                <event date="1993-12-26" time="22:30:00" value="191.363"/>
                <event date="1993-12-26" time="22:45:00" value="191.3615"/>
                <event date="1993-12-26" time="23:00:00" value="191.361"/>
                <event date="1993-12-26" time="23:15:00" value="191.361"/>
                <event date="1993-12-26" time="23:30:00" value="191.3632"/>
                <event date="1993-12-26" time="23:45:00" value="191.3678"/>
                <event date="1993-12-27" time="00:00:00" value="191.3755"/>
                <event date="1993-12-27" time="00:15:00" value="191.3876"/>
                <event date="1993-12-27" time="00:30:00" value="191.4001"/>
                <event date="1993-12-27" time="00:45:00" value="191.4092"/>
                <event date="1993-12-27" time="01:00:00" value="191.4157"/>
                <event date="1993-12-27" time="01:15:00" value="191.4188"/>
                <event date="1993-12-27" time="01:30:00" value="191.4199"/>
                <event date="1993-12-27" time="01:45:00" value="191.4195"/>
                <event date="1993-12-27" time="02:00:00" value="191.4122"/>
                <event date="1993-12-27" time="02:15:00" value="191.4019"/>
                <event date="1993-12-27" time="02:30:00" value="191.3914"/>
                <event date="1993-12-27" time="02:45:00" value="191.3811"/>
                <event date="1993-12-27" time="03:00:00" value="191.3728"/>
                <event date="1993-12-27" time="03:15:00" value="191.3661"/>
                <event date="1993-12-27" time="03:30:00" value="191.3604"/>
                <event date="1993-12-27" time="03:45:00" value="191.3569"/>
                <event date="1993-12-27" time="04:00:00" value="191.3555"/>
                <event date="1993-12-27" time="04:15:00" value="191.355"/>
                <event date="1993-12-27" time="04:30:00" value="191.355"/>
                <event date="1993-12-27" time="04:45:00" value="191.3574"/>
                <event date="1993-12-27" time="05:00:00" value="191.3643"/>
                <event date="1993-12-27" time="05:15:00" value="191.3762"/>
                <event date="1993-12-27" time="05:30:00" value="191.3887"/>
                <event date="1993-12-27" time="05:45:00" value="191.398"/>
                <event date="1993-12-27" time="06:00:00" value="191.4046"/>
                <event date="1993-12-27" time="06:15:00" value="191.4079"/>
                <event date="1993-12-27" time="06:30:00" value="191.4092"/>
                <event date="1993-12-27" time="06:45:00" value="191.4116"/>
                <event date="1993-12-27" time="07:00:00" value="191.4108"/>
                <event date="1993-12-27" time="07:15:00" value="191.4044"/>
                <event date="1993-12-27" time="07:30:00" value="191.3934"/>
                <event date="1993-12-27" time="07:45:00" value="191.3816"/>
                <event date="1993-12-27" time="08:00:00" value="191.3708"/>
                <event date="1993-12-27" time="08:15:00" value="191.364"/>
                <event date="1993-12-27" time="08:30:00" value="191.3593"/>
                <event date="1993-12-27" time="08:45:00" value="191.3564"/>
                <event date="1993-12-27" time="09:00:00" value="191.3552"/>
                <event date="1993-12-27" time="09:15:00" value="191.3548"/>
                <event date="1993-12-27" time="09:30:00" value="191.3547"/>
                <event date="1993-12-27" time="09:45:00" value="191.3552"/>
                <event date="1993-12-27" time="10:00:00" value="191.3639"/>
                <event date="1993-12-27" time="10:15:00" value="191.3722"/>
                <event date="1993-12-27" time="10:30:00" value="191.3759"/>
                <event date="1993-12-27" time="10:45:00" value="191.3815"/>
                <event date="1993-12-27" time="11:00:00" value="191.3881"/>
                <event date="1993-12-27" time="11:15:00" value="191.394"/>
                <event date="1993-12-27" time="11:30:00" value="191.3994"/>
                <event date="1993-12-27" time="11:45:00" value="191.4022"/>
                <event date="1993-12-27" time="12:00:00" value="191.4009"/>
                <event date="1993-12-27" time="12:15:00" value="191.3991"/>
                <event date="1993-12-27" time="12:30:00" value="191.3959"/>
                <event date="1993-12-27" time="12:45:00" value="191.3892"/>
                <event date="1993-12-27" time="13:00:00" value="191.3802"/>
                <event date="1993-12-27" time="13:15:00" value="191.3723"/>
                <event date="1993-12-27" time="13:30:00" value="191.3658"/>
                <event date="1993-12-27" time="13:45:00" value="191.36"/>
                <event date="1993-12-27" time="14:00:00" value="191.3564"/>
                <event date="1993-12-27" time="14:15:00" value="191.3528"/>
                <event date="1993-12-27" time="14:30:00" value="191.3503"/>
                <event date="1993-12-27" time="14:45:00" value="191.3492"/>
                <event date="1993-12-27" time="15:00:00" value="191.3488"/>
                <event date="1993-12-27" time="15:15:00" value="191.3487"/>
                <event date="1993-12-27" time="15:30:00" value="191.3488"/>
                <event date="1993-12-27" time="15:45:00" value="191.351"/>
                <event date="1993-12-27" time="16:00:00" value="191.3532"/>
                <event date="1993-12-27" time="16:15:00" value="191.3563"/>
                <event date="1993-12-27" time="16:30:00" value="191.3589"/>
                <event date="1993-12-27" time="16:45:00" value="191.362"/>
                <event date="1993-12-27" time="17:00:00" value="191.3645"/>
                <event date="1993-12-27" time="17:15:00" value="191.3654"/>
                <event date="1993-12-27" time="17:30:00" value="191.3658"/>
                <event date="1993-12-27" time="17:45:00" value="191.3658"/>
                <event date="1993-12-27" time="18:00:00" value="191.3658"/>
                <event date="1993-12-27" time="18:15:00" value="191.3658"/>
                <event date="1993-12-27" time="18:30:00" value="191.3659"/>
                <event date="1993-12-27" time="18:45:00" value="191.3659"/>
                <event date="1993-12-27" time="19:00:00" value="191.3659"/>
                <event date="1993-12-27" time="19:15:00" value="191.3659"/>
                <event date="1993-12-27" time="19:30:00" value="191.3658"/>
                <event date="1993-12-27" time="19:45:00" value="191.3658"/>
                <event date="1993-12-27" time="20:00:00" value="191.3658"/>
                <event date="1993-12-27" time="20:15:00" value="191.3658"/>
                <event date="1993-12-27" time="20:30:00" value="191.3658"/>
                <event date="1993-12-27" time="20:45:00" value="191.3658"/>
                <event date="1993-12-27" time="21:00:00" value="191.3658"/>
                <event date="1993-12-27" time="21:15:00" value="191.3658"/>
                <event date="1993-12-27" time="21:30:00" value="191.3658"/>
                <event date="1993-12-27" time="21:45:00" value="191.3658"/>
                <event date="1993-12-27" time="22:00:00" value="191.3658"/>
                <event date="1993-12-27" time="22:15:00" value="191.3658"/>
                <event date="1993-12-27" time="22:30:00" value="191.3658"/>
                <event date="1993-12-27" time="22:45:00" value="191.3658"/>
                <event date="1993-12-27" time="23:00:00" value="191.3658"/>
                <event date="1993-12-27" time="23:15:00" value="191.3658"/>
                <event date="1993-12-27" time="23:30:00" value="191.3658"/>
                <event date="1993-12-27" time="23:45:00" value="191.3657"/>
                <event date="1993-12-28" time="00:00:00" value="191.3657"/>
                <event date="1993-12-28" time="00:15:00" value="191.3657"/>
                <event date="1993-12-28" time="00:30:00" value="191.3657"/>
                <event date="1993-12-28" time="00:45:00" value="191.3657"/>
                <event date="1993-12-28" time="01:00:00" value="191.3657"/>
                <event date="1993-12-28" time="01:15:00" value="191.3657"/>
                <event date="1993-12-28" time="01:30:00" value="191.3657"/>
                <event date="1993-12-28" time="01:45:00" value="191.3657"/>
                <event date="1993-12-28" time="02:00:00" value="191.3657"/>
                <event date="1993-12-28" time="02:15:00" value="191.3657"/>
                <event date="1993-12-28" time="02:30:00" value="191.3657"/>
                <event date="1993-12-28" time="02:45:00" value="191.3657"/>
                <event date="1993-12-28" time="03:00:00" value="191.3657"/>
                <event date="1993-12-28" time="03:15:00" value="191.3657"/>
                <event date="1993-12-28" time="03:30:00" value="191.3657"/>
                <event date="1993-12-28" time="03:45:00" value="191.3657"/>
                <event date="1993-12-28" time="04:00:00" value="191.3657"/>
                <event date="1993-12-28" time="04:15:00" value="191.3657"/>
                <event date="1993-12-28" time="04:30:00" value="191.3657"/>
                <event date="1993-12-28" time="04:45:00" value="191.3655"/>
                <event date="1993-12-28" time="05:00:00" value="191.3634"/>
                <event date="1993-12-28" time="05:15:00" value="191.3611"/>
                <event date="1993-12-28" time="05:30:00" value="191.3581"/>
                <event date="1993-12-28" time="05:45:00" value="191.3557"/>
                <event date="1993-12-28" time="06:00:00" value="191.3547"/>
                <event date="1993-12-28" time="06:15:00" value="191.3542"/>
                <event date="1993-12-28" time="06:30:00" value="191.3519"/>
                <event date="1993-12-28" time="06:45:00" value="191.3497"/>
                <event date="1993-12-28" time="07:00:00" value="191.3488"/>
                <event date="1993-12-28" time="07:15:00" value="191.3485"/>
                <event date="1993-12-28" time="07:30:00" value="191.3484"/>
                <event date="1993-12-28" time="07:45:00" value="191.3483"/>
                <event date="1993-12-28" time="08:00:00" value="191.3483"/>
                <event date="1993-12-28" time="08:15:00" value="191.3481"/>
                <event date="1993-12-28" time="08:30:00" value="191.3459"/>
                <event date="1993-12-28" time="08:45:00" value="191.3438"/>
                <event date="1993-12-28" time="09:00:00" value="191.3428"/>
                <event date="1993-12-28" time="09:15:00" value="191.3424"/>
                <event date="1993-12-28" time="09:30:00" value="191.3424"/>
                <event date="1993-12-28" time="09:45:00" value="191.3446"/>
                <event date="1993-12-28" time="10:00:00" value="191.3467"/>
                <event date="1993-12-28" time="10:15:00" value="191.3477"/>
                <event date="1993-12-28" time="10:30:00" value="191.348"/>
                <event date="1993-12-28" time="10:45:00" value="191.3481"/>
                <event date="1993-12-28" time="11:00:00" value="191.3483"/>
                <event date="1993-12-28" time="11:15:00" value="191.3505"/>
                <event date="1993-12-28" time="11:30:00" value="191.3526"/>
                <event date="1993-12-28" time="11:45:00" value="191.3536"/>
                <event date="1993-12-28" time="12:00:00" value="191.3539"/>
                <event date="1993-12-28" time="12:15:00" value="191.354"/>
                <event date="1993-12-28" time="12:30:00" value="191.354"/>
                <event date="1993-12-28" time="12:45:00" value="191.354"/>
                <event date="1993-12-28" time="13:00:00" value="191.354"/>
                <event date="1993-12-28" time="13:15:00" value="191.354"/>
                <event date="1993-12-28" time="13:30:00" value="191.354"/>
                <event date="1993-12-28" time="13:45:00" value="191.354"/>
                <event date="1993-12-28" time="14:00:00" value="191.354"/>
                <event date="1993-12-28" time="14:15:00" value="191.354"/>
                <event date="1993-12-28" time="14:30:00" value="191.354"/>
                <event date="1993-12-28" time="14:45:00" value="191.354"/>
                <event date="1993-12-28" time="15:00:00" value="191.354"/>
                <event date="1993-12-28" time="15:15:00" value="191.3538"/>
                <event date="1993-12-28" time="15:30:00" value="191.3516"/>
                <event date="1993-12-28" time="15:45:00" value="191.3495"/>
                <event date="1993-12-28" time="16:00:00" value="191.3484"/>
                <event date="1993-12-28" time="16:15:00" value="191.3459"/>
                <event date="1993-12-28" time="16:30:00" value="191.3437"/>
                <event date="1993-12-28" time="16:45:00" value="191.3427"/>
                <event date="1993-12-28" time="17:00:00" value="191.3423"/>
                <event date="1993-12-28" time="17:15:00" value="191.3422"/>
                <event date="1993-12-28" time="17:30:00" value="191.342"/>
                <event date="1993-12-28" time="17:45:00" value="191.3398"/>
                <event date="1993-12-28" time="18:00:00" value="191.3376"/>
                <event date="1993-12-28" time="18:15:00" value="191.3366"/>
                <event date="1993-12-28" time="18:30:00" value="191.3362"/>
                <event date="1993-12-28" time="18:45:00" value="191.336"/>
                <event date="1993-12-28" time="19:00:00" value="191.336"/>
                <event date="1993-12-28" time="19:15:00" value="191.336"/>
                <event date="1993-12-28" time="19:30:00" value="191.336"/>
                <event date="1993-12-28" time="19:45:00" value="191.336"/>
                <event date="1993-12-28" time="20:00:00" value="191.336"/>
                <event date="1993-12-28" time="20:15:00" value="191.336"/>
                <event date="1993-12-28" time="20:30:00" value="191.3359"/>
                <event date="1993-12-28" time="20:45:00" value="191.3359"/>
                <event date="1993-12-28" time="21:00:00" value="191.3361"/>
                <event date="1993-12-28" time="21:15:00" value="191.3382"/>
                <event date="1993-12-28" time="21:30:00" value="191.3404"/>
                <event date="1993-12-28" time="21:45:00" value="191.3414"/>
                <event date="1993-12-28" time="22:00:00" value="191.3418"/>
                <event date="1993-12-28" time="22:15:00" value="191.3421"/>
                <event date="1993-12-28" time="22:30:00" value="191.3443"/>
                <event date="1993-12-28" time="22:45:00" value="191.3465"/>
                <event date="1993-12-28" time="23:00:00" value="191.3475"/>
                <event date="1993-12-28" time="23:15:00" value="191.3478"/>
                <event date="1993-12-28" time="23:30:00" value="191.3479"/>
                <event date="1993-12-28" time="23:45:00" value="191.348"/>
                <comment/>
        </series>
</TimeSeries>
