<?xml version="1.0" encoding="UTF-8"?>
<TimeSeries xmlns="http://www.wldelft.nl/fews/PI" xmlns:xsi="http://www.w3.org/2001/XMLSchema-instance" xsi:schemaLocation="http://www.wldelft.nl/fews/PI file:/C:/Programme_inst/eclipse33/workspace/KalypsoModelWspmSobekCore/etc/schemas/pi/pi_timeseries.xsd" version="1.2">
        <timeZone>0.0</timeZone>
        <series>
                <header>
                        <type>instantaneous</type>
                        <locationId>csn_00037</locationId>
                        <parameterId>W</parameterId>
                        <timeStep unit="minute" multiplier="15" />
                        <startDate time="01:00:00" date="1993-12-18"/>
                        <endDate time="23:00:00" date="1993-12-28"/>
                        <missVal>NaN</missVal>
                        <units>m NHN</units>
                </header>
                <event date="1993-12-18" time="00:00:00" value="182.62"/>
                <event date="1993-12-18" time="00:15:00" value="182.4507"/>
                <event date="1993-12-18" time="00:30:00" value="182.3763"/>
                <event date="1993-12-18" time="00:45:00" value="182.1494"/>
                <event date="1993-12-18" time="01:00:00" value="182.0378"/>
                <event date="1993-12-18" time="01:15:00" value="182.0722"/>
                <event date="1993-12-18" time="01:30:00" value="182.1157"/>
                <event date="1993-12-18" time="01:45:00" value="182.1387"/>
                <event date="1993-12-18" time="02:00:00" value="182.1483"/>
                <event date="1993-12-18" time="02:15:00" value="182.1517"/>
                <event date="1993-12-18" time="02:30:00" value="182.1529"/>
                <event date="1993-12-18" time="02:45:00" value="182.1546"/>
                <event date="1993-12-18" time="03:00:00" value="182.157"/>
                <event date="1993-12-18" time="03:15:00" value="182.1585"/>
                <event date="1993-12-18" time="03:30:00" value="182.1591"/>
                <event date="1993-12-18" time="03:45:00" value="182.1591"/>
                <event date="1993-12-18" time="04:00:00" value="182.1589"/>
                <event date="1993-12-18" time="04:15:00" value="182.1585"/>
                <event date="1993-12-18" time="04:30:00" value="182.1581"/>
                <event date="1993-12-18" time="04:45:00" value="182.1574"/>
                <event date="1993-12-18" time="05:00:00" value="182.1552"/>
                <event date="1993-12-18" time="05:15:00" value="182.1522"/>
                <event date="1993-12-18" time="05:30:00" value="182.1499"/>
                <event date="1993-12-18" time="05:45:00" value="182.1483"/>
                <event date="1993-12-18" time="06:00:00" value="182.1474"/>
                <event date="1993-12-18" time="06:15:00" value="182.1468"/>
                <event date="1993-12-18" time="06:30:00" value="182.1463"/>
                <event date="1993-12-18" time="06:45:00" value="182.146"/>
                <event date="1993-12-18" time="07:00:00" value="182.1456"/>
                <event date="1993-12-18" time="07:15:00" value="182.1452"/>
                <event date="1993-12-18" time="07:30:00" value="182.1446"/>
                <event date="1993-12-18" time="07:45:00" value="182.1425"/>
                <event date="1993-12-18" time="08:00:00" value="182.1396"/>
                <event date="1993-12-18" time="08:15:00" value="182.1373"/>
                <event date="1993-12-18" time="08:30:00" value="182.1357"/>
                <event date="1993-12-18" time="08:45:00" value="182.1348"/>
                <event date="1993-12-18" time="09:00:00" value="182.1343"/>
                <event date="1993-12-18" time="09:15:00" value="182.1339"/>
                <event date="1993-12-18" time="09:30:00" value="182.1335"/>
                <event date="1993-12-18" time="09:45:00" value="182.1332"/>
                <event date="1993-12-18" time="10:00:00" value="182.1329"/>
                <event date="1993-12-18" time="10:15:00" value="182.1324"/>
                <event date="1993-12-18" time="10:30:00" value="182.1305"/>
                <event date="1993-12-18" time="10:45:00" value="182.1277"/>
                <event date="1993-12-18" time="11:00:00" value="182.1253"/>
                <event date="1993-12-18" time="11:15:00" value="182.1238"/>
                <event date="1993-12-18" time="11:30:00" value="182.1229"/>
                <event date="1993-12-18" time="11:45:00" value="182.1224"/>
                <event date="1993-12-18" time="12:00:00" value="182.122"/>
                <event date="1993-12-18" time="12:15:00" value="182.1217"/>
                <event date="1993-12-18" time="12:30:00" value="182.1214"/>
                <event date="1993-12-18" time="12:45:00" value="182.1212"/>
                <event date="1993-12-18" time="13:00:00" value="182.1209"/>
                <event date="1993-12-18" time="13:15:00" value="182.1207"/>
                <event date="1993-12-18" time="13:30:00" value="182.1205"/>
                <event date="1993-12-18" time="13:45:00" value="182.1203"/>
                <event date="1993-12-18" time="14:00:00" value="182.1201"/>
                <event date="1993-12-18" time="14:15:00" value="182.1199"/>
                <event date="1993-12-18" time="14:30:00" value="182.1197"/>
                <event date="1993-12-18" time="14:45:00" value="182.1195"/>
                <event date="1993-12-18" time="15:00:00" value="182.1193"/>
                <event date="1993-12-18" time="15:15:00" value="182.1191"/>
                <event date="1993-12-18" time="15:30:00" value="182.1189"/>
                <event date="1993-12-18" time="15:45:00" value="182.1187"/>
                <event date="1993-12-18" time="16:00:00" value="182.1183"/>
                <event date="1993-12-18" time="16:15:00" value="182.1167"/>
                <event date="1993-12-18" time="16:30:00" value="182.1141"/>
                <event date="1993-12-18" time="16:45:00" value="182.1118"/>
                <event date="1993-12-18" time="17:00:00" value="182.1103"/>
                <event date="1993-12-18" time="17:15:00" value="182.1094"/>
                <event date="1993-12-18" time="17:30:00" value="182.1088"/>
                <event date="1993-12-18" time="17:45:00" value="182.1085"/>
                <event date="1993-12-18" time="18:00:00" value="182.1083"/>
                <event date="1993-12-18" time="18:15:00" value="182.1081"/>
                <event date="1993-12-18" time="18:30:00" value="182.1079"/>
                <event date="1993-12-18" time="18:45:00" value="182.1078"/>
                <event date="1993-12-18" time="19:00:00" value="182.1076"/>
                <event date="1993-12-18" time="19:15:00" value="182.1075"/>
                <event date="1993-12-18" time="19:30:00" value="182.1073"/>
                <event date="1993-12-18" time="19:45:00" value="182.107"/>
                <event date="1993-12-18" time="20:00:00" value="182.1056"/>
                <event date="1993-12-18" time="20:15:00" value="182.1032"/>
                <event date="1993-12-18" time="20:30:00" value="182.1008"/>
                <event date="1993-12-18" time="20:45:00" value="182.0992"/>
                <event date="1993-12-18" time="21:00:00" value="182.0982"/>
                <event date="1993-12-18" time="21:15:00" value="182.0975"/>
                <event date="1993-12-18" time="21:30:00" value="182.0959"/>
                <event date="1993-12-18" time="21:45:00" value="182.0933"/>
                <event date="1993-12-18" time="22:00:00" value="182.0897"/>
                <event date="1993-12-18" time="22:15:00" value="182.0857"/>
                <event date="1993-12-18" time="22:30:00" value="182.0824"/>
                <event date="1993-12-18" time="22:45:00" value="182.0801"/>
                <event date="1993-12-18" time="23:00:00" value="182.0777"/>
                <event date="1993-12-18" time="23:15:00" value="182.0746"/>
                <event date="1993-12-18" time="23:30:00" value="182.0718"/>
                <event date="1993-12-18" time="23:45:00" value="182.0689"/>
                <event date="1993-12-19" time="00:00:00" value="182.0657"/>
                <event date="1993-12-19" time="00:15:00" value="182.0629"/>
                <event date="1993-12-19" time="00:30:00" value="182.0609"/>
                <event date="1993-12-19" time="00:45:00" value="182.0597"/>
                <event date="1993-12-19" time="01:00:00" value="182.0589"/>
                <event date="1993-12-19" time="01:15:00" value="182.0585"/>
                <event date="1993-12-19" time="01:30:00" value="182.0582"/>
                <event date="1993-12-19" time="01:45:00" value="182.058"/>
                <event date="1993-12-19" time="02:00:00" value="182.0579"/>
                <event date="1993-12-19" time="02:15:00" value="182.0578"/>
                <event date="1993-12-19" time="02:30:00" value="182.0577"/>
                <event date="1993-12-19" time="02:45:00" value="182.0576"/>
                <event date="1993-12-19" time="03:00:00" value="182.0575"/>
                <event date="1993-12-19" time="03:15:00" value="182.0574"/>
                <event date="1993-12-19" time="03:30:00" value="182.0574"/>
                <event date="1993-12-19" time="03:45:00" value="182.0572"/>
                <event date="1993-12-19" time="04:00:00" value="182.0562"/>
                <event date="1993-12-19" time="04:15:00" value="182.0542"/>
                <event date="1993-12-19" time="04:30:00" value="182.0519"/>
                <event date="1993-12-19" time="04:45:00" value="182.0502"/>
                <event date="1993-12-19" time="05:00:00" value="182.0491"/>
                <event date="1993-12-19" time="05:15:00" value="182.0484"/>
                <event date="1993-12-19" time="05:30:00" value="182.048"/>
                <event date="1993-12-19" time="05:45:00" value="182.0478"/>
                <event date="1993-12-19" time="06:00:00" value="182.0477"/>
                <event date="1993-12-19" time="06:15:00" value="182.0476"/>
                <event date="1993-12-19" time="06:30:00" value="182.0475"/>
                <event date="1993-12-19" time="06:45:00" value="182.0474"/>
                <event date="1993-12-19" time="07:00:00" value="182.0473"/>
                <event date="1993-12-19" time="07:15:00" value="182.0473"/>
                <event date="1993-12-19" time="07:30:00" value="182.0472"/>
                <event date="1993-12-19" time="07:45:00" value="182.0471"/>
                <event date="1993-12-19" time="08:00:00" value="182.0471"/>
                <event date="1993-12-19" time="08:15:00" value="182.047"/>
                <event date="1993-12-19" time="08:30:00" value="182.047"/>
                <event date="1993-12-19" time="08:45:00" value="182.0469"/>
                <event date="1993-12-19" time="09:00:00" value="182.0468"/>
                <event date="1993-12-19" time="09:15:00" value="182.0468"/>
                <event date="1993-12-19" time="09:30:00" value="182.0468"/>
                <event date="1993-12-19" time="09:45:00" value="182.0467"/>
                <event date="1993-12-19" time="10:00:00" value="182.0466"/>
                <event date="1993-12-19" time="10:15:00" value="182.0466"/>
                <event date="1993-12-19" time="10:30:00" value="182.0465"/>
                <event date="1993-12-19" time="10:45:00" value="182.0459"/>
                <event date="1993-12-19" time="11:00:00" value="182.045"/>
                <event date="1993-12-19" time="11:15:00" value="182.0467"/>
                <event date="1993-12-19" time="11:30:00" value="182.0548"/>
                <event date="1993-12-19" time="11:45:00" value="182.0715"/>
                <event date="1993-12-19" time="12:00:00" value="182.0941"/>
                <event date="1993-12-19" time="12:15:00" value="182.1182"/>
                <event date="1993-12-19" time="12:30:00" value="182.1388"/>
                <event date="1993-12-19" time="12:45:00" value="182.1558"/>
                <event date="1993-12-19" time="13:00:00" value="182.1724"/>
                <event date="1993-12-19" time="13:15:00" value="182.1867"/>
                <event date="1993-12-19" time="13:30:00" value="182.1963"/>
                <event date="1993-12-19" time="13:45:00" value="182.2028"/>
                <event date="1993-12-19" time="14:00:00" value="182.2073"/>
                <event date="1993-12-19" time="14:15:00" value="182.2096"/>
                <event date="1993-12-19" time="14:30:00" value="182.209"/>
                <event date="1993-12-19" time="14:45:00" value="182.2075"/>
                <event date="1993-12-19" time="15:00:00" value="182.2071"/>
                <event date="1993-12-19" time="15:15:00" value="182.2081"/>
                <event date="1993-12-19" time="15:30:00" value="182.2108"/>
                <event date="1993-12-19" time="15:45:00" value="182.2161"/>
                <event date="1993-12-19" time="16:00:00" value="182.2228"/>
                <event date="1993-12-19" time="16:15:00" value="182.229"/>
                <event date="1993-12-19" time="16:30:00" value="182.2335"/>
                <event date="1993-12-19" time="16:45:00" value="182.2378"/>
                <event date="1993-12-19" time="17:00:00" value="182.243"/>
                <event date="1993-12-19" time="17:15:00" value="182.2472"/>
                <event date="1993-12-19" time="17:30:00" value="182.2496"/>
                <event date="1993-12-19" time="17:45:00" value="182.2506"/>
                <event date="1993-12-19" time="18:00:00" value="182.2509"/>
                <event date="1993-12-19" time="18:15:00" value="182.2495"/>
                <event date="1993-12-19" time="18:30:00" value="182.2468"/>
                <event date="1993-12-19" time="18:45:00" value="182.2427"/>
                <event date="1993-12-19" time="19:00:00" value="182.2371"/>
                <event date="1993-12-19" time="19:15:00" value="182.2325"/>
                <event date="1993-12-19" time="19:30:00" value="182.2297"/>
                <event date="1993-12-19" time="19:45:00" value="182.2278"/>
                <event date="1993-12-19" time="20:00:00" value="182.227"/>
                <event date="1993-12-19" time="20:15:00" value="182.227"/>
                <event date="1993-12-19" time="20:30:00" value="182.2269"/>
                <event date="1993-12-19" time="20:45:00" value="182.2266"/>
                <event date="1993-12-19" time="21:00:00" value="182.2263"/>
                <event date="1993-12-19" time="21:15:00" value="182.2257"/>
                <event date="1993-12-19" time="21:30:00" value="182.2235"/>
                <event date="1993-12-19" time="21:45:00" value="182.2208"/>
                <event date="1993-12-19" time="22:00:00" value="182.2189"/>
                <event date="1993-12-19" time="22:15:00" value="182.2181"/>
                <event date="1993-12-19" time="22:30:00" value="182.2204"/>
                <event date="1993-12-19" time="22:45:00" value="182.2278"/>
                <event date="1993-12-19" time="23:00:00" value="182.2389"/>
                <event date="1993-12-19" time="23:15:00" value="182.2491"/>
                <event date="1993-12-19" time="23:30:00" value="182.2547"/>
                <event date="1993-12-19" time="23:45:00" value="182.2558"/>
                <event date="1993-12-20" time="00:00:00" value="182.2542"/>
                <event date="1993-12-20" time="00:15:00" value="182.2509"/>
                <event date="1993-12-20" time="00:30:00" value="182.2481"/>
                <event date="1993-12-20" time="00:45:00" value="182.2471"/>
                <event date="1993-12-20" time="01:00:00" value="182.251"/>
                <event date="1993-12-20" time="01:15:00" value="182.2681"/>
                <event date="1993-12-20" time="01:30:00" value="182.2922"/>
                <event date="1993-12-20" time="01:45:00" value="182.307"/>
                <event date="1993-12-20" time="02:00:00" value="182.3104"/>
                <event date="1993-12-20" time="02:15:00" value="182.3092"/>
                <event date="1993-12-20" time="02:30:00" value="182.3087"/>
                <event date="1993-12-20" time="02:45:00" value="182.3159"/>
                <event date="1993-12-20" time="03:00:00" value="182.3338"/>
                <event date="1993-12-20" time="03:15:00" value="182.3538"/>
                <event date="1993-12-20" time="03:30:00" value="182.3689"/>
                <event date="1993-12-20" time="03:45:00" value="182.3827"/>
                <event date="1993-12-20" time="04:00:00" value="182.3995"/>
                <event date="1993-12-20" time="04:15:00" value="182.4197"/>
                <event date="1993-12-20" time="04:30:00" value="182.4382"/>
                <event date="1993-12-20" time="04:45:00" value="182.4536"/>
                <event date="1993-12-20" time="05:00:00" value="182.4687"/>
                <event date="1993-12-20" time="05:15:00" value="182.4859"/>
                <event date="1993-12-20" time="05:30:00" value="182.5058"/>
                <event date="1993-12-20" time="05:45:00" value="182.5321"/>
                <event date="1993-12-20" time="06:00:00" value="182.5672"/>
                <event date="1993-12-20" time="06:15:00" value="182.6026"/>
                <event date="1993-12-20" time="06:30:00" value="182.628"/>
                <event date="1993-12-20" time="06:45:00" value="182.6412"/>
                <event date="1993-12-20" time="07:00:00" value="182.6458"/>
                <event date="1993-12-20" time="07:15:00" value="182.6459"/>
                <event date="1993-12-20" time="07:30:00" value="182.6443"/>
                <event date="1993-12-20" time="07:45:00" value="182.6416"/>
                <event date="1993-12-20" time="08:00:00" value="182.6382"/>
                <event date="1993-12-20" time="08:15:00" value="182.634"/>
                <event date="1993-12-20" time="08:30:00" value="182.6284"/>
                <event date="1993-12-20" time="08:45:00" value="182.6216"/>
                <event date="1993-12-20" time="09:00:00" value="182.6137"/>
                <event date="1993-12-20" time="09:15:00" value="182.6072"/>
                <event date="1993-12-20" time="09:30:00" value="182.6033"/>
                <event date="1993-12-20" time="09:45:00" value="182.601"/>
                <event date="1993-12-20" time="10:00:00" value="182.6006"/>
                <event date="1993-12-20" time="10:15:00" value="182.601"/>
                <event date="1993-12-20" time="10:30:00" value="182.6017"/>
                <event date="1993-12-20" time="10:45:00" value="182.6034"/>
                <event date="1993-12-20" time="11:00:00" value="182.6075"/>
                <event date="1993-12-20" time="11:15:00" value="182.6153"/>
                <event date="1993-12-20" time="11:30:00" value="182.6253"/>
                <event date="1993-12-20" time="11:45:00" value="182.6346"/>
                <event date="1993-12-20" time="12:00:00" value="182.6434"/>
                <event date="1993-12-20" time="12:15:00" value="182.6551"/>
                <event date="1993-12-20" time="12:30:00" value="182.6699"/>
                <event date="1993-12-20" time="12:45:00" value="182.6872"/>
                <event date="1993-12-20" time="13:00:00" value="182.7126"/>
                <event date="1993-12-20" time="13:15:00" value="182.7498"/>
                <event date="1993-12-20" time="13:30:00" value="182.7897"/>
                <event date="1993-12-20" time="13:45:00" value="182.8262"/>
                <event date="1993-12-20" time="14:00:00" value="182.859"/>
                <event date="1993-12-20" time="14:15:00" value="182.8876"/>
                <event date="1993-12-20" time="14:30:00" value="182.9141"/>
                <event date="1993-12-20" time="14:45:00" value="182.8791"/>
                <event date="1993-12-20" time="15:00:00" value="182.896"/>
                <event date="1993-12-20" time="15:15:00" value="182.9302"/>
                <event date="1993-12-20" time="15:30:00" value="182.9592"/>
                <event date="1993-12-20" time="15:45:00" value="182.9836"/>
                <event date="1993-12-20" time="16:00:00" value="183.0061"/>
                <event date="1993-12-20" time="16:15:00" value="183.028"/>
                <event date="1993-12-20" time="16:30:00" value="183.0477"/>
                <event date="1993-12-20" time="16:45:00" value="183.0646"/>
                <event date="1993-12-20" time="17:00:00" value="183.0791"/>
                <event date="1993-12-20" time="17:15:00" value="183.0919"/>
                <event date="1993-12-20" time="17:30:00" value="183.1041"/>
                <event date="1993-12-20" time="17:45:00" value="183.1166"/>
                <event date="1993-12-20" time="18:00:00" value="183.1298"/>
                <event date="1993-12-20" time="18:15:00" value="183.1431"/>
                <event date="1993-12-20" time="18:30:00" value="183.1553"/>
                <event date="1993-12-20" time="18:45:00" value="183.1665"/>
                <event date="1993-12-20" time="19:00:00" value="183.1772"/>
                <event date="1993-12-20" time="19:15:00" value="183.1876"/>
                <event date="1993-12-20" time="19:30:00" value="183.1977"/>
                <event date="1993-12-20" time="19:45:00" value="183.2068"/>
                <event date="1993-12-20" time="20:00:00" value="183.2146"/>
                <event date="1993-12-20" time="20:15:00" value="183.221"/>
                <event date="1993-12-20" time="20:30:00" value="183.226"/>
                <event date="1993-12-20" time="20:45:00" value="183.2296"/>
                <event date="1993-12-20" time="21:00:00" value="183.2317"/>
                <event date="1993-12-20" time="21:15:00" value="183.2323"/>
                <event date="1993-12-20" time="21:30:00" value="183.2317"/>
                <event date="1993-12-20" time="21:45:00" value="183.2306"/>
                <event date="1993-12-20" time="22:00:00" value="183.2301"/>
                <event date="1993-12-20" time="22:15:00" value="183.2311"/>
                <event date="1993-12-20" time="22:30:00" value="183.2337"/>
                <event date="1993-12-20" time="22:45:00" value="183.2372"/>
                <event date="1993-12-20" time="23:00:00" value="183.2414"/>
                <event date="1993-12-20" time="23:15:00" value="183.2466"/>
                <event date="1993-12-20" time="23:30:00" value="183.2537"/>
                <event date="1993-12-20" time="23:45:00" value="183.263"/>
                <event date="1993-12-21" time="00:00:00" value="183.275"/>
                <event date="1993-12-21" time="00:15:00" value="183.2891"/>
                <event date="1993-12-21" time="00:30:00" value="183.304"/>
                <event date="1993-12-21" time="00:45:00" value="183.3197"/>
                <event date="1993-12-21" time="01:00:00" value="183.3363"/>
                <event date="1993-12-21" time="01:15:00" value="183.3536"/>
                <event date="1993-12-21" time="01:30:00" value="183.3711"/>
                <event date="1993-12-21" time="01:45:00" value="183.3886"/>
                <event date="1993-12-21" time="02:00:00" value="183.4064"/>
                <event date="1993-12-21" time="02:15:00" value="183.4085"/>
                <event date="1993-12-21" time="02:30:00" value="183.4094"/>
                <event date="1993-12-21" time="02:45:00" value="183.4102"/>
                <event date="1993-12-21" time="03:00:00" value="183.4204"/>
                <event date="1993-12-21" time="03:15:00" value="183.4339"/>
                <event date="1993-12-21" time="03:30:00" value="183.4461"/>
                <event date="1993-12-21" time="03:45:00" value="183.458"/>
                <event date="1993-12-21" time="04:00:00" value="183.4697"/>
                <event date="1993-12-21" time="04:15:00" value="183.4805"/>
                <event date="1993-12-21" time="04:30:00" value="183.4903"/>
                <event date="1993-12-21" time="04:45:00" value="183.4991"/>
                <event date="1993-12-21" time="05:00:00" value="183.507"/>
                <event date="1993-12-21" time="05:15:00" value="183.5141"/>
                <event date="1993-12-21" time="05:30:00" value="183.5204"/>
                <event date="1993-12-21" time="05:45:00" value="183.5261"/>
                <event date="1993-12-21" time="06:00:00" value="183.531"/>
                <event date="1993-12-21" time="06:15:00" value="183.5352"/>
                <event date="1993-12-21" time="06:30:00" value="183.5387"/>
                <event date="1993-12-21" time="06:45:00" value="183.5413"/>
                <event date="1993-12-21" time="07:00:00" value="183.5464"/>
                <event date="1993-12-21" time="07:15:00" value="183.5486"/>
                <event date="1993-12-21" time="07:30:00" value="183.5476"/>
                <event date="1993-12-21" time="07:45:00" value="183.5453"/>
                <event date="1993-12-21" time="08:00:00" value="183.5433"/>
                <event date="1993-12-21" time="08:15:00" value="183.5412"/>
                <event date="1993-12-21" time="08:30:00" value="183.5389"/>
                <event date="1993-12-21" time="08:45:00" value="183.5363"/>
                <event date="1993-12-21" time="09:00:00" value="183.5332"/>
                <event date="1993-12-21" time="09:15:00" value="183.5295"/>
                <event date="1993-12-21" time="09:30:00" value="183.5253"/>
                <event date="1993-12-21" time="09:45:00" value="183.5204"/>
                <event date="1993-12-21" time="10:00:00" value="183.5147"/>
                <event date="1993-12-21" time="10:15:00" value="183.5085"/>
                <event date="1993-12-21" time="10:30:00" value="183.5018"/>
                <event date="1993-12-21" time="10:45:00" value="183.4946"/>
                <event date="1993-12-21" time="11:00:00" value="183.4872"/>
                <event date="1993-12-21" time="11:15:00" value="183.4793"/>
                <event date="1993-12-21" time="11:30:00" value="183.4712"/>
                <event date="1993-12-21" time="11:45:00" value="183.4627"/>
                <event date="1993-12-21" time="12:00:00" value="183.4538"/>
                <event date="1993-12-21" time="12:15:00" value="183.4448"/>
                <event date="1993-12-21" time="12:30:00" value="183.4354"/>
                <event date="1993-12-21" time="12:45:00" value="183.4254"/>
                <event date="1993-12-21" time="13:00:00" value="183.4138"/>
                <event date="1993-12-21" time="13:15:00" value="183.4096"/>
                <event date="1993-12-21" time="13:30:00" value="183.4086"/>
                <event date="1993-12-21" time="13:45:00" value="183.408"/>
                <event date="1993-12-21" time="14:00:00" value="183.4068"/>
                <event date="1993-12-21" time="14:15:00" value="183.4059"/>
                <event date="1993-12-21" time="14:30:00" value="183.3958"/>
                <event date="1993-12-21" time="14:45:00" value="183.3816"/>
                <event date="1993-12-21" time="15:00:00" value="183.3661"/>
                <event date="1993-12-21" time="15:15:00" value="183.3497"/>
                <event date="1993-12-21" time="15:30:00" value="183.333"/>
                <event date="1993-12-21" time="15:45:00" value="183.3159"/>
                <event date="1993-12-21" time="16:00:00" value="183.2985"/>
                <event date="1993-12-21" time="16:15:00" value="183.28"/>
                <event date="1993-12-21" time="16:30:00" value="183.2615"/>
                <event date="1993-12-21" time="16:45:00" value="183.2425"/>
                <event date="1993-12-21" time="17:00:00" value="183.2235"/>
                <event date="1993-12-21" time="17:15:00" value="183.205"/>
                <event date="1993-12-21" time="17:30:00" value="183.1868"/>
                <event date="1993-12-21" time="17:45:00" value="183.1697"/>
                <event date="1993-12-21" time="18:00:00" value="183.1535"/>
                <event date="1993-12-21" time="18:15:00" value="183.1375"/>
                <event date="1993-12-21" time="18:30:00" value="183.1227"/>
                <event date="1993-12-21" time="18:45:00" value="183.1091"/>
                <event date="1993-12-21" time="19:00:00" value="183.0965"/>
                <event date="1993-12-21" time="19:15:00" value="183.0853"/>
                <event date="1993-12-21" time="19:30:00" value="183.0755"/>
                <event date="1993-12-21" time="19:45:00" value="183.0674"/>
                <event date="1993-12-21" time="20:00:00" value="183.0604"/>
                <event date="1993-12-21" time="20:15:00" value="183.0543"/>
                <event date="1993-12-21" time="20:30:00" value="183.0491"/>
                <event date="1993-12-21" time="20:45:00" value="183.0449"/>
                <event date="1993-12-21" time="21:00:00" value="183.0416"/>
                <event date="1993-12-21" time="21:15:00" value="183.0387"/>
                <event date="1993-12-21" time="21:30:00" value="183.0359"/>
                <event date="1993-12-21" time="21:45:00" value="183.0327"/>
                <event date="1993-12-21" time="22:00:00" value="183.0286"/>
                <event date="1993-12-21" time="22:15:00" value="183.0237"/>
                <event date="1993-12-21" time="22:30:00" value="183.0179"/>
                <event date="1993-12-21" time="22:45:00" value="183.0119"/>
                <event date="1993-12-21" time="23:00:00" value="183.0057"/>
                <event date="1993-12-21" time="23:15:00" value="182.9988"/>
                <event date="1993-12-21" time="23:30:00" value="182.9914"/>
                <event date="1993-12-21" time="23:45:00" value="182.9837"/>
                <event date="1993-12-22" time="00:00:00" value="182.9759"/>
                <event date="1993-12-22" time="00:15:00" value="182.9683"/>
                <event date="1993-12-22" time="00:30:00" value="182.9613"/>
                <event date="1993-12-22" time="00:45:00" value="182.9548"/>
                <event date="1993-12-22" time="01:00:00" value="182.9485"/>
                <event date="1993-12-22" time="01:15:00" value="182.9421"/>
                <event date="1993-12-22" time="01:30:00" value="182.9355"/>
                <event date="1993-12-22" time="01:45:00" value="182.9294"/>
                <event date="1993-12-22" time="02:00:00" value="182.9237"/>
                <event date="1993-12-22" time="02:15:00" value="182.9179"/>
                <event date="1993-12-22" time="02:30:00" value="182.9125"/>
                <event date="1993-12-22" time="02:45:00" value="182.907"/>
                <event date="1993-12-22" time="03:00:00" value="182.9005"/>
                <event date="1993-12-22" time="03:15:00" value="182.8934"/>
                <event date="1993-12-22" time="03:30:00" value="182.8861"/>
                <event date="1993-12-22" time="03:45:00" value="182.8795"/>
                <event date="1993-12-22" time="04:00:00" value="182.8736"/>
                <event date="1993-12-22" time="04:15:00" value="182.8678"/>
                <event date="1993-12-22" time="04:30:00" value="182.8625"/>
                <event date="1993-12-22" time="04:45:00" value="182.8575"/>
                <event date="1993-12-22" time="05:00:00" value="182.8522"/>
                <event date="1993-12-22" time="05:15:00" value="182.8474"/>
                <event date="1993-12-22" time="05:30:00" value="182.8434"/>
                <event date="1993-12-22" time="05:45:00" value="182.8395"/>
                <event date="1993-12-22" time="06:00:00" value="182.8349"/>
                <event date="1993-12-22" time="06:15:00" value="182.8305"/>
                <event date="1993-12-22" time="06:30:00" value="182.827"/>
                <event date="1993-12-22" time="06:45:00" value="182.8244"/>
                <event date="1993-12-22" time="07:00:00" value="182.8214"/>
                <event date="1993-12-22" time="07:15:00" value="182.8174"/>
                <event date="1993-12-22" time="07:30:00" value="182.8132"/>
                <event date="1993-12-22" time="07:45:00" value="182.8098"/>
                <event date="1993-12-22" time="08:00:00" value="182.8072"/>
                <event date="1993-12-22" time="08:15:00" value="182.8052"/>
                <event date="1993-12-22" time="08:30:00" value="182.8026"/>
                <event date="1993-12-22" time="08:45:00" value="182.8367"/>
                <event date="1993-12-22" time="09:00:00" value="182.8091"/>
                <event date="1993-12-22" time="09:15:00" value="182.7946"/>
                <event date="1993-12-22" time="09:30:00" value="182.7888"/>
                <event date="1993-12-22" time="09:45:00" value="182.7847"/>
                <event date="1993-12-22" time="10:00:00" value="182.7798"/>
                <event date="1993-12-22" time="10:15:00" value="182.7757"/>
                <event date="1993-12-22" time="10:30:00" value="182.773"/>
                <event date="1993-12-22" time="10:45:00" value="182.7711"/>
                <event date="1993-12-22" time="11:00:00" value="182.7682"/>
                <event date="1993-12-22" time="11:15:00" value="182.7636"/>
                <event date="1993-12-22" time="11:30:00" value="182.7598"/>
                <event date="1993-12-22" time="11:45:00" value="182.7591"/>
                <event date="1993-12-22" time="12:00:00" value="182.7628"/>
                <event date="1993-12-22" time="12:15:00" value="182.7684"/>
                <event date="1993-12-22" time="12:30:00" value="182.7725"/>
                <event date="1993-12-22" time="12:45:00" value="182.776"/>
                <event date="1993-12-22" time="13:00:00" value="182.7798"/>
                <event date="1993-12-22" time="13:15:00" value="182.7824"/>
                <event date="1993-12-22" time="13:30:00" value="182.7834"/>
                <event date="1993-12-22" time="13:45:00" value="182.7832"/>
                <event date="1993-12-22" time="14:00:00" value="182.7826"/>
                <event date="1993-12-22" time="14:15:00" value="182.7818"/>
                <event date="1993-12-22" time="14:30:00" value="182.7809"/>
                <event date="1993-12-22" time="14:45:00" value="182.78"/>
                <event date="1993-12-22" time="15:00:00" value="182.7792"/>
                <event date="1993-12-22" time="15:15:00" value="182.7784"/>
                <event date="1993-12-22" time="15:30:00" value="182.7776"/>
                <event date="1993-12-22" time="15:45:00" value="182.7768"/>
                <event date="1993-12-22" time="16:00:00" value="182.7745"/>
                <event date="1993-12-22" time="16:15:00" value="182.7704"/>
                <event date="1993-12-22" time="16:30:00" value="182.7669"/>
                <event date="1993-12-22" time="16:45:00" value="182.7647"/>
                <event date="1993-12-22" time="17:00:00" value="182.7633"/>
                <event date="1993-12-22" time="17:15:00" value="182.7606"/>
                <event date="1993-12-22" time="17:30:00" value="182.7563"/>
                <event date="1993-12-22" time="17:45:00" value="182.7526"/>
                <event date="1993-12-22" time="18:00:00" value="182.7502"/>
                <event date="1993-12-22" time="18:15:00" value="182.7489"/>
                <event date="1993-12-22" time="18:30:00" value="182.748"/>
                <event date="1993-12-22" time="18:45:00" value="182.7473"/>
                <event date="1993-12-22" time="19:00:00" value="182.7468"/>
                <event date="1993-12-22" time="19:15:00" value="182.7465"/>
                <event date="1993-12-22" time="19:30:00" value="182.7461"/>
                <event date="1993-12-22" time="19:45:00" value="182.7457"/>
                <event date="1993-12-22" time="20:00:00" value="182.7453"/>
                <event date="1993-12-22" time="20:15:00" value="182.7466"/>
                <event date="1993-12-22" time="20:30:00" value="182.7496"/>
                <event date="1993-12-22" time="20:45:00" value="182.7521"/>
                <event date="1993-12-22" time="21:00:00" value="182.7532"/>
                <event date="1993-12-22" time="21:15:00" value="182.7536"/>
                <event date="1993-12-22" time="21:30:00" value="182.7544"/>
                <event date="1993-12-22" time="21:45:00" value="182.7565"/>
                <event date="1993-12-22" time="22:00:00" value="182.7593"/>
                <event date="1993-12-22" time="22:15:00" value="182.7615"/>
                <event date="1993-12-22" time="22:30:00" value="182.7626"/>
                <event date="1993-12-22" time="22:45:00" value="182.7629"/>
                <event date="1993-12-22" time="23:00:00" value="182.7624"/>
                <event date="1993-12-22" time="23:15:00" value="182.7616"/>
                <event date="1993-12-22" time="23:30:00" value="182.7605"/>
                <event date="1993-12-22" time="23:45:00" value="182.7593"/>
                <event date="1993-12-23" time="00:00:00" value="182.7582"/>
                <event date="1993-12-23" time="00:15:00" value="182.7572"/>
                <event date="1993-12-23" time="00:30:00" value="182.7562"/>
                <event date="1993-12-23" time="00:45:00" value="182.7554"/>
                <event date="1993-12-23" time="01:00:00" value="182.7547"/>
                <event date="1993-12-23" time="01:15:00" value="182.7541"/>
                <event date="1993-12-23" time="01:30:00" value="182.7539"/>
                <event date="1993-12-23" time="01:45:00" value="182.7552"/>
                <event date="1993-12-23" time="02:00:00" value="182.758"/>
                <event date="1993-12-23" time="02:15:00" value="182.7598"/>
                <event date="1993-12-23" time="02:30:00" value="182.7603"/>
                <event date="1993-12-23" time="02:45:00" value="182.7624"/>
                <event date="1993-12-23" time="03:00:00" value="182.7649"/>
                <event date="1993-12-23" time="03:15:00" value="182.7654"/>
                <event date="1993-12-23" time="03:30:00" value="182.764"/>
                <event date="1993-12-23" time="03:45:00" value="182.7621"/>
                <event date="1993-12-23" time="04:00:00" value="182.7605"/>
                <event date="1993-12-23" time="04:15:00" value="182.7591"/>
                <event date="1993-12-23" time="04:30:00" value="182.7575"/>
                <event date="1993-12-23" time="04:45:00" value="182.7559"/>
                <event date="1993-12-23" time="05:00:00" value="182.7542"/>
                <event date="1993-12-23" time="05:15:00" value="182.7527"/>
                <event date="1993-12-23" time="05:30:00" value="182.7513"/>
                <event date="1993-12-23" time="05:45:00" value="182.7502"/>
                <event date="1993-12-23" time="06:00:00" value="182.7493"/>
                <event date="1993-12-23" time="06:15:00" value="182.7476"/>
                <event date="1993-12-23" time="06:30:00" value="182.7443"/>
                <event date="1993-12-23" time="06:45:00" value="182.7411"/>
                <event date="1993-12-23" time="07:00:00" value="182.7387"/>
                <event date="1993-12-23" time="07:15:00" value="182.7372"/>
                <event date="1993-12-23" time="07:30:00" value="182.7367"/>
                <event date="1993-12-23" time="07:45:00" value="182.7372"/>
                <event date="1993-12-23" time="08:00:00" value="182.7379"/>
                <event date="1993-12-23" time="08:15:00" value="182.738"/>
                <event date="1993-12-23" time="08:30:00" value="182.7374"/>
                <event date="1993-12-23" time="08:45:00" value="182.7366"/>
                <event date="1993-12-23" time="09:00:00" value="182.7358"/>
                <event date="1993-12-23" time="09:15:00" value="182.7351"/>
                <event date="1993-12-23" time="09:30:00" value="182.7345"/>
                <event date="1993-12-23" time="09:45:00" value="182.7337"/>
                <event date="1993-12-23" time="10:00:00" value="182.7314"/>
                <event date="1993-12-23" time="10:15:00" value="182.7273"/>
                <event date="1993-12-23" time="10:30:00" value="182.7237"/>
                <event date="1993-12-23" time="10:45:00" value="182.7216"/>
                <event date="1993-12-23" time="11:00:00" value="182.7204"/>
                <event date="1993-12-23" time="11:15:00" value="182.7197"/>
                <event date="1993-12-23" time="11:30:00" value="182.7193"/>
                <event date="1993-12-23" time="11:45:00" value="182.719"/>
                <event date="1993-12-23" time="12:00:00" value="182.7204"/>
                <event date="1993-12-23" time="12:15:00" value="182.7237"/>
                <event date="1993-12-23" time="12:30:00" value="182.7264"/>
                <event date="1993-12-23" time="12:45:00" value="182.7278"/>
                <event date="1993-12-23" time="13:00:00" value="182.7282"/>
                <event date="1993-12-23" time="13:15:00" value="182.7281"/>
                <event date="1993-12-23" time="13:30:00" value="182.728"/>
                <event date="1993-12-23" time="13:45:00" value="182.7277"/>
                <event date="1993-12-23" time="14:00:00" value="182.7274"/>
                <event date="1993-12-23" time="14:15:00" value="182.7271"/>
                <event date="1993-12-23" time="14:30:00" value="182.7269"/>
                <event date="1993-12-23" time="14:45:00" value="182.7266"/>
                <event date="1993-12-23" time="15:00:00" value="182.7263"/>
                <event date="1993-12-23" time="15:15:00" value="182.726"/>
                <event date="1993-12-23" time="15:30:00" value="182.7257"/>
                <event date="1993-12-23" time="15:45:00" value="182.7254"/>
                <event date="1993-12-23" time="16:00:00" value="182.7251"/>
                <event date="1993-12-23" time="16:15:00" value="182.7231"/>
                <event date="1993-12-23" time="16:30:00" value="182.7191"/>
                <event date="1993-12-23" time="16:45:00" value="182.7158"/>
                <event date="1993-12-23" time="17:00:00" value="182.7138"/>
                <event date="1993-12-23" time="17:15:00" value="182.7128"/>
                <event date="1993-12-23" time="17:30:00" value="182.7123"/>
                <event date="1993-12-23" time="17:45:00" value="182.7119"/>
                <event date="1993-12-23" time="18:00:00" value="182.7116"/>
                <event date="1993-12-23" time="18:15:00" value="182.7114"/>
                <event date="1993-12-23" time="18:30:00" value="182.7111"/>
                <event date="1993-12-23" time="18:45:00" value="182.7108"/>
                <event date="1993-12-23" time="19:00:00" value="182.7106"/>
                <event date="1993-12-23" time="19:15:00" value="182.7103"/>
                <event date="1993-12-23" time="19:30:00" value="182.7101"/>
                <event date="1993-12-23" time="19:45:00" value="182.7098"/>
                <event date="1993-12-23" time="20:00:00" value="182.7095"/>
                <event date="1993-12-23" time="20:15:00" value="182.7093"/>
                <event date="1993-12-23" time="20:30:00" value="182.709"/>
                <event date="1993-12-23" time="20:45:00" value="182.707"/>
                <event date="1993-12-23" time="21:00:00" value="182.7031"/>
                <event date="1993-12-23" time="21:15:00" value="182.6997"/>
                <event date="1993-12-23" time="21:30:00" value="182.6977"/>
                <event date="1993-12-23" time="21:45:00" value="182.6968"/>
                <event date="1993-12-23" time="22:00:00" value="182.6963"/>
                <event date="1993-12-23" time="22:15:00" value="182.696"/>
                <event date="1993-12-23" time="22:30:00" value="182.6957"/>
                <event date="1993-12-23" time="22:45:00" value="182.6954"/>
                <event date="1993-12-23" time="23:00:00" value="182.6953"/>
                <event date="1993-12-23" time="23:15:00" value="182.6956"/>
                <event date="1993-12-23" time="23:30:00" value="182.6965"/>
                <event date="1993-12-23" time="23:45:00" value="182.6974"/>
                <event date="1993-12-24" time="00:00:00" value="182.6977"/>
                <event date="1993-12-24" time="00:15:00" value="182.6975"/>
                <event date="1993-12-24" time="00:30:00" value="182.697"/>
                <event date="1993-12-24" time="00:45:00" value="182.6966"/>
                <event date="1993-12-24" time="01:00:00" value="182.6964"/>
                <event date="1993-12-24" time="01:15:00" value="182.6962"/>
                <event date="1993-12-24" time="01:30:00" value="182.6961"/>
                <event date="1993-12-24" time="01:45:00" value="182.6968"/>
                <event date="1993-12-24" time="02:00:00" value="182.6985"/>
                <event date="1993-12-24" time="02:15:00" value="182.7004"/>
                <event date="1993-12-24" time="02:30:00" value="182.7014"/>
                <event date="1993-12-24" time="02:45:00" value="182.7016"/>
                <event date="1993-12-24" time="03:00:00" value="182.7028"/>
                <event date="1993-12-24" time="03:15:00" value="182.7055"/>
                <event date="1993-12-24" time="03:30:00" value="182.7076"/>
                <event date="1993-12-24" time="03:45:00" value="182.7085"/>
                <event date="1993-12-24" time="04:00:00" value="182.7086"/>
                <event date="1993-12-24" time="04:15:00" value="182.7085"/>
                <event date="1993-12-24" time="04:30:00" value="182.7086"/>
                <event date="1993-12-24" time="04:45:00" value="182.7087"/>
                <event date="1993-12-24" time="05:00:00" value="182.7088"/>
                <event date="1993-12-24" time="05:15:00" value="182.7087"/>
                <event date="1993-12-24" time="05:30:00" value="182.7085"/>
                <event date="1993-12-24" time="05:45:00" value="182.7084"/>
                <event date="1993-12-24" time="06:00:00" value="182.7085"/>
                <event date="1993-12-24" time="06:15:00" value="182.7088"/>
                <event date="1993-12-24" time="06:30:00" value="182.7088"/>
                <event date="1993-12-24" time="06:45:00" value="182.7084"/>
                <event date="1993-12-24" time="07:00:00" value="182.7075"/>
                <event date="1993-12-24" time="07:15:00" value="182.7066"/>
                <event date="1993-12-24" time="07:30:00" value="182.7062"/>
                <event date="1993-12-24" time="07:45:00" value="182.7062"/>
                <event date="1993-12-24" time="08:00:00" value="182.708"/>
                <event date="1993-12-24" time="08:15:00" value="182.7122"/>
                <event date="1993-12-24" time="08:30:00" value="182.7162"/>
                <event date="1993-12-24" time="08:45:00" value="182.7192"/>
                <event date="1993-12-24" time="09:00:00" value="182.7212"/>
                <event date="1993-12-24" time="09:15:00" value="182.7225"/>
                <event date="1993-12-24" time="09:30:00" value="182.7233"/>
                <event date="1993-12-24" time="09:45:00" value="182.7233"/>
                <event date="1993-12-24" time="10:00:00" value="182.7225"/>
                <event date="1993-12-24" time="10:15:00" value="182.7213"/>
                <event date="1993-12-24" time="10:30:00" value="182.7199"/>
                <event date="1993-12-24" time="10:45:00" value="182.7186"/>
                <event date="1993-12-24" time="11:00:00" value="182.7174"/>
                <event date="1993-12-24" time="11:15:00" value="182.7164"/>
                <event date="1993-12-24" time="11:30:00" value="182.7156"/>
                <event date="1993-12-24" time="11:45:00" value="182.7166"/>
                <event date="1993-12-24" time="12:00:00" value="182.7194"/>
                <event date="1993-12-24" time="12:15:00" value="182.7218"/>
                <event date="1993-12-24" time="12:30:00" value="182.7229"/>
                <event date="1993-12-24" time="12:45:00" value="182.7231"/>
                <event date="1993-12-24" time="13:00:00" value="182.723"/>
                <event date="1993-12-24" time="13:15:00" value="182.7227"/>
                <event date="1993-12-24" time="13:30:00" value="182.7207"/>
                <event date="1993-12-24" time="13:45:00" value="182.7168"/>
                <event date="1993-12-24" time="14:00:00" value="182.7135"/>
                <event date="1993-12-24" time="14:15:00" value="182.7116"/>
                <event date="1993-12-24" time="14:30:00" value="182.7106"/>
                <event date="1993-12-24" time="14:45:00" value="182.71"/>
                <event date="1993-12-24" time="15:00:00" value="182.7079"/>
                <event date="1993-12-24" time="15:15:00" value="182.7017"/>
                <event date="1993-12-24" time="15:30:00" value="182.6864"/>
                <event date="1993-12-24" time="15:45:00" value="182.6616"/>
                <event date="1993-12-24" time="16:00:00" value="182.638"/>
                <event date="1993-12-24" time="16:15:00" value="182.6216"/>
                <event date="1993-12-24" time="16:30:00" value="182.6125"/>
                <event date="1993-12-24" time="16:45:00" value="182.6071"/>
                <event date="1993-12-24" time="17:00:00" value="182.6021"/>
                <event date="1993-12-24" time="17:15:00" value="182.5984"/>
                <event date="1993-12-24" time="17:30:00" value="182.595"/>
                <event date="1993-12-24" time="17:45:00" value="182.591"/>
                <event date="1993-12-24" time="18:00:00" value="182.588"/>
                <event date="1993-12-24" time="18:15:00" value="182.5863"/>
                <event date="1993-12-24" time="18:30:00" value="182.5854"/>
                <event date="1993-12-24" time="18:45:00" value="182.5848"/>
                <event date="1993-12-24" time="19:00:00" value="182.583"/>
                <event date="1993-12-24" time="19:15:00" value="182.5794"/>
                <event date="1993-12-24" time="19:30:00" value="182.5762"/>
                <event date="1993-12-24" time="19:45:00" value="182.5743"/>
                <event date="1993-12-24" time="20:00:00" value="182.5735"/>
                <event date="1993-12-24" time="20:15:00" value="182.5732"/>
                <event date="1993-12-24" time="20:30:00" value="182.5729"/>
                <event date="1993-12-24" time="20:45:00" value="182.5713"/>
                <event date="1993-12-24" time="21:00:00" value="182.5677"/>
                <event date="1993-12-24" time="21:15:00" value="182.5645"/>
                <event date="1993-12-24" time="21:30:00" value="182.5627"/>
                <event date="1993-12-24" time="21:45:00" value="182.5619"/>
                <event date="1993-12-24" time="22:00:00" value="182.5615"/>
                <event date="1993-12-24" time="22:15:00" value="182.5614"/>
                <event date="1993-12-24" time="22:30:00" value="182.5613"/>
                <event date="1993-12-24" time="22:45:00" value="182.5612"/>
                <event date="1993-12-24" time="23:00:00" value="182.5611"/>
                <event date="1993-12-24" time="23:15:00" value="182.5611"/>
                <event date="1993-12-24" time="23:30:00" value="182.561"/>
                <event date="1993-12-24" time="23:45:00" value="182.561"/>
                <event date="1993-12-25" time="00:00:00" value="182.5608"/>
                <event date="1993-12-25" time="00:15:00" value="182.5593"/>
                <event date="1993-12-25" time="00:30:00" value="182.5556"/>
                <event date="1993-12-25" time="00:45:00" value="182.5524"/>
                <event date="1993-12-25" time="01:00:00" value="182.5506"/>
                <event date="1993-12-25" time="01:15:00" value="182.5498"/>
                <event date="1993-12-25" time="01:30:00" value="182.5495"/>
                <event date="1993-12-25" time="01:45:00" value="182.5493"/>
                <event date="1993-12-25" time="02:00:00" value="182.5492"/>
                <event date="1993-12-25" time="02:15:00" value="182.5476"/>
                <event date="1993-12-25" time="02:30:00" value="182.544"/>
                <event date="1993-12-25" time="02:45:00" value="182.5407"/>
                <event date="1993-12-25" time="03:00:00" value="182.5389"/>
                <event date="1993-12-25" time="03:15:00" value="182.5381"/>
                <event date="1993-12-25" time="03:30:00" value="182.5378"/>
                <event date="1993-12-25" time="03:45:00" value="182.5376"/>
                <event date="1993-12-25" time="04:00:00" value="182.5376"/>
                <event date="1993-12-25" time="04:15:00" value="182.5375"/>
                <event date="1993-12-25" time="04:30:00" value="182.5374"/>
                <event date="1993-12-25" time="04:45:00" value="182.5374"/>
                <event date="1993-12-25" time="05:00:00" value="182.5374"/>
                <event date="1993-12-25" time="05:15:00" value="182.5373"/>
                <event date="1993-12-25" time="05:30:00" value="182.5373"/>
                <event date="1993-12-25" time="05:45:00" value="182.5372"/>
                <event date="1993-12-25" time="06:00:00" value="182.5372"/>
                <event date="1993-12-25" time="06:15:00" value="182.5371"/>
                <event date="1993-12-25" time="06:30:00" value="182.5371"/>
                <event date="1993-12-25" time="06:45:00" value="182.537"/>
                <event date="1993-12-25" time="07:00:00" value="182.5369"/>
                <event date="1993-12-25" time="07:15:00" value="182.5355"/>
                <event date="1993-12-25" time="07:30:00" value="182.5321"/>
                <event date="1993-12-25" time="07:45:00" value="182.5289"/>
                <event date="1993-12-25" time="08:00:00" value="182.5272"/>
                <event date="1993-12-25" time="08:15:00" value="182.5264"/>
                <event date="1993-12-25" time="08:30:00" value="182.5262"/>
                <event date="1993-12-25" time="08:45:00" value="182.526"/>
                <event date="1993-12-25" time="09:00:00" value="182.526"/>
                <event date="1993-12-25" time="09:15:00" value="182.5259"/>
                <event date="1993-12-25" time="09:30:00" value="182.5259"/>
                <event date="1993-12-25" time="09:45:00" value="182.5258"/>
                <event date="1993-12-25" time="10:00:00" value="182.5258"/>
                <event date="1993-12-25" time="10:15:00" value="182.5257"/>
                <event date="1993-12-25" time="10:30:00" value="182.5243"/>
                <event date="1993-12-25" time="10:45:00" value="182.5208"/>
                <event date="1993-12-25" time="11:00:00" value="182.5177"/>
                <event date="1993-12-25" time="11:15:00" value="182.516"/>
                <event date="1993-12-25" time="11:30:00" value="182.5152"/>
                <event date="1993-12-25" time="11:45:00" value="182.5149"/>
                <event date="1993-12-25" time="12:00:00" value="182.5148"/>
                <event date="1993-12-25" time="12:15:00" value="182.5147"/>
                <event date="1993-12-25" time="12:30:00" value="182.5147"/>
                <event date="1993-12-25" time="12:45:00" value="182.5146"/>
                <event date="1993-12-25" time="13:00:00" value="182.5146"/>
                <event date="1993-12-25" time="13:15:00" value="182.5145"/>
                <event date="1993-12-25" time="13:30:00" value="182.5145"/>
                <event date="1993-12-25" time="13:45:00" value="182.5145"/>
                <event date="1993-12-25" time="14:00:00" value="182.5145"/>
                <event date="1993-12-25" time="14:15:00" value="182.5144"/>
                <event date="1993-12-25" time="14:30:00" value="182.5144"/>
                <event date="1993-12-25" time="14:45:00" value="182.5143"/>
                <event date="1993-12-25" time="15:00:00" value="182.5143"/>
                <event date="1993-12-25" time="15:15:00" value="182.5143"/>
                <event date="1993-12-25" time="15:30:00" value="182.5142"/>
                <event date="1993-12-25" time="15:45:00" value="182.5142"/>
                <event date="1993-12-25" time="16:00:00" value="182.5142"/>
                <event date="1993-12-25" time="16:15:00" value="182.5141"/>
                <event date="1993-12-25" time="16:30:00" value="182.5141"/>
                <event date="1993-12-25" time="16:45:00" value="182.5141"/>
                <event date="1993-12-25" time="17:00:00" value="182.514"/>
                <event date="1993-12-25" time="17:15:00" value="182.5126"/>
                <event date="1993-12-25" time="17:30:00" value="182.5092"/>
                <event date="1993-12-25" time="17:45:00" value="182.506"/>
                <event date="1993-12-25" time="18:00:00" value="182.5042"/>
                <event date="1993-12-25" time="18:15:00" value="182.5034"/>
                <event date="1993-12-25" time="18:30:00" value="182.5032"/>
                <event date="1993-12-25" time="18:45:00" value="182.5031"/>
                <event date="1993-12-25" time="19:00:00" value="182.503"/>
                <event date="1993-12-25" time="19:15:00" value="182.5029"/>
                <event date="1993-12-25" time="19:30:00" value="182.5029"/>
                <event date="1993-12-25" time="19:45:00" value="182.5015"/>
                <event date="1993-12-25" time="20:00:00" value="182.498"/>
                <event date="1993-12-25" time="20:15:00" value="182.4948"/>
                <event date="1993-12-25" time="20:30:00" value="182.493"/>
                <event date="1993-12-25" time="20:45:00" value="182.4922"/>
                <event date="1993-12-25" time="21:00:00" value="182.4919"/>
                <event date="1993-12-25" time="21:15:00" value="182.4918"/>
                <event date="1993-12-25" time="21:30:00" value="182.4917"/>
                <event date="1993-12-25" time="21:45:00" value="182.4917"/>
                <event date="1993-12-25" time="22:00:00" value="182.4917"/>
                <event date="1993-12-25" time="22:15:00" value="182.4916"/>
                <event date="1993-12-25" time="22:30:00" value="182.4916"/>
                <event date="1993-12-25" time="22:45:00" value="182.4915"/>
                <event date="1993-12-25" time="23:00:00" value="182.4902"/>
                <event date="1993-12-25" time="23:15:00" value="182.487"/>
                <event date="1993-12-25" time="23:30:00" value="182.4839"/>
                <event date="1993-12-25" time="23:45:00" value="182.4822"/>
                <event date="1993-12-26" time="00:00:00" value="182.4815"/>
                <event date="1993-12-26" time="00:15:00" value="182.4812"/>
                <event date="1993-12-26" time="00:30:00" value="182.4811"/>
                <event date="1993-12-26" time="00:45:00" value="182.481"/>
                <event date="1993-12-26" time="01:00:00" value="182.481"/>
                <event date="1993-12-26" time="01:15:00" value="182.481"/>
                <event date="1993-12-26" time="01:30:00" value="182.4809"/>
                <event date="1993-12-26" time="01:45:00" value="182.4809"/>
                <event date="1993-12-26" time="02:00:00" value="182.4809"/>
                <event date="1993-12-26" time="02:15:00" value="182.4809"/>
                <event date="1993-12-26" time="02:30:00" value="182.4808"/>
                <event date="1993-12-26" time="02:45:00" value="182.4808"/>
                <event date="1993-12-26" time="03:00:00" value="182.4808"/>
                <event date="1993-12-26" time="03:15:00" value="182.4808"/>
                <event date="1993-12-26" time="03:30:00" value="182.4795"/>
                <event date="1993-12-26" time="03:45:00" value="182.4762"/>
                <event date="1993-12-26" time="04:00:00" value="182.4731"/>
                <event date="1993-12-26" time="04:15:00" value="182.4714"/>
                <event date="1993-12-26" time="04:30:00" value="182.4707"/>
                <event date="1993-12-26" time="04:45:00" value="182.4704"/>
                <event date="1993-12-26" time="05:00:00" value="182.4703"/>
                <event date="1993-12-26" time="05:15:00" value="182.4702"/>
                <event date="1993-12-26" time="05:30:00" value="182.4702"/>
                <event date="1993-12-26" time="05:45:00" value="182.4702"/>
                <event date="1993-12-26" time="06:00:00" value="182.4702"/>
                <event date="1993-12-26" time="06:15:00" value="182.4701"/>
                <event date="1993-12-26" time="06:30:00" value="182.4701"/>
                <event date="1993-12-26" time="06:45:00" value="182.4701"/>
                <event date="1993-12-26" time="07:00:00" value="182.4701"/>
                <event date="1993-12-26" time="07:15:00" value="182.4701"/>
                <event date="1993-12-26" time="07:30:00" value="182.4701"/>
                <event date="1993-12-26" time="07:45:00" value="182.47"/>
                <event date="1993-12-26" time="08:00:00" value="182.47"/>
                <event date="1993-12-26" time="08:15:00" value="182.47"/>
                <event date="1993-12-26" time="08:30:00" value="182.4687"/>
                <event date="1993-12-26" time="08:45:00" value="182.4654"/>
                <event date="1993-12-26" time="09:00:00" value="182.4623"/>
                <event date="1993-12-26" time="09:15:00" value="182.4606"/>
                <event date="1993-12-26" time="09:30:00" value="182.4598"/>
                <event date="1993-12-26" time="09:45:00" value="182.4595"/>
                <event date="1993-12-26" time="10:00:00" value="182.4595"/>
                <event date="1993-12-26" time="10:15:00" value="182.4594"/>
                <event date="1993-12-26" time="10:30:00" value="182.4594"/>
                <event date="1993-12-26" time="10:45:00" value="182.4594"/>
                <event date="1993-12-26" time="11:00:00" value="182.4593"/>
                <event date="1993-12-26" time="11:15:00" value="182.458"/>
                <event date="1993-12-26" time="11:30:00" value="182.4535"/>
                <event date="1993-12-26" time="11:45:00" value="182.4458"/>
                <event date="1993-12-26" time="12:00:00" value="182.4352"/>
                <event date="1993-12-26" time="12:15:00" value="182.4207"/>
                <event date="1993-12-26" time="12:30:00" value="182.4004"/>
                <event date="1993-12-26" time="12:45:00" value="182.3696"/>
                <event date="1993-12-26" time="13:00:00" value="182.3321"/>
                <event date="1993-12-26" time="13:15:00" value="182.2991"/>
                <event date="1993-12-26" time="13:30:00" value="182.2737"/>
                <event date="1993-12-26" time="13:45:00" value="182.2544"/>
                <event date="1993-12-26" time="14:00:00" value="182.2394"/>
                <event date="1993-12-26" time="14:15:00" value="182.2281"/>
                <event date="1993-12-26" time="14:30:00" value="182.2238"/>
                <event date="1993-12-26" time="14:45:00" value="182.2299"/>
                <event date="1993-12-26" time="15:00:00" value="182.2453"/>
                <event date="1993-12-26" time="15:15:00" value="182.268"/>
                <event date="1993-12-26" time="15:30:00" value="182.2923"/>
                <event date="1993-12-26" time="15:45:00" value="182.3126"/>
                <event date="1993-12-26" time="16:00:00" value="182.3273"/>
                <event date="1993-12-26" time="16:15:00" value="182.334"/>
                <event date="1993-12-26" time="16:30:00" value="182.331"/>
                <event date="1993-12-26" time="16:45:00" value="182.3204"/>
                <event date="1993-12-26" time="17:00:00" value="182.3029"/>
                <event date="1993-12-26" time="17:15:00" value="182.2821"/>
                <event date="1993-12-26" time="17:30:00" value="182.2613"/>
                <event date="1993-12-26" time="17:45:00" value="182.2432"/>
                <event date="1993-12-26" time="18:00:00" value="182.229"/>
                <event date="1993-12-26" time="18:15:00" value="182.2196"/>
                <event date="1993-12-26" time="18:30:00" value="182.2147"/>
                <event date="1993-12-26" time="18:45:00" value="182.2124"/>
                <event date="1993-12-26" time="19:00:00" value="182.2121"/>
                <event date="1993-12-26" time="19:15:00" value="182.2171"/>
                <event date="1993-12-26" time="19:30:00" value="182.2338"/>
                <event date="1993-12-26" time="19:45:00" value="182.2577"/>
                <event date="1993-12-26" time="20:00:00" value="182.2817"/>
                <event date="1993-12-26" time="20:15:00" value="182.3016"/>
                <event date="1993-12-26" time="20:30:00" value="182.3171"/>
                <event date="1993-12-26" time="20:45:00" value="182.3289"/>
                <event date="1993-12-26" time="21:00:00" value="182.3364"/>
                <event date="1993-12-26" time="21:15:00" value="182.339"/>
                <event date="1993-12-26" time="21:30:00" value="182.3328"/>
                <event date="1993-12-26" time="21:45:00" value="182.3133"/>
                <event date="1993-12-26" time="22:00:00" value="182.2871"/>
                <event date="1993-12-26" time="22:15:00" value="182.2603"/>
                <event date="1993-12-26" time="22:30:00" value="182.2372"/>
                <event date="1993-12-26" time="22:45:00" value="182.22"/>
                <event date="1993-12-26" time="23:00:00" value="182.2092"/>
                <event date="1993-12-26" time="23:15:00" value="182.2035"/>
                <event date="1993-12-26" time="23:30:00" value="182.2009"/>
                <event date="1993-12-26" time="23:45:00" value="182.2005"/>
                <event date="1993-12-27" time="00:00:00" value="182.2034"/>
                <event date="1993-12-27" time="00:15:00" value="182.2109"/>
                <event date="1993-12-27" time="00:30:00" value="182.2246"/>
                <event date="1993-12-27" time="00:45:00" value="182.2456"/>
                <event date="1993-12-27" time="01:00:00" value="182.2691"/>
                <event date="1993-12-27" time="01:15:00" value="182.2894"/>
                <event date="1993-12-27" time="01:30:00" value="182.3044"/>
                <event date="1993-12-27" time="01:45:00" value="182.3134"/>
                <event date="1993-12-27" time="02:00:00" value="182.3177"/>
                <event date="1993-12-27" time="02:15:00" value="182.3167"/>
                <event date="1993-12-27" time="02:30:00" value="182.3064"/>
                <event date="1993-12-27" time="02:45:00" value="182.2892"/>
                <event date="1993-12-27" time="03:00:00" value="182.2693"/>
                <event date="1993-12-27" time="03:15:00" value="182.2492"/>
                <event date="1993-12-27" time="03:30:00" value="182.2315"/>
                <event date="1993-12-27" time="03:45:00" value="182.2168"/>
                <event date="1993-12-27" time="04:00:00" value="182.2046"/>
                <event date="1993-12-27" time="04:15:00" value="182.196"/>
                <event date="1993-12-27" time="04:30:00" value="182.1911"/>
                <event date="1993-12-27" time="04:45:00" value="182.1889"/>
                <event date="1993-12-27" time="05:00:00" value="182.1885"/>
                <event date="1993-12-27" time="05:15:00" value="182.1919"/>
                <event date="1993-12-27" time="05:30:00" value="182.2028"/>
                <event date="1993-12-27" time="05:45:00" value="182.2225"/>
                <event date="1993-12-27" time="06:00:00" value="182.2457"/>
                <event date="1993-12-27" time="06:15:00" value="182.2659"/>
                <event date="1993-12-27" time="06:30:00" value="182.2812"/>
                <event date="1993-12-27" time="06:45:00" value="182.2905"/>
                <event date="1993-12-27" time="07:00:00" value="182.296"/>
                <event date="1993-12-27" time="07:15:00" value="182.3001"/>
                <event date="1993-12-27" time="07:30:00" value="182.2993"/>
                <event date="1993-12-27" time="07:45:00" value="182.2899"/>
                <event date="1993-12-27" time="08:00:00" value="182.2722"/>
                <event date="1993-12-27" time="08:15:00" value="182.2507"/>
                <event date="1993-12-27" time="08:30:00" value="182.2296"/>
                <event date="1993-12-27" time="08:45:00" value="182.2134"/>
                <event date="1993-12-27" time="09:00:00" value="182.202"/>
                <event date="1993-12-27" time="09:15:00" value="182.1944"/>
                <event date="1993-12-27" time="09:30:00" value="182.1902"/>
                <event date="1993-12-27" time="09:45:00" value="182.1882"/>
                <event date="1993-12-27" time="10:00:00" value="182.1875"/>
                <event date="1993-12-27" time="10:15:00" value="182.1893"/>
                <event date="1993-12-27" time="10:30:00" value="182.2005"/>
                <event date="1993-12-27" time="10:45:00" value="182.2148"/>
                <event date="1993-12-27" time="11:00:00" value="182.2257"/>
                <event date="1993-12-27" time="11:15:00" value="182.2369"/>
                <event date="1993-12-27" time="11:30:00" value="182.2493"/>
                <event date="1993-12-27" time="11:45:00" value="182.2615"/>
                <event date="1993-12-27" time="12:00:00" value="182.2724"/>
                <event date="1993-12-27" time="12:15:00" value="182.2792"/>
                <event date="1993-12-27" time="12:30:00" value="182.28"/>
                <event date="1993-12-27" time="12:45:00" value="182.2775"/>
                <event date="1993-12-27" time="13:00:00" value="182.2716"/>
                <event date="1993-12-27" time="13:15:00" value="182.2605"/>
                <event date="1993-12-27" time="13:30:00" value="182.2452"/>
                <event date="1993-12-27" time="13:45:00" value="182.2295"/>
                <event date="1993-12-27" time="14:00:00" value="182.2156"/>
                <event date="1993-12-27" time="14:15:00" value="182.2038"/>
                <event date="1993-12-27" time="14:30:00" value="182.1947"/>
                <event date="1993-12-27" time="14:45:00" value="182.1873"/>
                <event date="1993-12-27" time="15:00:00" value="182.1815"/>
                <event date="1993-12-27" time="15:15:00" value="182.178"/>
                <event date="1993-12-27" time="15:30:00" value="182.1763"/>
                <event date="1993-12-27" time="15:45:00" value="182.1755"/>
                <event date="1993-12-27" time="16:00:00" value="182.1758"/>
                <event date="1993-12-27" time="16:15:00" value="182.1783"/>
                <event date="1993-12-27" time="16:30:00" value="182.1824"/>
                <event date="1993-12-27" time="16:45:00" value="182.1877"/>
                <event date="1993-12-27" time="17:00:00" value="182.1931"/>
                <event date="1993-12-27" time="17:15:00" value="182.199"/>
                <event date="1993-12-27" time="17:30:00" value="182.204"/>
                <event date="1993-12-27" time="17:45:00" value="182.2071"/>
                <event date="1993-12-27" time="18:00:00" value="182.2086"/>
                <event date="1993-12-27" time="18:15:00" value="182.2091"/>
                <event date="1993-12-27" time="18:30:00" value="182.2094"/>
                <event date="1993-12-27" time="18:45:00" value="182.2094"/>
                <event date="1993-12-27" time="19:00:00" value="182.2095"/>
                <event date="1993-12-27" time="19:15:00" value="182.2095"/>
                <event date="1993-12-27" time="19:30:00" value="182.2095"/>
                <event date="1993-12-27" time="19:45:00" value="182.2095"/>
                <event date="1993-12-27" time="20:00:00" value="182.2095"/>
                <event date="1993-12-27" time="20:15:00" value="182.2094"/>
                <event date="1993-12-27" time="20:30:00" value="182.2094"/>
                <event date="1993-12-27" time="20:45:00" value="182.2094"/>
                <event date="1993-12-27" time="21:00:00" value="182.2094"/>
                <event date="1993-12-27" time="21:15:00" value="182.2094"/>
                <event date="1993-12-27" time="21:30:00" value="182.2094"/>
                <event date="1993-12-27" time="21:45:00" value="182.2094"/>
                <event date="1993-12-27" time="22:00:00" value="182.2094"/>
                <event date="1993-12-27" time="22:15:00" value="182.2094"/>
                <event date="1993-12-27" time="22:30:00" value="182.2094"/>
                <event date="1993-12-27" time="22:45:00" value="182.2094"/>
                <event date="1993-12-27" time="23:00:00" value="182.2094"/>
                <event date="1993-12-27" time="23:15:00" value="182.2094"/>
                <event date="1993-12-27" time="23:30:00" value="182.2094"/>
                <event date="1993-12-27" time="23:45:00" value="182.2093"/>
                <event date="1993-12-28" time="00:00:00" value="182.2093"/>
                <event date="1993-12-28" time="00:15:00" value="182.2092"/>
                <event date="1993-12-28" time="00:30:00" value="182.2092"/>
                <event date="1993-12-28" time="00:45:00" value="182.2092"/>
                <event date="1993-12-28" time="01:00:00" value="182.2092"/>
                <event date="1993-12-28" time="01:15:00" value="182.2092"/>
                <event date="1993-12-28" time="01:30:00" value="182.2092"/>
                <event date="1993-12-28" time="01:45:00" value="182.2092"/>
                <event date="1993-12-28" time="02:00:00" value="182.2092"/>
                <event date="1993-12-28" time="02:15:00" value="182.2092"/>
                <event date="1993-12-28" time="02:30:00" value="182.2092"/>
                <event date="1993-12-28" time="02:45:00" value="182.2092"/>
                <event date="1993-12-28" time="03:00:00" value="182.2092"/>
                <event date="1993-12-28" time="03:15:00" value="182.2092"/>
                <event date="1993-12-28" time="03:30:00" value="182.2092"/>
                <event date="1993-12-28" time="03:45:00" value="182.2092"/>
                <event date="1993-12-28" time="04:00:00" value="182.2092"/>
                <event date="1993-12-28" time="04:15:00" value="182.2092"/>
                <event date="1993-12-28" time="04:30:00" value="182.2092"/>
                <event date="1993-12-28" time="04:45:00" value="182.2092"/>
                <event date="1993-12-28" time="05:00:00" value="182.2091"/>
                <event date="1993-12-28" time="05:15:00" value="182.2085"/>
                <event date="1993-12-28" time="05:30:00" value="182.2057"/>
                <event date="1993-12-28" time="05:45:00" value="182.2017"/>
                <event date="1993-12-28" time="06:00:00" value="182.1965"/>
                <event date="1993-12-28" time="06:15:00" value="182.1917"/>
                <event date="1993-12-28" time="06:30:00" value="182.1887"/>
                <event date="1993-12-28" time="06:45:00" value="182.1866"/>
                <event date="1993-12-28" time="07:00:00" value="182.1833"/>
                <event date="1993-12-28" time="07:15:00" value="182.1794"/>
                <event date="1993-12-28" time="07:30:00" value="182.1768"/>
                <event date="1993-12-28" time="07:45:00" value="182.1754"/>
                <event date="1993-12-28" time="08:00:00" value="182.1748"/>
                <event date="1993-12-28" time="08:15:00" value="182.1745"/>
                <event date="1993-12-28" time="08:30:00" value="182.1744"/>
                <event date="1993-12-28" time="08:45:00" value="182.1738"/>
                <event date="1993-12-28" time="09:00:00" value="182.1712"/>
                <event date="1993-12-28" time="09:15:00" value="182.1676"/>
                <event date="1993-12-28" time="09:30:00" value="182.1649"/>
                <event date="1993-12-28" time="09:45:00" value="182.1635"/>
                <event date="1993-12-28" time="10:00:00" value="182.1633"/>
                <event date="1993-12-28" time="10:15:00" value="182.1657"/>
                <event date="1993-12-28" time="10:30:00" value="182.1692"/>
                <event date="1993-12-28" time="10:45:00" value="182.1718"/>
                <event date="1993-12-28" time="11:00:00" value="182.1732"/>
                <event date="1993-12-28" time="11:15:00" value="182.1738"/>
                <event date="1993-12-28" time="11:30:00" value="182.1745"/>
                <event date="1993-12-28" time="11:45:00" value="182.1773"/>
                <event date="1993-12-28" time="12:00:00" value="182.181"/>
                <event date="1993-12-28" time="12:15:00" value="182.1835"/>
                <event date="1993-12-28" time="12:30:00" value="182.1849"/>
                <event date="1993-12-28" time="12:45:00" value="182.1855"/>
                <event date="1993-12-28" time="13:00:00" value="182.1857"/>
                <event date="1993-12-28" time="13:15:00" value="182.1858"/>
                <event date="1993-12-28" time="13:30:00" value="182.1858"/>
                <event date="1993-12-28" time="13:45:00" value="182.1858"/>
                <event date="1993-12-28" time="14:00:00" value="182.1858"/>
                <event date="1993-12-28" time="14:15:00" value="182.1858"/>
                <event date="1993-12-28" time="14:30:00" value="182.1857"/>
                <event date="1993-12-28" time="14:45:00" value="182.1857"/>
                <event date="1993-12-28" time="15:00:00" value="182.1857"/>
                <event date="1993-12-28" time="15:15:00" value="182.1857"/>
                <event date="1993-12-28" time="15:30:00" value="182.1857"/>
                <event date="1993-12-28" time="15:45:00" value="182.1851"/>
                <event date="1993-12-28" time="16:00:00" value="182.1824"/>
                <event date="1993-12-28" time="16:15:00" value="182.1789"/>
                <event date="1993-12-28" time="16:30:00" value="182.1758"/>
                <event date="1993-12-28" time="16:45:00" value="182.1718"/>
                <event date="1993-12-28" time="17:00:00" value="182.1677"/>
                <event date="1993-12-28" time="17:15:00" value="182.1648"/>
                <event date="1993-12-28" time="17:30:00" value="182.1633"/>
                <event date="1993-12-28" time="17:45:00" value="182.1626"/>
                <event date="1993-12-28" time="18:00:00" value="182.1618"/>
                <event date="1993-12-28" time="18:15:00" value="182.1591"/>
                <event date="1993-12-28" time="18:30:00" value="182.1555"/>
                <event date="1993-12-28" time="18:45:00" value="182.1527"/>
                <event date="1993-12-28" time="19:00:00" value="182.1512"/>
                <event date="1993-12-28" time="19:15:00" value="182.1505"/>
                <event date="1993-12-28" time="19:30:00" value="182.1502"/>
                <event date="1993-12-28" time="19:45:00" value="182.1501"/>
                <event date="1993-12-28" time="20:00:00" value="182.1501"/>
                <event date="1993-12-28" time="20:15:00" value="182.1501"/>
                <event date="1993-12-28" time="20:30:00" value="182.1501"/>
                <event date="1993-12-28" time="20:45:00" value="182.15"/>
                <event date="1993-12-28" time="21:00:00" value="182.15"/>
                <event date="1993-12-28" time="21:15:00" value="182.15"/>
                <event date="1993-12-28" time="21:30:00" value="182.1504"/>
                <event date="1993-12-28" time="21:45:00" value="182.1529"/>
                <event date="1993-12-28" time="22:00:00" value="182.1566"/>
                <event date="1993-12-28" time="22:15:00" value="182.1593"/>
                <event date="1993-12-28" time="22:30:00" value="182.1608"/>
                <event date="1993-12-28" time="22:45:00" value="182.1619"/>
                <event date="1993-12-28" time="23:00:00" value="182.1648"/>
                <event date="1993-12-28" time="23:15:00" value="182.1686"/>
                <event date="1993-12-28" time="23:30:00" value="182.1713"/>
                <event date="1993-12-28" time="23:45:00" value="182.1727"/>
                <comment/>
        </series>
</TimeSeries>
