<?xml version="1.0" encoding="UTF-8"?>
<TimeSeries xmlns="http://www.wldelft.nl/fews/PI" xmlns:xsi="http://www.w3.org/2001/XMLSchema-instance" xsi:schemaLocation="http://www.wldelft.nl/fews/PI file:/C:/Programme_inst/eclipse33/workspace/KalypsoModelWspmSobekCore/etc/schemas/pi/pi_timeseries.xsd" version="1.2">
        <timeZone>0.0</timeZone>
        <series>
                <header>
                        <type>instantaneous</type>
                        <locationId>csn_00003</locationId>
                        <parameterId>W</parameterId>
                        <timeStep unit="minute" multiplier="15" />
                        <startDate time="01:00:00" date="1993-12-18"/>
                        <endDate time="23:00:00" date="1993-12-28"/>
                        <missVal>NaN</missVal>
                        <units>m NHN</units>
                </header>
                <event date="1993-12-18" time="00:00:00" value="182.62"/>
                <event date="1993-12-18" time="00:15:00" value="182.2749"/>
                <event date="1993-12-18" time="00:30:00" value="182.3348"/>
                <event date="1993-12-18" time="00:45:00" value="182.1967"/>
                <event date="1993-12-18" time="01:00:00" value="182.0891"/>
                <event date="1993-12-18" time="01:15:00" value="182.0776"/>
                <event date="1993-12-18" time="01:30:00" value="182.1067"/>
                <event date="1993-12-18" time="01:45:00" value="182.132"/>
                <event date="1993-12-18" time="02:00:00" value="182.1463"/>
                <event date="1993-12-18" time="02:15:00" value="182.153"/>
                <event date="1993-12-18" time="02:30:00" value="182.1558"/>
                <event date="1993-12-18" time="02:45:00" value="182.1578"/>
                <event date="1993-12-18" time="03:00:00" value="182.1601"/>
                <event date="1993-12-18" time="03:15:00" value="182.162"/>
                <event date="1993-12-18" time="03:30:00" value="182.163"/>
                <event date="1993-12-18" time="03:45:00" value="182.1633"/>
                <event date="1993-12-18" time="04:00:00" value="182.1632"/>
                <event date="1993-12-18" time="04:15:00" value="182.1629"/>
                <event date="1993-12-18" time="04:30:00" value="182.1626"/>
                <event date="1993-12-18" time="04:45:00" value="182.162"/>
                <event date="1993-12-18" time="05:00:00" value="182.1603"/>
                <event date="1993-12-18" time="05:15:00" value="182.1576"/>
                <event date="1993-12-18" time="05:30:00" value="182.155"/>
                <event date="1993-12-18" time="05:45:00" value="182.1532"/>
                <event date="1993-12-18" time="06:00:00" value="182.152"/>
                <event date="1993-12-18" time="06:15:00" value="182.1512"/>
                <event date="1993-12-18" time="06:30:00" value="182.1506"/>
                <event date="1993-12-18" time="06:45:00" value="182.1501"/>
                <event date="1993-12-18" time="07:00:00" value="182.1497"/>
                <event date="1993-12-18" time="07:15:00" value="182.1494"/>
                <event date="1993-12-18" time="07:30:00" value="182.1488"/>
                <event date="1993-12-18" time="07:45:00" value="182.1472"/>
                <event date="1993-12-18" time="08:00:00" value="182.1446"/>
                <event date="1993-12-18" time="08:15:00" value="182.1422"/>
                <event date="1993-12-18" time="08:30:00" value="182.1403"/>
                <event date="1993-12-18" time="08:45:00" value="182.1391"/>
                <event date="1993-12-18" time="09:00:00" value="182.1383"/>
                <event date="1993-12-18" time="09:15:00" value="182.1378"/>
                <event date="1993-12-18" time="09:30:00" value="182.1374"/>
                <event date="1993-12-18" time="09:45:00" value="182.137"/>
                <event date="1993-12-18" time="10:00:00" value="182.1367"/>
                <event date="1993-12-18" time="10:15:00" value="182.1363"/>
                <event date="1993-12-18" time="10:30:00" value="182.1349"/>
                <event date="1993-12-18" time="10:45:00" value="182.1324"/>
                <event date="1993-12-18" time="11:00:00" value="182.1299"/>
                <event date="1993-12-18" time="11:15:00" value="182.1281"/>
                <event date="1993-12-18" time="11:30:00" value="182.1269"/>
                <event date="1993-12-18" time="11:45:00" value="182.1261"/>
                <event date="1993-12-18" time="12:00:00" value="182.1256"/>
                <event date="1993-12-18" time="12:15:00" value="182.1253"/>
                <event date="1993-12-18" time="12:30:00" value="182.125"/>
                <event date="1993-12-18" time="12:45:00" value="182.1247"/>
                <event date="1993-12-18" time="13:00:00" value="182.1244"/>
                <event date="1993-12-18" time="13:15:00" value="182.1242"/>
                <event date="1993-12-18" time="13:30:00" value="182.124"/>
                <event date="1993-12-18" time="13:45:00" value="182.1237"/>
                <event date="1993-12-18" time="14:00:00" value="182.1235"/>
                <event date="1993-12-18" time="14:15:00" value="182.1233"/>
                <event date="1993-12-18" time="14:30:00" value="182.1231"/>
                <event date="1993-12-18" time="14:45:00" value="182.1229"/>
                <event date="1993-12-18" time="15:00:00" value="182.1227"/>
                <event date="1993-12-18" time="15:15:00" value="182.1225"/>
                <event date="1993-12-18" time="15:30:00" value="182.1223"/>
                <event date="1993-12-18" time="15:45:00" value="182.1221"/>
                <event date="1993-12-18" time="16:00:00" value="182.1218"/>
                <event date="1993-12-18" time="16:15:00" value="182.1206"/>
                <event date="1993-12-18" time="16:30:00" value="182.1184"/>
                <event date="1993-12-18" time="16:45:00" value="182.1161"/>
                <event date="1993-12-18" time="17:00:00" value="182.1142"/>
                <event date="1993-12-18" time="17:15:00" value="182.1131"/>
                <event date="1993-12-18" time="17:30:00" value="182.1123"/>
                <event date="1993-12-18" time="17:45:00" value="182.1118"/>
                <event date="1993-12-18" time="18:00:00" value="182.1115"/>
                <event date="1993-12-18" time="18:15:00" value="182.1113"/>
                <event date="1993-12-18" time="18:30:00" value="182.1111"/>
                <event date="1993-12-18" time="18:45:00" value="182.1109"/>
                <event date="1993-12-18" time="19:00:00" value="182.1108"/>
                <event date="1993-12-18" time="19:15:00" value="182.1106"/>
                <event date="1993-12-18" time="19:30:00" value="182.1105"/>
                <event date="1993-12-18" time="19:45:00" value="182.1102"/>
                <event date="1993-12-18" time="20:00:00" value="182.1092"/>
                <event date="1993-12-18" time="20:15:00" value="182.1072"/>
                <event date="1993-12-18" time="20:30:00" value="182.1049"/>
                <event date="1993-12-18" time="20:45:00" value="182.103"/>
                <event date="1993-12-18" time="21:00:00" value="182.1017"/>
                <event date="1993-12-18" time="21:15:00" value="182.1008"/>
                <event date="1993-12-18" time="21:30:00" value="182.0995"/>
                <event date="1993-12-18" time="21:45:00" value="182.0972"/>
                <event date="1993-12-18" time="22:00:00" value="182.094"/>
                <event date="1993-12-18" time="22:15:00" value="182.0902"/>
                <event date="1993-12-18" time="22:30:00" value="182.0867"/>
                <event date="1993-12-18" time="22:45:00" value="182.0839"/>
                <event date="1993-12-18" time="23:00:00" value="182.0814"/>
                <event date="1993-12-18" time="23:15:00" value="182.0785"/>
                <event date="1993-12-18" time="23:30:00" value="182.0756"/>
                <event date="1993-12-18" time="23:45:00" value="182.0727"/>
                <event date="1993-12-19" time="00:00:00" value="182.0695"/>
                <event date="1993-12-19" time="00:15:00" value="182.0665"/>
                <event date="1993-12-19" time="00:30:00" value="182.0642"/>
                <event date="1993-12-19" time="00:45:00" value="182.0626"/>
                <event date="1993-12-19" time="01:00:00" value="182.0616"/>
                <event date="1993-12-19" time="01:15:00" value="182.0609"/>
                <event date="1993-12-19" time="01:30:00" value="182.0605"/>
                <event date="1993-12-19" time="01:45:00" value="182.0603"/>
                <event date="1993-12-19" time="02:00:00" value="182.0601"/>
                <event date="1993-12-19" time="02:15:00" value="182.06"/>
                <event date="1993-12-19" time="02:30:00" value="182.0598"/>
                <event date="1993-12-19" time="02:45:00" value="182.0597"/>
                <event date="1993-12-19" time="03:00:00" value="182.0596"/>
                <event date="1993-12-19" time="03:15:00" value="182.0596"/>
                <event date="1993-12-19" time="03:30:00" value="182.0595"/>
                <event date="1993-12-19" time="03:45:00" value="182.0594"/>
                <event date="1993-12-19" time="04:00:00" value="182.0587"/>
                <event date="1993-12-19" time="04:15:00" value="182.057"/>
                <event date="1993-12-19" time="04:30:00" value="182.0549"/>
                <event date="1993-12-19" time="04:45:00" value="182.0531"/>
                <event date="1993-12-19" time="05:00:00" value="182.0517"/>
                <event date="1993-12-19" time="05:15:00" value="182.0508"/>
                <event date="1993-12-19" time="05:30:00" value="182.0502"/>
                <event date="1993-12-19" time="05:45:00" value="182.0499"/>
                <event date="1993-12-19" time="06:00:00" value="182.0497"/>
                <event date="1993-12-19" time="06:15:00" value="182.0495"/>
                <event date="1993-12-19" time="06:30:00" value="182.0494"/>
                <event date="1993-12-19" time="06:45:00" value="182.0493"/>
                <event date="1993-12-19" time="07:00:00" value="182.0492"/>
                <event date="1993-12-19" time="07:15:00" value="182.0492"/>
                <event date="1993-12-19" time="07:30:00" value="182.0491"/>
                <event date="1993-12-19" time="07:45:00" value="182.049"/>
                <event date="1993-12-19" time="08:00:00" value="182.049"/>
                <event date="1993-12-19" time="08:15:00" value="182.0489"/>
                <event date="1993-12-19" time="08:30:00" value="182.0489"/>
                <event date="1993-12-19" time="08:45:00" value="182.0488"/>
                <event date="1993-12-19" time="09:00:00" value="182.0488"/>
                <event date="1993-12-19" time="09:15:00" value="182.0487"/>
                <event date="1993-12-19" time="09:30:00" value="182.0487"/>
                <event date="1993-12-19" time="09:45:00" value="182.0486"/>
                <event date="1993-12-19" time="10:00:00" value="182.0485"/>
                <event date="1993-12-19" time="10:15:00" value="182.0485"/>
                <event date="1993-12-19" time="10:30:00" value="182.0484"/>
                <event date="1993-12-19" time="10:45:00" value="182.048"/>
                <event date="1993-12-19" time="11:00:00" value="182.0472"/>
                <event date="1993-12-19" time="11:15:00" value="182.048"/>
                <event date="1993-12-19" time="11:30:00" value="182.0536"/>
                <event date="1993-12-19" time="11:45:00" value="182.0666"/>
                <event date="1993-12-19" time="12:00:00" value="182.0866"/>
                <event date="1993-12-19" time="12:15:00" value="182.1103"/>
                <event date="1993-12-19" time="12:30:00" value="182.1325"/>
                <event date="1993-12-19" time="12:45:00" value="182.1514"/>
                <event date="1993-12-19" time="13:00:00" value="182.1691"/>
                <event date="1993-12-19" time="13:15:00" value="182.185"/>
                <event date="1993-12-19" time="13:30:00" value="182.1967"/>
                <event date="1993-12-19" time="13:45:00" value="182.2048"/>
                <event date="1993-12-19" time="14:00:00" value="182.2105"/>
                <event date="1993-12-19" time="14:15:00" value="182.2139"/>
                <event date="1993-12-19" time="14:30:00" value="182.2144"/>
                <event date="1993-12-19" time="14:45:00" value="182.2134"/>
                <event date="1993-12-19" time="15:00:00" value="182.2129"/>
                <event date="1993-12-19" time="15:15:00" value="182.2135"/>
                <event date="1993-12-19" time="15:30:00" value="182.2155"/>
                <event date="1993-12-19" time="15:45:00" value="182.22"/>
                <event date="1993-12-19" time="16:00:00" value="182.2262"/>
                <event date="1993-12-19" time="16:15:00" value="182.2326"/>
                <event date="1993-12-19" time="16:30:00" value="182.2378"/>
                <event date="1993-12-19" time="16:45:00" value="182.2424"/>
                <event date="1993-12-19" time="17:00:00" value="182.2475"/>
                <event date="1993-12-19" time="17:15:00" value="182.2522"/>
                <event date="1993-12-19" time="17:30:00" value="182.2553"/>
                <event date="1993-12-19" time="17:45:00" value="182.2569"/>
                <event date="1993-12-19" time="18:00:00" value="182.2576"/>
                <event date="1993-12-19" time="18:15:00" value="182.2568"/>
                <event date="1993-12-19" time="18:30:00" value="182.2545"/>
                <event date="1993-12-19" time="18:45:00" value="182.2509"/>
                <event date="1993-12-19" time="19:00:00" value="182.2457"/>
                <event date="1993-12-19" time="19:15:00" value="182.2408"/>
                <event date="1993-12-19" time="19:30:00" value="182.2373"/>
                <event date="1993-12-19" time="19:45:00" value="182.2349"/>
                <event date="1993-12-19" time="20:00:00" value="182.2336"/>
                <event date="1993-12-19" time="20:15:00" value="182.2333"/>
                <event date="1993-12-19" time="20:30:00" value="182.2331"/>
                <event date="1993-12-19" time="20:45:00" value="182.2329"/>
                <event date="1993-12-19" time="21:00:00" value="182.2326"/>
                <event date="1993-12-19" time="21:15:00" value="182.2321"/>
                <event date="1993-12-19" time="21:30:00" value="182.2303"/>
                <event date="1993-12-19" time="21:45:00" value="182.2278"/>
                <event date="1993-12-19" time="22:00:00" value="182.2257"/>
                <event date="1993-12-19" time="22:15:00" value="182.2245"/>
                <event date="1993-12-19" time="22:30:00" value="182.2257"/>
                <event date="1993-12-19" time="22:45:00" value="182.2314"/>
                <event date="1993-12-19" time="23:00:00" value="182.2413"/>
                <event date="1993-12-19" time="23:15:00" value="182.2519"/>
                <event date="1993-12-19" time="23:30:00" value="182.259"/>
                <event date="1993-12-19" time="23:45:00" value="182.2618"/>
                <event date="1993-12-20" time="00:00:00" value="182.2614"/>
                <event date="1993-12-20" time="00:15:00" value="182.2588"/>
                <event date="1993-12-20" time="00:30:00" value="182.256"/>
                <event date="1993-12-20" time="00:45:00" value="182.2544"/>
                <event date="1993-12-20" time="01:00:00" value="182.2565"/>
                <event date="1993-12-20" time="01:15:00" value="182.2698"/>
                <event date="1993-12-20" time="01:30:00" value="182.2923"/>
                <event date="1993-12-20" time="01:45:00" value="182.3098"/>
                <event date="1993-12-20" time="02:00:00" value="182.3168"/>
                <event date="1993-12-20" time="02:15:00" value="182.3176"/>
                <event date="1993-12-20" time="02:30:00" value="182.3173"/>
                <event date="1993-12-20" time="02:45:00" value="182.3225"/>
                <event date="1993-12-20" time="03:00:00" value="182.3378"/>
                <event date="1993-12-20" time="03:15:00" value="182.3575"/>
                <event date="1993-12-20" time="03:30:00" value="182.3744"/>
                <event date="1993-12-20" time="03:45:00" value="182.3893"/>
                <event date="1993-12-20" time="04:00:00" value="182.4062"/>
                <event date="1993-12-20" time="04:15:00" value="182.4268"/>
                <event date="1993-12-20" time="04:30:00" value="182.4465"/>
                <event date="1993-12-20" time="04:45:00" value="182.4632"/>
                <event date="1993-12-20" time="05:00:00" value="182.479"/>
                <event date="1993-12-20" time="05:15:00" value="182.4966"/>
                <event date="1993-12-20" time="05:30:00" value="182.5166"/>
                <event date="1993-12-20" time="05:45:00" value="182.5427"/>
                <event date="1993-12-20" time="06:00:00" value="182.5777"/>
                <event date="1993-12-20" time="06:15:00" value="182.6145"/>
                <event date="1993-12-20" time="06:30:00" value="182.6423"/>
                <event date="1993-12-20" time="06:45:00" value="182.6577"/>
                <event date="1993-12-20" time="07:00:00" value="182.6637"/>
                <event date="1993-12-20" time="07:15:00" value="182.6644"/>
                <event date="1993-12-20" time="07:30:00" value="182.663"/>
                <event date="1993-12-20" time="07:45:00" value="182.6605"/>
                <event date="1993-12-20" time="08:00:00" value="182.657"/>
                <event date="1993-12-20" time="08:15:00" value="182.6529"/>
                <event date="1993-12-20" time="08:30:00" value="182.6473"/>
                <event date="1993-12-20" time="08:45:00" value="182.6405"/>
                <event date="1993-12-20" time="09:00:00" value="182.6325"/>
                <event date="1993-12-20" time="09:15:00" value="182.6257"/>
                <event date="1993-12-20" time="09:30:00" value="182.6214"/>
                <event date="1993-12-20" time="09:45:00" value="182.6187"/>
                <event date="1993-12-20" time="10:00:00" value="182.618"/>
                <event date="1993-12-20" time="10:15:00" value="182.6183"/>
                <event date="1993-12-20" time="10:30:00" value="182.6189"/>
                <event date="1993-12-20" time="10:45:00" value="182.6205"/>
                <event date="1993-12-20" time="11:00:00" value="182.6244"/>
                <event date="1993-12-20" time="11:15:00" value="182.6319"/>
                <event date="1993-12-20" time="11:30:00" value="182.6419"/>
                <event date="1993-12-20" time="11:45:00" value="182.6516"/>
                <event date="1993-12-20" time="12:00:00" value="182.6607"/>
                <event date="1993-12-20" time="12:15:00" value="182.6723"/>
                <event date="1993-12-20" time="12:30:00" value="182.6872"/>
                <event date="1993-12-20" time="12:45:00" value="182.7048"/>
                <event date="1993-12-20" time="13:00:00" value="182.7301"/>
                <event date="1993-12-20" time="13:15:00" value="182.7673"/>
                <event date="1993-12-20" time="13:30:00" value="182.8085"/>
                <event date="1993-12-20" time="13:45:00" value="182.8465"/>
                <event date="1993-12-20" time="14:00:00" value="182.8808"/>
                <event date="1993-12-20" time="14:15:00" value="182.9105"/>
                <event date="1993-12-20" time="14:30:00" value="182.9378"/>
                <event date="1993-12-20" time="14:45:00" value="182.9636"/>
                <event date="1993-12-20" time="15:00:00" value="182.9867"/>
                <event date="1993-12-20" time="15:15:00" value="183.0062"/>
                <event date="1993-12-20" time="15:30:00" value="183.0239"/>
                <event date="1993-12-20" time="15:45:00" value="183.0433"/>
                <event date="1993-12-20" time="16:00:00" value="183.1111"/>
                <event date="1993-12-20" time="16:15:00" value="183.1132"/>
                <event date="1993-12-20" time="16:30:00" value="183.1181"/>
                <event date="1993-12-20" time="16:45:00" value="183.1282"/>
                <event date="1993-12-20" time="17:00:00" value="183.1398"/>
                <event date="1993-12-20" time="17:15:00" value="183.1514"/>
                <event date="1993-12-20" time="17:30:00" value="183.1644"/>
                <event date="1993-12-20" time="17:45:00" value="183.1809"/>
                <event date="1993-12-20" time="18:00:00" value="183.1994"/>
                <event date="1993-12-20" time="18:15:00" value="183.2167"/>
                <event date="1993-12-20" time="18:30:00" value="183.2316"/>
                <event date="1993-12-20" time="18:45:00" value="183.2446"/>
                <event date="1993-12-20" time="19:00:00" value="183.2567"/>
                <event date="1993-12-20" time="19:15:00" value="183.2684"/>
                <event date="1993-12-20" time="19:30:00" value="183.2785"/>
                <event date="1993-12-20" time="19:45:00" value="183.2854"/>
                <event date="1993-12-20" time="20:00:00" value="183.2881"/>
                <event date="1993-12-20" time="20:15:00" value="183.2869"/>
                <event date="1993-12-20" time="20:30:00" value="183.283"/>
                <event date="1993-12-20" time="20:45:00" value="183.277"/>
                <event date="1993-12-20" time="21:00:00" value="183.2688"/>
                <event date="1993-12-20" time="21:15:00" value="183.2588"/>
                <event date="1993-12-20" time="21:30:00" value="183.2493"/>
                <event date="1993-12-20" time="21:45:00" value="183.245"/>
                <event date="1993-12-20" time="22:00:00" value="183.2497"/>
                <event date="1993-12-20" time="22:15:00" value="183.2625"/>
                <event date="1993-12-20" time="22:30:00" value="183.2766"/>
                <event date="1993-12-20" time="22:45:00" value="183.2873"/>
                <event date="1993-12-20" time="23:00:00" value="183.2971"/>
                <event date="1993-12-20" time="23:15:00" value="183.3123"/>
                <event date="1993-12-20" time="23:30:00" value="183.3384"/>
                <event date="1993-12-20" time="23:45:00" value="183.3798"/>
                <event date="1993-12-21" time="00:00:00" value="183.4202"/>
                <event date="1993-12-21" time="00:15:00" value="183.4625"/>
                <event date="1993-12-21" time="00:30:00" value="183.5005"/>
                <event date="1993-12-21" time="00:45:00" value="183.539"/>
                <event date="1993-12-21" time="01:00:00" value="183.5785"/>
                <event date="1993-12-21" time="01:15:00" value="183.6193"/>
                <event date="1993-12-21" time="01:30:00" value="183.6603"/>
                <event date="1993-12-21" time="01:45:00" value="183.6997"/>
                <event date="1993-12-21" time="02:00:00" value="183.7364"/>
                <event date="1993-12-21" time="02:15:00" value="183.7748"/>
                <event date="1993-12-21" time="02:30:00" value="183.8053"/>
                <event date="1993-12-21" time="02:45:00" value="183.8306"/>
                <event date="1993-12-21" time="03:00:00" value="183.8508"/>
                <event date="1993-12-21" time="03:15:00" value="183.866"/>
                <event date="1993-12-21" time="03:30:00" value="183.8771"/>
                <event date="1993-12-21" time="03:45:00" value="183.8851"/>
                <event date="1993-12-21" time="04:00:00" value="183.8905"/>
                <event date="1993-12-21" time="04:15:00" value="183.8925"/>
                <event date="1993-12-21" time="04:30:00" value="183.8899"/>
                <event date="1993-12-21" time="04:45:00" value="183.8814"/>
                <event date="1993-12-21" time="05:00:00" value="183.8672"/>
                <event date="1993-12-21" time="05:15:00" value="183.849"/>
                <event date="1993-12-21" time="05:30:00" value="183.8289"/>
                <event date="1993-12-21" time="05:45:00" value="183.8082"/>
                <event date="1993-12-21" time="06:00:00" value="183.7867"/>
                <event date="1993-12-21" time="06:15:00" value="183.7622"/>
                <event date="1993-12-21" time="06:30:00" value="183.7346"/>
                <event date="1993-12-21" time="06:45:00" value="183.6975"/>
                <event date="1993-12-21" time="07:00:00" value="183.661"/>
                <event date="1993-12-21" time="07:15:00" value="183.622"/>
                <event date="1993-12-21" time="07:30:00" value="183.5811"/>
                <event date="1993-12-21" time="07:45:00" value="183.5448"/>
                <event date="1993-12-21" time="08:00:00" value="183.5132"/>
                <event date="1993-12-21" time="08:15:00" value="183.485"/>
                <event date="1993-12-21" time="08:30:00" value="183.4584"/>
                <event date="1993-12-21" time="08:45:00" value="183.4303"/>
                <event date="1993-12-21" time="09:00:00" value="183.397"/>
                <event date="1993-12-21" time="09:15:00" value="183.363"/>
                <event date="1993-12-21" time="09:30:00" value="183.3209"/>
                <event date="1993-12-21" time="09:45:00" value="183.2835"/>
                <event date="1993-12-21" time="10:00:00" value="183.2486"/>
                <event date="1993-12-21" time="10:15:00" value="183.2187"/>
                <event date="1993-12-21" time="10:30:00" value="183.1965"/>
                <event date="1993-12-21" time="10:45:00" value="183.1822"/>
                <event date="1993-12-21" time="11:00:00" value="183.1746"/>
                <event date="1993-12-21" time="11:15:00" value="183.1697"/>
                <event date="1993-12-21" time="11:30:00" value="183.1631"/>
                <event date="1993-12-21" time="11:45:00" value="183.1549"/>
                <event date="1993-12-21" time="12:00:00" value="183.1467"/>
                <event date="1993-12-21" time="12:15:00" value="183.1383"/>
                <event date="1993-12-21" time="12:30:00" value="183.1286"/>
                <event date="1993-12-21" time="12:45:00" value="183.1177"/>
                <event date="1993-12-21" time="13:00:00" value="183.107"/>
                <event date="1993-12-21" time="13:15:00" value="183.0986"/>
                <event date="1993-12-21" time="13:30:00" value="183.0929"/>
                <event date="1993-12-21" time="13:45:00" value="183.0888"/>
                <event date="1993-12-21" time="14:00:00" value="183.0844"/>
                <event date="1993-12-21" time="14:15:00" value="183.0785"/>
                <event date="1993-12-21" time="14:30:00" value="183.0726"/>
                <event date="1993-12-21" time="14:45:00" value="183.0692"/>
                <event date="1993-12-21" time="15:00:00" value="183.0687"/>
                <event date="1993-12-21" time="15:15:00" value="183.0717"/>
                <event date="1993-12-21" time="15:30:00" value="183.0753"/>
                <event date="1993-12-21" time="15:45:00" value="183.0771"/>
                <event date="1993-12-21" time="16:00:00" value="183.0797"/>
                <event date="1993-12-21" time="16:15:00" value="183.0853"/>
                <event date="1993-12-21" time="16:30:00" value="183.0925"/>
                <event date="1993-12-21" time="16:45:00" value="183.0982"/>
                <event date="1993-12-21" time="17:00:00" value="183.1008"/>
                <event date="1993-12-21" time="17:15:00" value="183.101"/>
                <event date="1993-12-21" time="17:30:00" value="183.0997"/>
                <event date="1993-12-21" time="17:45:00" value="183.0981"/>
                <event date="1993-12-21" time="18:00:00" value="183.0966"/>
                <event date="1993-12-21" time="18:15:00" value="183.0941"/>
                <event date="1993-12-21" time="18:30:00" value="183.0903"/>
                <event date="1993-12-21" time="18:45:00" value="183.0853"/>
                <event date="1993-12-21" time="19:00:00" value="183.0795"/>
                <event date="1993-12-21" time="19:15:00" value="183.0746"/>
                <event date="1993-12-21" time="19:30:00" value="183.0713"/>
                <event date="1993-12-21" time="19:45:00" value="183.0689"/>
                <event date="1993-12-21" time="20:00:00" value="183.0665"/>
                <event date="1993-12-21" time="20:15:00" value="183.0635"/>
                <event date="1993-12-21" time="20:30:00" value="183.0609"/>
                <event date="1993-12-21" time="20:45:00" value="183.0594"/>
                <event date="1993-12-21" time="21:00:00" value="183.0582"/>
                <event date="1993-12-21" time="21:15:00" value="183.0564"/>
                <event date="1993-12-21" time="21:30:00" value="183.0541"/>
                <event date="1993-12-21" time="21:45:00" value="183.0504"/>
                <event date="1993-12-21" time="22:00:00" value="183.045"/>
                <event date="1993-12-21" time="22:15:00" value="183.0385"/>
                <event date="1993-12-21" time="22:30:00" value="183.0315"/>
                <event date="1993-12-21" time="22:45:00" value="183.0253"/>
                <event date="1993-12-21" time="23:00:00" value="183.0189"/>
                <event date="1993-12-21" time="23:15:00" value="183.0113"/>
                <event date="1993-12-21" time="23:30:00" value="183.0033"/>
                <event date="1993-12-21" time="23:45:00" value="182.9955"/>
                <event date="1993-12-22" time="00:00:00" value="182.9881"/>
                <event date="1993-12-22" time="00:15:00" value="182.9809"/>
                <event date="1993-12-22" time="00:30:00" value="182.975"/>
                <event date="1993-12-22" time="00:45:00" value="182.9696"/>
                <event date="1993-12-22" time="01:00:00" value="182.9642"/>
                <event date="1993-12-22" time="01:15:00" value="182.9556"/>
                <event date="1993-12-22" time="01:30:00" value="182.9495"/>
                <event date="1993-12-22" time="01:45:00" value="182.9449"/>
                <event date="1993-12-22" time="02:00:00" value="182.9402"/>
                <event date="1993-12-22" time="02:15:00" value="182.9348"/>
                <event date="1993-12-22" time="02:30:00" value="182.9299"/>
                <event date="1993-12-22" time="02:45:00" value="182.9244"/>
                <event date="1993-12-22" time="03:00:00" value="182.9179"/>
                <event date="1993-12-22" time="03:15:00" value="182.909"/>
                <event date="1993-12-22" time="03:30:00" value="182.9012"/>
                <event date="1993-12-22" time="03:45:00" value="182.8961"/>
                <event date="1993-12-22" time="04:00:00" value="182.8912"/>
                <event date="1993-12-22" time="04:15:00" value="182.8857"/>
                <event date="1993-12-22" time="04:30:00" value="182.8809"/>
                <event date="1993-12-22" time="04:45:00" value="182.8763"/>
                <event date="1993-12-22" time="05:00:00" value="182.871"/>
                <event date="1993-12-22" time="05:15:00" value="182.8665"/>
                <event date="1993-12-22" time="05:30:00" value="182.8631"/>
                <event date="1993-12-22" time="05:45:00" value="182.8593"/>
                <event date="1993-12-22" time="06:00:00" value="182.8544"/>
                <event date="1993-12-22" time="06:15:00" value="182.8501"/>
                <event date="1993-12-22" time="06:30:00" value="182.8472"/>
                <event date="1993-12-22" time="06:45:00" value="182.845"/>
                <event date="1993-12-22" time="07:00:00" value="182.8423"/>
                <event date="1993-12-22" time="07:15:00" value="182.8126"/>
                <event date="1993-12-22" time="07:30:00" value="182.7868"/>
                <event date="1993-12-22" time="07:45:00" value="182.8113"/>
                <event date="1993-12-22" time="08:00:00" value="182.8218"/>
                <event date="1993-12-22" time="08:15:00" value="182.8244"/>
                <event date="1993-12-22" time="08:30:00" value="182.8227"/>
                <event date="1993-12-22" time="08:45:00" value="182.8185"/>
                <event date="1993-12-22" time="09:00:00" value="182.8143"/>
                <event date="1993-12-22" time="09:15:00" value="182.8114"/>
                <event date="1993-12-22" time="09:30:00" value="182.8094"/>
                <event date="1993-12-22" time="09:45:00" value="182.8064"/>
                <event date="1993-12-22" time="10:00:00" value="182.8017"/>
                <event date="1993-12-22" time="10:15:00" value="182.7975"/>
                <event date="1993-12-22" time="10:30:00" value="182.7947"/>
                <event date="1993-12-22" time="10:45:00" value="182.7928"/>
                <event date="1993-12-22" time="11:00:00" value="182.7899"/>
                <event date="1993-12-22" time="11:15:00" value="182.7853"/>
                <event date="1993-12-22" time="11:30:00" value="182.7813"/>
                <event date="1993-12-22" time="11:45:00" value="182.7803"/>
                <event date="1993-12-22" time="12:00:00" value="182.7839"/>
                <event date="1993-12-22" time="12:15:00" value="182.7895"/>
                <event date="1993-12-22" time="12:30:00" value="182.7937"/>
                <event date="1993-12-22" time="12:45:00" value="182.7972"/>
                <event date="1993-12-22" time="13:00:00" value="182.8012"/>
                <event date="1993-12-22" time="13:15:00" value="182.8039"/>
                <event date="1993-12-22" time="13:30:00" value="182.805"/>
                <event date="1993-12-22" time="13:45:00" value="182.805"/>
                <event date="1993-12-22" time="14:00:00" value="182.8044"/>
                <event date="1993-12-22" time="14:15:00" value="182.8035"/>
                <event date="1993-12-22" time="14:30:00" value="182.8026"/>
                <event date="1993-12-22" time="14:45:00" value="182.8017"/>
                <event date="1993-12-22" time="15:00:00" value="182.8009"/>
                <event date="1993-12-22" time="15:15:00" value="182.8001"/>
                <event date="1993-12-22" time="15:30:00" value="182.7993"/>
                <event date="1993-12-22" time="15:45:00" value="182.7984"/>
                <event date="1993-12-22" time="16:00:00" value="182.7962"/>
                <event date="1993-12-22" time="16:15:00" value="182.7922"/>
                <event date="1993-12-22" time="16:30:00" value="182.7886"/>
                <event date="1993-12-22" time="16:45:00" value="182.7863"/>
                <event date="1993-12-22" time="17:00:00" value="182.7847"/>
                <event date="1993-12-22" time="17:15:00" value="182.7822"/>
                <event date="1993-12-22" time="17:30:00" value="182.7779"/>
                <event date="1993-12-22" time="17:45:00" value="182.774"/>
                <event date="1993-12-22" time="18:00:00" value="182.7715"/>
                <event date="1993-12-22" time="18:15:00" value="182.7701"/>
                <event date="1993-12-22" time="18:30:00" value="182.7691"/>
                <event date="1993-12-22" time="18:45:00" value="182.7684"/>
                <event date="1993-12-22" time="19:00:00" value="182.7679"/>
                <event date="1993-12-22" time="19:15:00" value="182.7675"/>
                <event date="1993-12-22" time="19:30:00" value="182.7672"/>
                <event date="1993-12-22" time="19:45:00" value="182.7668"/>
                <event date="1993-12-22" time="20:00:00" value="182.7664"/>
                <event date="1993-12-22" time="20:15:00" value="182.7674"/>
                <event date="1993-12-22" time="20:30:00" value="182.7704"/>
                <event date="1993-12-22" time="20:45:00" value="182.773"/>
                <event date="1993-12-22" time="21:00:00" value="182.7742"/>
                <event date="1993-12-22" time="21:15:00" value="182.7747"/>
                <event date="1993-12-22" time="21:30:00" value="182.7755"/>
                <event date="1993-12-22" time="21:45:00" value="182.7775"/>
                <event date="1993-12-22" time="22:00:00" value="182.7803"/>
                <event date="1993-12-22" time="22:15:00" value="182.7826"/>
                <event date="1993-12-22" time="22:30:00" value="182.7839"/>
                <event date="1993-12-22" time="22:45:00" value="182.7842"/>
                <event date="1993-12-22" time="23:00:00" value="182.7838"/>
                <event date="1993-12-22" time="23:15:00" value="182.783"/>
                <event date="1993-12-22" time="23:30:00" value="182.7819"/>
                <event date="1993-12-22" time="23:45:00" value="182.7807"/>
                <event date="1993-12-23" time="00:00:00" value="182.7796"/>
                <event date="1993-12-23" time="00:15:00" value="182.7785"/>
                <event date="1993-12-23" time="00:30:00" value="182.7775"/>
                <event date="1993-12-23" time="00:45:00" value="182.7767"/>
                <event date="1993-12-23" time="01:00:00" value="182.776"/>
                <event date="1993-12-23" time="01:15:00" value="182.7753"/>
                <event date="1993-12-23" time="01:30:00" value="182.7751"/>
                <event date="1993-12-23" time="01:45:00" value="182.7762"/>
                <event date="1993-12-23" time="02:00:00" value="182.7791"/>
                <event date="1993-12-23" time="02:15:00" value="182.781"/>
                <event date="1993-12-23" time="02:30:00" value="182.7815"/>
                <event date="1993-12-23" time="02:45:00" value="182.7836"/>
                <event date="1993-12-23" time="03:00:00" value="182.7861"/>
                <event date="1993-12-23" time="03:15:00" value="182.7867"/>
                <event date="1993-12-23" time="03:30:00" value="182.7855"/>
                <event date="1993-12-23" time="03:45:00" value="182.7836"/>
                <event date="1993-12-23" time="04:00:00" value="182.7819"/>
                <event date="1993-12-23" time="04:15:00" value="182.7805"/>
                <event date="1993-12-23" time="04:30:00" value="182.7789"/>
                <event date="1993-12-23" time="04:45:00" value="182.7772"/>
                <event date="1993-12-23" time="05:00:00" value="182.7755"/>
                <event date="1993-12-23" time="05:15:00" value="182.774"/>
                <event date="1993-12-23" time="05:30:00" value="182.7726"/>
                <event date="1993-12-23" time="05:45:00" value="182.7714"/>
                <event date="1993-12-23" time="06:00:00" value="182.7704"/>
                <event date="1993-12-23" time="06:15:00" value="182.7688"/>
                <event date="1993-12-23" time="06:30:00" value="182.7656"/>
                <event date="1993-12-23" time="06:45:00" value="182.7623"/>
                <event date="1993-12-23" time="07:00:00" value="182.7598"/>
                <event date="1993-12-23" time="07:15:00" value="182.7582"/>
                <event date="1993-12-23" time="07:30:00" value="182.7575"/>
                <event date="1993-12-23" time="07:45:00" value="182.758"/>
                <event date="1993-12-23" time="08:00:00" value="182.7587"/>
                <event date="1993-12-23" time="08:15:00" value="182.7589"/>
                <event date="1993-12-23" time="08:30:00" value="182.7583"/>
                <event date="1993-12-23" time="08:45:00" value="182.7575"/>
                <event date="1993-12-23" time="09:00:00" value="182.7567"/>
                <event date="1993-12-23" time="09:15:00" value="182.756"/>
                <event date="1993-12-23" time="09:30:00" value="182.7553"/>
                <event date="1993-12-23" time="09:45:00" value="182.7546"/>
                <event date="1993-12-23" time="10:00:00" value="182.7524"/>
                <event date="1993-12-23" time="10:15:00" value="182.7483"/>
                <event date="1993-12-23" time="10:30:00" value="182.7446"/>
                <event date="1993-12-23" time="10:45:00" value="182.7423"/>
                <event date="1993-12-23" time="11:00:00" value="182.741"/>
                <event date="1993-12-23" time="11:15:00" value="182.7403"/>
                <event date="1993-12-23" time="11:30:00" value="182.7398"/>
                <event date="1993-12-23" time="11:45:00" value="182.7394"/>
                <event date="1993-12-23" time="12:00:00" value="182.7406"/>
                <event date="1993-12-23" time="12:15:00" value="182.7439"/>
                <event date="1993-12-23" time="12:30:00" value="182.7468"/>
                <event date="1993-12-23" time="12:45:00" value="182.7483"/>
                <event date="1993-12-23" time="13:00:00" value="182.7488"/>
                <event date="1993-12-23" time="13:15:00" value="182.7488"/>
                <event date="1993-12-23" time="13:30:00" value="182.7486"/>
                <event date="1993-12-23" time="13:45:00" value="182.7484"/>
                <event date="1993-12-23" time="14:00:00" value="182.7481"/>
                <event date="1993-12-23" time="14:15:00" value="182.7478"/>
                <event date="1993-12-23" time="14:30:00" value="182.7475"/>
                <event date="1993-12-23" time="14:45:00" value="182.7472"/>
                <event date="1993-12-23" time="15:00:00" value="182.7469"/>
                <event date="1993-12-23" time="15:15:00" value="182.7466"/>
                <event date="1993-12-23" time="15:30:00" value="182.7464"/>
                <event date="1993-12-23" time="15:45:00" value="182.7461"/>
                <event date="1993-12-23" time="16:00:00" value="182.7457"/>
                <event date="1993-12-23" time="16:15:00" value="182.7438"/>
                <event date="1993-12-23" time="16:30:00" value="182.7399"/>
                <event date="1993-12-23" time="16:45:00" value="182.7364"/>
                <event date="1993-12-23" time="17:00:00" value="182.7343"/>
                <event date="1993-12-23" time="17:15:00" value="182.7332"/>
                <event date="1993-12-23" time="17:30:00" value="182.7326"/>
                <event date="1993-12-23" time="17:45:00" value="182.7323"/>
                <event date="1993-12-23" time="18:00:00" value="182.7319"/>
                <event date="1993-12-23" time="18:15:00" value="182.7317"/>
                <event date="1993-12-23" time="18:30:00" value="182.7314"/>
                <event date="1993-12-23" time="18:45:00" value="182.7311"/>
                <event date="1993-12-23" time="19:00:00" value="182.7309"/>
                <event date="1993-12-23" time="19:15:00" value="182.7306"/>
                <event date="1993-12-23" time="19:30:00" value="182.7303"/>
                <event date="1993-12-23" time="19:45:00" value="182.7301"/>
                <event date="1993-12-23" time="20:00:00" value="182.7298"/>
                <event date="1993-12-23" time="20:15:00" value="182.7295"/>
                <event date="1993-12-23" time="20:30:00" value="182.7292"/>
                <event date="1993-12-23" time="20:45:00" value="182.7274"/>
                <event date="1993-12-23" time="21:00:00" value="182.7235"/>
                <event date="1993-12-23" time="21:15:00" value="182.72"/>
                <event date="1993-12-23" time="21:30:00" value="182.7179"/>
                <event date="1993-12-23" time="21:45:00" value="182.7168"/>
                <event date="1993-12-23" time="22:00:00" value="182.7162"/>
                <event date="1993-12-23" time="22:15:00" value="182.7159"/>
                <event date="1993-12-23" time="22:30:00" value="182.7156"/>
                <event date="1993-12-23" time="22:45:00" value="182.7154"/>
                <event date="1993-12-23" time="23:00:00" value="182.7152"/>
                <event date="1993-12-23" time="23:15:00" value="182.7155"/>
                <event date="1993-12-23" time="23:30:00" value="182.7163"/>
                <event date="1993-12-23" time="23:45:00" value="182.7172"/>
                <event date="1993-12-24" time="00:00:00" value="182.7176"/>
                <event date="1993-12-24" time="00:15:00" value="182.7174"/>
                <event date="1993-12-24" time="00:30:00" value="182.7169"/>
                <event date="1993-12-24" time="00:45:00" value="182.7165"/>
                <event date="1993-12-24" time="01:00:00" value="182.7163"/>
                <event date="1993-12-24" time="01:15:00" value="182.7162"/>
                <event date="1993-12-24" time="01:30:00" value="182.716"/>
                <event date="1993-12-24" time="01:45:00" value="182.7166"/>
                <event date="1993-12-24" time="02:00:00" value="182.7183"/>
                <event date="1993-12-24" time="02:15:00" value="182.7202"/>
                <event date="1993-12-24" time="02:30:00" value="182.7213"/>
                <event date="1993-12-24" time="02:45:00" value="182.7216"/>
                <event date="1993-12-24" time="03:00:00" value="182.7227"/>
                <event date="1993-12-24" time="03:15:00" value="182.7254"/>
                <event date="1993-12-24" time="03:30:00" value="182.7276"/>
                <event date="1993-12-24" time="03:45:00" value="182.7286"/>
                <event date="1993-12-24" time="04:00:00" value="182.7288"/>
                <event date="1993-12-24" time="04:15:00" value="182.7287"/>
                <event date="1993-12-24" time="04:30:00" value="182.7288"/>
                <event date="1993-12-24" time="04:45:00" value="182.7289"/>
                <event date="1993-12-24" time="05:00:00" value="182.729"/>
                <event date="1993-12-24" time="05:15:00" value="182.729"/>
                <event date="1993-12-24" time="05:30:00" value="182.7287"/>
                <event date="1993-12-24" time="05:45:00" value="182.7286"/>
                <event date="1993-12-24" time="06:00:00" value="182.7287"/>
                <event date="1993-12-24" time="06:15:00" value="182.729"/>
                <event date="1993-12-24" time="06:30:00" value="182.729"/>
                <event date="1993-12-24" time="06:45:00" value="182.7286"/>
                <event date="1993-12-24" time="07:00:00" value="182.7278"/>
                <event date="1993-12-24" time="07:15:00" value="182.7269"/>
                <event date="1993-12-24" time="07:30:00" value="182.7264"/>
                <event date="1993-12-24" time="07:45:00" value="182.7263"/>
                <event date="1993-12-24" time="08:00:00" value="182.728"/>
                <event date="1993-12-24" time="08:15:00" value="182.7321"/>
                <event date="1993-12-24" time="08:30:00" value="182.7362"/>
                <event date="1993-12-24" time="08:45:00" value="182.7393"/>
                <event date="1993-12-24" time="09:00:00" value="182.7415"/>
                <event date="1993-12-24" time="09:15:00" value="182.7429"/>
                <event date="1993-12-24" time="09:30:00" value="182.7437"/>
                <event date="1993-12-24" time="09:45:00" value="182.7439"/>
                <event date="1993-12-24" time="10:00:00" value="182.7431"/>
                <event date="1993-12-24" time="10:15:00" value="182.7419"/>
                <event date="1993-12-24" time="10:30:00" value="182.7404"/>
                <event date="1993-12-24" time="10:45:00" value="182.7391"/>
                <event date="1993-12-24" time="11:00:00" value="182.738"/>
                <event date="1993-12-24" time="11:15:00" value="182.7369"/>
                <event date="1993-12-24" time="11:30:00" value="182.7361"/>
                <event date="1993-12-24" time="11:45:00" value="182.7368"/>
                <event date="1993-12-24" time="12:00:00" value="182.7396"/>
                <event date="1993-12-24" time="12:15:00" value="182.7421"/>
                <event date="1993-12-24" time="12:30:00" value="182.7433"/>
                <event date="1993-12-24" time="12:45:00" value="182.7436"/>
                <event date="1993-12-24" time="13:00:00" value="182.7435"/>
                <event date="1993-12-24" time="13:15:00" value="182.7433"/>
                <event date="1993-12-24" time="13:30:00" value="182.7414"/>
                <event date="1993-12-24" time="13:45:00" value="182.7376"/>
                <event date="1993-12-24" time="14:00:00" value="182.7342"/>
                <event date="1993-12-24" time="14:15:00" value="182.7321"/>
                <event date="1993-12-24" time="14:30:00" value="182.731"/>
                <event date="1993-12-24" time="14:45:00" value="182.7303"/>
                <event date="1993-12-24" time="15:00:00" value="182.7283"/>
                <event date="1993-12-24" time="15:15:00" value="182.7225"/>
                <event date="1993-12-24" time="15:30:00" value="182.708"/>
                <event date="1993-12-24" time="15:45:00" value="182.6835"/>
                <event date="1993-12-24" time="16:00:00" value="182.6594"/>
                <event date="1993-12-24" time="16:15:00" value="182.6418"/>
                <event date="1993-12-24" time="16:30:00" value="182.6316"/>
                <event date="1993-12-24" time="16:45:00" value="182.6255"/>
                <event date="1993-12-24" time="17:00:00" value="182.6202"/>
                <event date="1993-12-24" time="17:15:00" value="182.6162"/>
                <event date="1993-12-24" time="17:30:00" value="182.6128"/>
                <event date="1993-12-24" time="17:45:00" value="182.6087"/>
                <event date="1993-12-24" time="18:00:00" value="182.6055"/>
                <event date="1993-12-24" time="18:15:00" value="182.6035"/>
                <event date="1993-12-24" time="18:30:00" value="182.6024"/>
                <event date="1993-12-24" time="18:45:00" value="182.6018"/>
                <event date="1993-12-24" time="19:00:00" value="182.6002"/>
                <event date="1993-12-24" time="19:15:00" value="182.5966"/>
                <event date="1993-12-24" time="19:30:00" value="182.5933"/>
                <event date="1993-12-24" time="19:45:00" value="182.5913"/>
                <event date="1993-12-24" time="20:00:00" value="182.5903"/>
                <event date="1993-12-24" time="20:15:00" value="182.5898"/>
                <event date="1993-12-24" time="20:30:00" value="182.5895"/>
                <event date="1993-12-24" time="20:45:00" value="182.5881"/>
                <event date="1993-12-24" time="21:00:00" value="182.5847"/>
                <event date="1993-12-24" time="21:15:00" value="182.5814"/>
                <event date="1993-12-24" time="21:30:00" value="182.5794"/>
                <event date="1993-12-24" time="21:45:00" value="182.5784"/>
                <event date="1993-12-24" time="22:00:00" value="182.578"/>
                <event date="1993-12-24" time="22:15:00" value="182.5778"/>
                <event date="1993-12-24" time="22:30:00" value="182.5777"/>
                <event date="1993-12-24" time="22:45:00" value="182.5776"/>
                <event date="1993-12-24" time="23:00:00" value="182.5775"/>
                <event date="1993-12-24" time="23:15:00" value="182.5775"/>
                <event date="1993-12-24" time="23:30:00" value="182.5774"/>
                <event date="1993-12-24" time="23:45:00" value="182.5774"/>
                <event date="1993-12-25" time="00:00:00" value="182.5773"/>
                <event date="1993-12-25" time="00:15:00" value="182.576"/>
                <event date="1993-12-25" time="00:30:00" value="182.5726"/>
                <event date="1993-12-25" time="00:45:00" value="182.5692"/>
                <event date="1993-12-25" time="01:00:00" value="182.5672"/>
                <event date="1993-12-25" time="01:15:00" value="182.5662"/>
                <event date="1993-12-25" time="01:30:00" value="182.5658"/>
                <event date="1993-12-25" time="01:45:00" value="182.5656"/>
                <event date="1993-12-25" time="02:00:00" value="182.5654"/>
                <event date="1993-12-25" time="02:15:00" value="182.5641"/>
                <event date="1993-12-25" time="02:30:00" value="182.5607"/>
                <event date="1993-12-25" time="02:45:00" value="182.5573"/>
                <event date="1993-12-25" time="03:00:00" value="182.5552"/>
                <event date="1993-12-25" time="03:15:00" value="182.5542"/>
                <event date="1993-12-25" time="03:30:00" value="182.5538"/>
                <event date="1993-12-25" time="03:45:00" value="182.5536"/>
                <event date="1993-12-25" time="04:00:00" value="182.5535"/>
                <event date="1993-12-25" time="04:15:00" value="182.5534"/>
                <event date="1993-12-25" time="04:30:00" value="182.5534"/>
                <event date="1993-12-25" time="04:45:00" value="182.5533"/>
                <event date="1993-12-25" time="05:00:00" value="182.5533"/>
                <event date="1993-12-25" time="05:15:00" value="182.5532"/>
                <event date="1993-12-25" time="05:30:00" value="182.5532"/>
                <event date="1993-12-25" time="05:45:00" value="182.5531"/>
                <event date="1993-12-25" time="06:00:00" value="182.5531"/>
                <event date="1993-12-25" time="06:15:00" value="182.553"/>
                <event date="1993-12-25" time="06:30:00" value="182.553"/>
                <event date="1993-12-25" time="06:45:00" value="182.5529"/>
                <event date="1993-12-25" time="07:00:00" value="182.5529"/>
                <event date="1993-12-25" time="07:15:00" value="182.5517"/>
                <event date="1993-12-25" time="07:30:00" value="182.5484"/>
                <event date="1993-12-25" time="07:45:00" value="182.5452"/>
                <event date="1993-12-25" time="08:00:00" value="182.5432"/>
                <event date="1993-12-25" time="08:15:00" value="182.5422"/>
                <event date="1993-12-25" time="08:30:00" value="182.5418"/>
                <event date="1993-12-25" time="08:45:00" value="182.5417"/>
                <event date="1993-12-25" time="09:00:00" value="182.5416"/>
                <event date="1993-12-25" time="09:15:00" value="182.5415"/>
                <event date="1993-12-25" time="09:30:00" value="182.5415"/>
                <event date="1993-12-25" time="09:45:00" value="182.5414"/>
                <event date="1993-12-25" time="10:00:00" value="182.5414"/>
                <event date="1993-12-25" time="10:15:00" value="182.5413"/>
                <event date="1993-12-25" time="10:30:00" value="182.5402"/>
                <event date="1993-12-25" time="10:45:00" value="182.5369"/>
                <event date="1993-12-25" time="11:00:00" value="182.5336"/>
                <event date="1993-12-25" time="11:15:00" value="182.5316"/>
                <event date="1993-12-25" time="11:30:00" value="182.5307"/>
                <event date="1993-12-25" time="11:45:00" value="182.5303"/>
                <event date="1993-12-25" time="12:00:00" value="182.5301"/>
                <event date="1993-12-25" time="12:15:00" value="182.53"/>
                <event date="1993-12-25" time="12:30:00" value="182.53"/>
                <event date="1993-12-25" time="12:45:00" value="182.5299"/>
                <event date="1993-12-25" time="13:00:00" value="182.5299"/>
                <event date="1993-12-25" time="13:15:00" value="182.5298"/>
                <event date="1993-12-25" time="13:30:00" value="182.5298"/>
                <event date="1993-12-25" time="13:45:00" value="182.5298"/>
                <event date="1993-12-25" time="14:00:00" value="182.5297"/>
                <event date="1993-12-25" time="14:15:00" value="182.5297"/>
                <event date="1993-12-25" time="14:30:00" value="182.5296"/>
                <event date="1993-12-25" time="14:45:00" value="182.5296"/>
                <event date="1993-12-25" time="15:00:00" value="182.5296"/>
                <event date="1993-12-25" time="15:15:00" value="182.5295"/>
                <event date="1993-12-25" time="15:30:00" value="182.5295"/>
                <event date="1993-12-25" time="15:45:00" value="182.5295"/>
                <event date="1993-12-25" time="16:00:00" value="182.5294"/>
                <event date="1993-12-25" time="16:15:00" value="182.5294"/>
                <event date="1993-12-25" time="16:30:00" value="182.5294"/>
                <event date="1993-12-25" time="16:45:00" value="182.5294"/>
                <event date="1993-12-25" time="17:00:00" value="182.5293"/>
                <event date="1993-12-25" time="17:15:00" value="182.5282"/>
                <event date="1993-12-25" time="17:30:00" value="182.5249"/>
                <event date="1993-12-25" time="17:45:00" value="182.5216"/>
                <event date="1993-12-25" time="18:00:00" value="182.5196"/>
                <event date="1993-12-25" time="18:15:00" value="182.5186"/>
                <event date="1993-12-25" time="18:30:00" value="182.5182"/>
                <event date="1993-12-25" time="18:45:00" value="182.518"/>
                <event date="1993-12-25" time="19:00:00" value="182.5179"/>
                <event date="1993-12-25" time="19:15:00" value="182.5179"/>
                <event date="1993-12-25" time="19:30:00" value="182.5178"/>
                <event date="1993-12-25" time="19:45:00" value="182.5167"/>
                <event date="1993-12-25" time="20:00:00" value="182.5134"/>
                <event date="1993-12-25" time="20:15:00" value="182.5101"/>
                <event date="1993-12-25" time="20:30:00" value="182.508"/>
                <event date="1993-12-25" time="20:45:00" value="182.507"/>
                <event date="1993-12-25" time="21:00:00" value="182.5066"/>
                <event date="1993-12-25" time="21:15:00" value="182.5065"/>
                <event date="1993-12-25" time="21:30:00" value="182.5064"/>
                <event date="1993-12-25" time="21:45:00" value="182.5063"/>
                <event date="1993-12-25" time="22:00:00" value="182.5063"/>
                <event date="1993-12-25" time="22:15:00" value="182.5062"/>
                <event date="1993-12-25" time="22:30:00" value="182.5062"/>
                <event date="1993-12-25" time="22:45:00" value="182.5061"/>
                <event date="1993-12-25" time="23:00:00" value="182.5051"/>
                <event date="1993-12-25" time="23:15:00" value="182.502"/>
                <event date="1993-12-25" time="23:30:00" value="182.4989"/>
                <event date="1993-12-25" time="23:45:00" value="182.4969"/>
                <event date="1993-12-26" time="00:00:00" value="182.496"/>
                <event date="1993-12-26" time="00:15:00" value="182.4956"/>
                <event date="1993-12-26" time="00:30:00" value="182.4954"/>
                <event date="1993-12-26" time="00:45:00" value="182.4953"/>
                <event date="1993-12-26" time="01:00:00" value="182.4953"/>
                <event date="1993-12-26" time="01:15:00" value="182.4953"/>
                <event date="1993-12-26" time="01:30:00" value="182.4953"/>
                <event date="1993-12-26" time="01:45:00" value="182.4952"/>
                <event date="1993-12-26" time="02:00:00" value="182.4952"/>
                <event date="1993-12-26" time="02:15:00" value="182.4952"/>
                <event date="1993-12-26" time="02:30:00" value="182.4951"/>
                <event date="1993-12-26" time="02:45:00" value="182.4951"/>
                <event date="1993-12-26" time="03:00:00" value="182.4951"/>
                <event date="1993-12-26" time="03:15:00" value="182.4951"/>
                <event date="1993-12-26" time="03:30:00" value="182.494"/>
                <event date="1993-12-26" time="03:45:00" value="182.491"/>
                <event date="1993-12-26" time="04:00:00" value="182.4878"/>
                <event date="1993-12-26" time="04:15:00" value="182.4858"/>
                <event date="1993-12-26" time="04:30:00" value="182.4848"/>
                <event date="1993-12-26" time="04:45:00" value="182.4845"/>
                <event date="1993-12-26" time="05:00:00" value="182.4843"/>
                <event date="1993-12-26" time="05:15:00" value="182.4842"/>
                <event date="1993-12-26" time="05:30:00" value="182.4842"/>
                <event date="1993-12-26" time="05:45:00" value="182.4842"/>
                <event date="1993-12-26" time="06:00:00" value="182.4842"/>
                <event date="1993-12-26" time="06:15:00" value="182.4841"/>
                <event date="1993-12-26" time="06:30:00" value="182.4841"/>
                <event date="1993-12-26" time="06:45:00" value="182.4841"/>
                <event date="1993-12-26" time="07:00:00" value="182.4841"/>
                <event date="1993-12-26" time="07:15:00" value="182.4841"/>
                <event date="1993-12-26" time="07:30:00" value="182.484"/>
                <event date="1993-12-26" time="07:45:00" value="182.484"/>
                <event date="1993-12-26" time="08:00:00" value="182.484"/>
                <event date="1993-12-26" time="08:15:00" value="182.484"/>
                <event date="1993-12-26" time="08:30:00" value="182.483"/>
                <event date="1993-12-26" time="08:45:00" value="182.4799"/>
                <event date="1993-12-26" time="09:00:00" value="182.4767"/>
                <event date="1993-12-26" time="09:15:00" value="182.4747"/>
                <event date="1993-12-26" time="09:30:00" value="182.4737"/>
                <event date="1993-12-26" time="09:45:00" value="182.4733"/>
                <event date="1993-12-26" time="10:00:00" value="182.4731"/>
                <event date="1993-12-26" time="10:15:00" value="182.4731"/>
                <event date="1993-12-26" time="10:30:00" value="182.4731"/>
                <event date="1993-12-26" time="10:45:00" value="182.473"/>
                <event date="1993-12-26" time="11:00:00" value="182.473"/>
                <event date="1993-12-26" time="11:15:00" value="182.472"/>
                <event date="1993-12-26" time="11:30:00" value="182.4679"/>
                <event date="1993-12-26" time="11:45:00" value="182.4607"/>
                <event date="1993-12-26" time="12:00:00" value="182.4506"/>
                <event date="1993-12-26" time="12:15:00" value="182.4367"/>
                <event date="1993-12-26" time="12:30:00" value="182.4175"/>
                <event date="1993-12-26" time="12:45:00" value="182.389"/>
                <event date="1993-12-26" time="13:00:00" value="182.3533"/>
                <event date="1993-12-26" time="13:15:00" value="182.3193"/>
                <event date="1993-12-26" time="13:30:00" value="182.2915"/>
                <event date="1993-12-26" time="13:45:00" value="182.2698"/>
                <event date="1993-12-26" time="14:00:00" value="182.2528"/>
                <event date="1993-12-26" time="14:15:00" value="182.2396"/>
                <event date="1993-12-26" time="14:30:00" value="182.2325"/>
                <event date="1993-12-26" time="14:45:00" value="182.2348"/>
                <event date="1993-12-26" time="15:00:00" value="182.2467"/>
                <event date="1993-12-26" time="15:15:00" value="182.2672"/>
                <event date="1993-12-26" time="15:30:00" value="182.2915"/>
                <event date="1993-12-26" time="15:45:00" value="182.3136"/>
                <event date="1993-12-26" time="16:00:00" value="182.3307"/>
                <event date="1993-12-26" time="16:15:00" value="182.3405"/>
                <event date="1993-12-26" time="16:30:00" value="182.3406"/>
                <event date="1993-12-26" time="16:45:00" value="182.3326"/>
                <event date="1993-12-26" time="17:00:00" value="182.3172"/>
                <event date="1993-12-26" time="17:15:00" value="182.2974"/>
                <event date="1993-12-26" time="17:30:00" value="182.2765"/>
                <event date="1993-12-26" time="17:45:00" value="182.2574"/>
                <event date="1993-12-26" time="18:00:00" value="182.2416"/>
                <event date="1993-12-26" time="18:15:00" value="182.2302"/>
                <event date="1993-12-26" time="18:30:00" value="182.2233"/>
                <event date="1993-12-26" time="18:45:00" value="182.2197"/>
                <event date="1993-12-26" time="19:00:00" value="182.2183"/>
                <event date="1993-12-26" time="19:15:00" value="182.2212"/>
                <event date="1993-12-26" time="19:30:00" value="182.2342"/>
                <event date="1993-12-26" time="19:45:00" value="182.256"/>
                <event date="1993-12-26" time="20:00:00" value="182.2805"/>
                <event date="1993-12-26" time="20:15:00" value="182.3023"/>
                <event date="1993-12-26" time="20:30:00" value="182.3198"/>
                <event date="1993-12-26" time="20:45:00" value="182.3336"/>
                <event date="1993-12-26" time="21:00:00" value="182.3429"/>
                <event date="1993-12-26" time="21:15:00" value="182.3474"/>
                <event date="1993-12-26" time="21:30:00" value="182.344"/>
                <event date="1993-12-26" time="21:45:00" value="182.3281"/>
                <event date="1993-12-26" time="22:00:00" value="182.304"/>
                <event date="1993-12-26" time="22:15:00" value="182.2776"/>
                <event date="1993-12-26" time="22:30:00" value="182.2533"/>
                <event date="1993-12-26" time="22:45:00" value="182.2339"/>
                <event date="1993-12-26" time="23:00:00" value="182.2204"/>
                <event date="1993-12-26" time="23:15:00" value="182.2123"/>
                <event date="1993-12-26" time="23:30:00" value="182.2081"/>
                <event date="1993-12-26" time="23:45:00" value="182.2065"/>
                <event date="1993-12-27" time="00:00:00" value="182.208"/>
                <event date="1993-12-27" time="00:15:00" value="182.2138"/>
                <event date="1993-12-27" time="00:30:00" value="182.2254"/>
                <event date="1993-12-27" time="00:45:00" value="182.2443"/>
                <event date="1993-12-27" time="01:00:00" value="182.2675"/>
                <event date="1993-12-27" time="01:15:00" value="182.2894"/>
                <event date="1993-12-27" time="01:30:00" value="182.3067"/>
                <event date="1993-12-27" time="01:45:00" value="182.3183"/>
                <event date="1993-12-27" time="02:00:00" value="182.3245"/>
                <event date="1993-12-27" time="02:15:00" value="182.3256"/>
                <event date="1993-12-27" time="02:30:00" value="182.3181"/>
                <event date="1993-12-27" time="02:45:00" value="182.303"/>
                <event date="1993-12-27" time="03:00:00" value="182.284"/>
                <event date="1993-12-27" time="03:15:00" value="182.264"/>
                <event date="1993-12-27" time="03:30:00" value="182.2453"/>
                <event date="1993-12-27" time="03:45:00" value="182.2293"/>
                <event date="1993-12-27" time="04:00:00" value="182.2158"/>
                <event date="1993-12-27" time="04:15:00" value="182.2055"/>
                <event date="1993-12-27" time="04:30:00" value="182.199"/>
                <event date="1993-12-27" time="04:45:00" value="182.1955"/>
                <event date="1993-12-27" time="05:00:00" value="182.1941"/>
                <event date="1993-12-27" time="05:15:00" value="182.196"/>
                <event date="1993-12-27" time="05:30:00" value="182.2043"/>
                <event date="1993-12-27" time="05:45:00" value="182.2212"/>
                <event date="1993-12-27" time="06:00:00" value="182.2434"/>
                <event date="1993-12-27" time="06:15:00" value="182.2651"/>
                <event date="1993-12-27" time="06:30:00" value="182.2826"/>
                <event date="1993-12-27" time="06:45:00" value="182.2944"/>
                <event date="1993-12-27" time="07:00:00" value="182.3016"/>
                <event date="1993-12-27" time="07:15:00" value="182.3067"/>
                <event date="1993-12-27" time="07:30:00" value="182.3078"/>
                <event date="1993-12-27" time="07:45:00" value="182.3008"/>
                <event date="1993-12-27" time="08:00:00" value="182.2857"/>
                <event date="1993-12-27" time="08:15:00" value="182.2655"/>
                <event date="1993-12-27" time="08:30:00" value="182.2444"/>
                <event date="1993-12-27" time="08:45:00" value="182.2266"/>
                <event date="1993-12-27" time="09:00:00" value="182.2131"/>
                <event date="1993-12-27" time="09:15:00" value="182.2036"/>
                <event date="1993-12-27" time="09:30:00" value="182.1978"/>
                <event date="1993-12-27" time="09:45:00" value="182.1946"/>
                <event date="1993-12-27" time="10:00:00" value="182.1932"/>
                <event date="1993-12-27" time="10:15:00" value="182.1938"/>
                <event date="1993-12-27" time="10:30:00" value="182.2019"/>
                <event date="1993-12-27" time="10:45:00" value="182.2152"/>
                <event date="1993-12-27" time="11:00:00" value="182.227"/>
                <event date="1993-12-27" time="11:15:00" value="182.2385"/>
                <event date="1993-12-27" time="11:30:00" value="182.2511"/>
                <event date="1993-12-27" time="11:45:00" value="182.2637"/>
                <event date="1993-12-27" time="12:00:00" value="182.2756"/>
                <event date="1993-12-27" time="12:15:00" value="182.284"/>
                <event date="1993-12-27" time="12:30:00" value="182.2868"/>
                <event date="1993-12-27" time="12:45:00" value="182.2857"/>
                <event date="1993-12-27" time="13:00:00" value="182.2811"/>
                <event date="1993-12-27" time="13:15:00" value="182.2716"/>
                <event date="1993-12-27" time="13:30:00" value="182.2576"/>
                <event date="1993-12-27" time="13:45:00" value="182.2421"/>
                <event date="1993-12-27" time="14:00:00" value="182.2276"/>
                <event date="1993-12-27" time="14:15:00" value="182.2147"/>
                <event date="1993-12-27" time="14:30:00" value="182.2044"/>
                <event date="1993-12-27" time="14:45:00" value="182.196"/>
                <event date="1993-12-27" time="15:00:00" value="182.1892"/>
                <event date="1993-12-27" time="15:15:00" value="182.1847"/>
                <event date="1993-12-27" time="15:30:00" value="182.1821"/>
                <event date="1993-12-27" time="15:45:00" value="182.1808"/>
                <event date="1993-12-27" time="16:00:00" value="182.1806"/>
                <event date="1993-12-27" time="16:15:00" value="182.1823"/>
                <event date="1993-12-27" time="16:30:00" value="182.1858"/>
                <event date="1993-12-27" time="16:45:00" value="182.1906"/>
                <event date="1993-12-27" time="17:00:00" value="182.196"/>
                <event date="1993-12-27" time="17:15:00" value="182.2018"/>
                <event date="1993-12-27" time="17:30:00" value="182.2073"/>
                <event date="1993-12-27" time="17:45:00" value="182.2111"/>
                <event date="1993-12-27" time="18:00:00" value="182.2133"/>
                <event date="1993-12-27" time="18:15:00" value="182.2144"/>
                <event date="1993-12-27" time="18:30:00" value="182.2148"/>
                <event date="1993-12-27" time="18:45:00" value="182.215"/>
                <event date="1993-12-27" time="19:00:00" value="182.2151"/>
                <event date="1993-12-27" time="19:15:00" value="182.2151"/>
                <event date="1993-12-27" time="19:30:00" value="182.2151"/>
                <event date="1993-12-27" time="19:45:00" value="182.2151"/>
                <event date="1993-12-27" time="20:00:00" value="182.2151"/>
                <event date="1993-12-27" time="20:15:00" value="182.2151"/>
                <event date="1993-12-27" time="20:30:00" value="182.2151"/>
                <event date="1993-12-27" time="20:45:00" value="182.2151"/>
                <event date="1993-12-27" time="21:00:00" value="182.2151"/>
                <event date="1993-12-27" time="21:15:00" value="182.2151"/>
                <event date="1993-12-27" time="21:30:00" value="182.2151"/>
                <event date="1993-12-27" time="21:45:00" value="182.2151"/>
                <event date="1993-12-27" time="22:00:00" value="182.2151"/>
                <event date="1993-12-27" time="22:15:00" value="182.2151"/>
                <event date="1993-12-27" time="22:30:00" value="182.2151"/>
                <event date="1993-12-27" time="22:45:00" value="182.2151"/>
                <event date="1993-12-27" time="23:00:00" value="182.2151"/>
                <event date="1993-12-27" time="23:15:00" value="182.2151"/>
                <event date="1993-12-27" time="23:30:00" value="182.215"/>
                <event date="1993-12-27" time="23:45:00" value="182.215"/>
                <event date="1993-12-28" time="00:00:00" value="182.215"/>
                <event date="1993-12-28" time="00:15:00" value="182.2149"/>
                <event date="1993-12-28" time="00:30:00" value="182.2149"/>
                <event date="1993-12-28" time="00:45:00" value="182.2149"/>
                <event date="1993-12-28" time="01:00:00" value="182.2149"/>
                <event date="1993-12-28" time="01:15:00" value="182.2149"/>
                <event date="1993-12-28" time="01:30:00" value="182.2149"/>
                <event date="1993-12-28" time="01:45:00" value="182.2149"/>
                <event date="1993-12-28" time="02:00:00" value="182.2149"/>
                <event date="1993-12-28" time="02:15:00" value="182.2149"/>
                <event date="1993-12-28" time="02:30:00" value="182.2149"/>
                <event date="1993-12-28" time="02:45:00" value="182.2149"/>
                <event date="1993-12-28" time="03:00:00" value="182.2148"/>
                <event date="1993-12-28" time="03:15:00" value="182.2148"/>
                <event date="1993-12-28" time="03:30:00" value="182.2148"/>
                <event date="1993-12-28" time="03:45:00" value="182.2148"/>
                <event date="1993-12-28" time="04:00:00" value="182.2148"/>
                <event date="1993-12-28" time="04:15:00" value="182.2148"/>
                <event date="1993-12-28" time="04:30:00" value="182.2148"/>
                <event date="1993-12-28" time="04:45:00" value="182.2148"/>
                <event date="1993-12-28" time="05:00:00" value="182.2148"/>
                <event date="1993-12-28" time="05:15:00" value="182.2144"/>
                <event date="1993-12-28" time="05:30:00" value="182.2123"/>
                <event date="1993-12-28" time="05:45:00" value="182.2087"/>
                <event date="1993-12-28" time="06:00:00" value="182.2039"/>
                <event date="1993-12-28" time="06:15:00" value="182.199"/>
                <event date="1993-12-28" time="06:30:00" value="182.1953"/>
                <event date="1993-12-28" time="06:45:00" value="182.1928"/>
                <event date="1993-12-28" time="07:00:00" value="182.1897"/>
                <event date="1993-12-28" time="07:15:00" value="182.1859"/>
                <event date="1993-12-28" time="07:30:00" value="182.1829"/>
                <event date="1993-12-28" time="07:45:00" value="182.181"/>
                <event date="1993-12-28" time="08:00:00" value="182.1799"/>
                <event date="1993-12-28" time="08:15:00" value="182.1795"/>
                <event date="1993-12-28" time="08:30:00" value="182.1792"/>
                <event date="1993-12-28" time="08:45:00" value="182.1788"/>
                <event date="1993-12-28" time="09:00:00" value="182.1768"/>
                <event date="1993-12-28" time="09:15:00" value="182.1736"/>
                <event date="1993-12-28" time="09:30:00" value="182.1707"/>
                <event date="1993-12-28" time="09:45:00" value="182.1687"/>
                <event date="1993-12-28" time="10:00:00" value="182.168"/>
                <event date="1993-12-28" time="10:15:00" value="182.1694"/>
                <event date="1993-12-28" time="10:30:00" value="182.1724"/>
                <event date="1993-12-28" time="10:45:00" value="182.1753"/>
                <event date="1993-12-28" time="11:00:00" value="182.1771"/>
                <event date="1993-12-28" time="11:15:00" value="182.1781"/>
                <event date="1993-12-28" time="11:30:00" value="182.1788"/>
                <event date="1993-12-28" time="11:45:00" value="182.181"/>
                <event date="1993-12-28" time="12:00:00" value="182.1844"/>
                <event date="1993-12-28" time="12:15:00" value="182.1873"/>
                <event date="1993-12-28" time="12:30:00" value="182.1891"/>
                <event date="1993-12-28" time="12:45:00" value="182.1901"/>
                <event date="1993-12-28" time="13:00:00" value="182.1905"/>
                <event date="1993-12-28" time="13:15:00" value="182.1907"/>
                <event date="1993-12-28" time="13:30:00" value="182.1908"/>
                <event date="1993-12-28" time="13:45:00" value="182.1908"/>
                <event date="1993-12-28" time="14:00:00" value="182.1908"/>
                <event date="1993-12-28" time="14:15:00" value="182.1908"/>
                <event date="1993-12-28" time="14:30:00" value="182.1908"/>
                <event date="1993-12-28" time="14:45:00" value="182.1907"/>
                <event date="1993-12-28" time="15:00:00" value="182.1907"/>
                <event date="1993-12-28" time="15:15:00" value="182.1907"/>
                <event date="1993-12-28" time="15:30:00" value="182.1907"/>
                <event date="1993-12-28" time="15:45:00" value="182.1904"/>
                <event date="1993-12-28" time="16:00:00" value="182.1884"/>
                <event date="1993-12-28" time="16:15:00" value="182.1851"/>
                <event date="1993-12-28" time="16:30:00" value="182.182"/>
                <event date="1993-12-28" time="16:45:00" value="182.1782"/>
                <event date="1993-12-28" time="17:00:00" value="182.174"/>
                <event date="1993-12-28" time="17:15:00" value="182.1707"/>
                <event date="1993-12-28" time="17:30:00" value="182.1686"/>
                <event date="1993-12-28" time="17:45:00" value="182.1675"/>
                <event date="1993-12-28" time="18:00:00" value="182.1666"/>
                <event date="1993-12-28" time="18:15:00" value="182.1645"/>
                <event date="1993-12-28" time="18:30:00" value="182.1612"/>
                <event date="1993-12-28" time="18:45:00" value="182.1582"/>
                <event date="1993-12-28" time="19:00:00" value="182.1562"/>
                <event date="1993-12-28" time="19:15:00" value="182.1551"/>
                <event date="1993-12-28" time="19:30:00" value="182.1546"/>
                <event date="1993-12-28" time="19:45:00" value="182.1543"/>
                <event date="1993-12-28" time="20:00:00" value="182.1542"/>
                <event date="1993-12-28" time="20:15:00" value="182.1542"/>
                <event date="1993-12-28" time="20:30:00" value="182.1541"/>
                <event date="1993-12-28" time="20:45:00" value="182.1541"/>
                <event date="1993-12-28" time="21:00:00" value="182.1541"/>
                <event date="1993-12-28" time="21:15:00" value="182.1541"/>
                <event date="1993-12-28" time="21:30:00" value="182.1543"/>
                <event date="1993-12-28" time="21:45:00" value="182.1561"/>
                <event date="1993-12-28" time="22:00:00" value="182.1594"/>
                <event date="1993-12-28" time="22:15:00" value="182.1624"/>
                <event date="1993-12-28" time="22:30:00" value="182.1643"/>
                <event date="1993-12-28" time="22:45:00" value="182.1656"/>
                <event date="1993-12-28" time="23:00:00" value="182.1681"/>
                <event date="1993-12-28" time="23:15:00" value="182.1716"/>
                <event date="1993-12-28" time="23:30:00" value="182.1746"/>
                <event date="1993-12-28" time="23:45:00" value="182.1765"/>
                <comment/>
        </series>
</TimeSeries>
